stop_id,hour,solar_azimuth,solar_elevation,in_building_shadow,has_shelter,exposed
node/21298371,12,134.4,61.7,True,False,False
node/95760547,12,134.4,61.7,False,True,False
node/95760548,12,134.4,61.7,False,False,True
node/95760550,12,134.4,61.7,True,False,False
node/95766440,12,134.4,61.7,True,True,False
node/95766815,12,134.4,61.7,False,False,True
node/102254906,12,134.4,61.7,False,True,False
node/114340464,12,134.4,61.7,False,True,False
node/114359530,12,134.4,61.7,False,True,False
node/114359538,12,134.4,61.7,False,False,True
node/114359562,12,134.4,61.7,False,True,False
node/114359572,12,134.4,61.7,False,True,False
node/245477294,12,134.4,61.7,False,True,False
node/245557029,12,134.4,61.7,False,True,False
node/245557039,12,134.4,61.7,False,True,False
node/245557048,12,134.4,61.7,False,True,False
node/245557054,12,134.4,61.7,False,True,False
node/245566207,12,134.4,61.7,True,False,False
node/248225549,12,134.4,61.7,False,True,False
node/251745095,12,134.4,61.7,True,True,False
node/260349632,12,134.4,61.7,False,False,True
node/260349654,12,134.4,61.7,True,True,False
node/260350380,12,134.4,61.7,False,True,False
node/260350384,12,134.4,61.7,False,True,False
node/260350759,12,134.4,61.7,False,True,False
node/268403389,12,134.4,61.7,False,True,False
node/268403390,12,134.4,61.7,False,True,False
node/268403415,12,134.4,61.7,False,True,False
node/268403421,12,134.4,61.7,False,True,False
node/271199334,12,134.4,61.7,False,False,True
node/281014139,12,134.4,61.7,False,False,True
node/281014594,12,134.4,61.7,False,True,False
node/282012567,12,134.4,61.7,False,True,False
node/282014871,12,134.4,61.7,False,True,False
node/292089713,12,134.4,61.7,False,True,False
node/306412919,12,134.4,61.7,False,True,False
node/306596480,12,134.4,61.7,False,True,False
node/343365115,12,134.4,61.7,False,True,False
node/345361935,12,134.4,61.7,True,False,False
node/345361940,12,134.4,61.7,False,True,False
node/345361945,12,134.4,61.7,False,False,True
node/345361952,12,134.4,61.7,False,True,False
node/365547378,12,134.4,61.7,False,True,False
node/365561354,12,134.4,61.7,False,False,True
node/428296354,12,134.4,61.7,False,True,False
node/428787332,12,134.4,61.7,False,True,False
node/428791961,12,134.4,61.7,False,True,False
node/429185332,12,134.4,61.7,False,True,False
node/429187148,12,134.4,61.7,False,False,True
node/429187149,12,134.4,61.7,False,True,False
node/432845451,12,134.4,61.7,False,True,False
node/432845456,12,134.4,61.7,False,True,False
node/441590515,12,134.4,61.7,False,True,False
node/441590516,12,134.4,61.7,False,True,False
node/506111737,12,134.4,61.7,False,True,False
node/540813432,12,134.4,61.7,True,False,False
node/583399850,12,134.4,61.7,False,True,False
node/615041486,12,134.4,61.7,False,False,True
node/634639449,12,134.4,61.7,False,True,False
node/634639645,12,134.4,61.7,False,True,False
node/642433231,12,134.4,61.7,False,True,False
node/642433232,12,134.4,61.7,False,True,False
node/642433233,12,134.4,61.7,False,True,False
node/643630956,12,134.4,61.7,False,True,False
node/643630958,12,134.4,61.7,False,False,True
node/645389866,12,134.4,61.7,False,True,False
node/645389873,12,134.4,61.7,False,False,True
node/645389878,12,134.4,61.7,False,False,True
node/645389913,12,134.4,61.7,False,True,False
node/645389918,12,134.4,61.7,False,True,False
node/645389928,12,134.4,61.7,False,True,False
node/647201933,12,134.4,61.7,False,True,False
node/647201935,12,134.4,61.7,False,True,False
node/648626763,12,134.4,61.7,False,True,False
node/648626772,12,134.4,61.7,False,True,False
node/648626781,12,134.4,61.7,False,True,False
node/648626782,12,134.4,61.7,False,True,False
node/648626783,12,134.4,61.7,True,True,False
node/648626786,12,134.4,61.7,False,True,False
node/648653672,12,134.4,61.7,False,False,True
node/648653719,12,134.4,61.7,False,True,False
node/649739307,12,134.4,61.7,False,True,False
node/649739313,12,134.4,61.7,False,True,False
node/649739318,12,134.4,61.7,False,True,False
node/649739404,12,134.4,61.7,False,True,False
node/649739407,12,134.4,61.7,False,True,False
node/649739411,12,134.4,61.7,False,True,False
node/649739415,12,134.4,61.7,False,True,False
node/649739510,12,134.4,61.7,False,True,False
node/649739564,12,134.4,61.7,False,True,False
node/649739566,12,134.4,61.7,False,True,False
node/650781102,12,134.4,61.7,False,True,False
node/650781127,12,134.4,61.7,False,False,True
node/650781131,12,134.4,61.7,False,True,False
node/653771340,12,134.4,61.7,False,True,False
node/654538356,12,134.4,61.7,False,True,False
node/654538374,12,134.4,61.7,False,True,False
node/654538375,12,134.4,61.7,False,True,False
node/654538389,12,134.4,61.7,False,True,False
node/654538397,12,134.4,61.7,False,True,False
node/654538401,12,134.4,61.7,False,True,False
node/654538411,12,134.4,61.7,False,True,False
node/654538442,12,134.4,61.7,False,True,False
node/654538443,12,134.4,61.7,False,False,True
node/654538451,12,134.4,61.7,False,True,False
node/654538454,12,134.4,61.7,False,True,False
node/654538457,12,134.4,61.7,False,True,False
node/654538460,12,134.4,61.7,False,True,False
node/654538463,12,134.4,61.7,False,True,False
node/654538466,12,134.4,61.7,False,True,False
node/654538473,12,134.4,61.7,False,False,True
node/654538490,12,134.4,61.7,False,True,False
node/655335119,12,134.4,61.7,False,True,False
node/655335152,12,134.4,61.7,False,True,False
node/655335180,12,134.4,61.7,False,True,False
node/655335182,12,134.4,61.7,True,False,False
node/655335201,12,134.4,61.7,False,True,False
node/656735044,12,134.4,61.7,False,True,False
node/656735048,12,134.4,61.7,False,True,False
node/656735052,12,134.4,61.7,True,False,False
node/656735055,12,134.4,61.7,False,True,False
node/656735065,12,134.4,61.7,False,True,False
node/656735070,12,134.4,61.7,False,True,False
node/656735073,12,134.4,61.7,False,True,False
node/656735077,12,134.4,61.7,False,False,True
node/656735078,12,134.4,61.7,False,True,False
node/656735081,12,134.4,61.7,False,True,False
node/656735085,12,134.4,61.7,False,False,True
node/656863421,12,134.4,61.7,False,True,False
node/656863425,12,134.4,61.7,False,True,False
node/656863430,12,134.4,61.7,False,True,False
node/656863433,12,134.4,61.7,True,True,False
node/656863437,12,134.4,61.7,False,True,False
node/656863438,12,134.4,61.7,False,True,False
node/656863440,12,134.4,61.7,False,True,False
node/656863441,12,134.4,61.7,False,True,False
node/656863442,12,134.4,61.7,False,True,False
node/656863443,12,134.4,61.7,False,True,False
node/656863444,12,134.4,61.7,False,True,False
node/656863445,12,134.4,61.7,True,True,False
node/658877712,12,134.4,61.7,False,False,True
node/658877713,12,134.4,61.7,False,False,True
node/658877718,12,134.4,61.7,False,True,False
node/658911165,12,134.4,61.7,False,True,False
node/658911193,12,134.4,61.7,False,False,True
node/658911195,12,134.4,61.7,False,False,True
node/658911196,12,134.4,61.7,False,True,False
node/658911197,12,134.4,61.7,False,True,False
node/659563415,12,134.4,61.7,False,False,True
node/659563416,12,134.4,61.7,False,False,True
node/660867285,12,134.4,61.7,False,True,False
node/660867286,12,134.4,61.7,False,True,False
node/660867287,12,134.4,61.7,False,True,False
node/660867288,12,134.4,61.7,False,False,True
node/660867289,12,134.4,61.7,False,True,False
node/660867290,12,134.4,61.7,False,True,False
node/660867292,12,134.4,61.7,True,False,False
node/660867293,12,134.4,61.7,False,True,False
node/660867294,12,134.4,61.7,False,True,False
node/660867295,12,134.4,61.7,False,False,True
node/660867296,12,134.4,61.7,False,True,False
node/660867298,12,134.4,61.7,False,True,False
node/660867299,12,134.4,61.7,False,True,False
node/660867300,12,134.4,61.7,False,False,True
node/660867304,12,134.4,61.7,False,True,False
node/660867305,12,134.4,61.7,False,False,True
node/660867312,12,134.4,61.7,False,False,True
node/660867313,12,134.4,61.7,False,False,True
node/660867314,12,134.4,61.7,False,True,False
node/660867315,12,134.4,61.7,False,True,False
node/660867316,12,134.4,61.7,False,False,True
node/660867317,12,134.4,61.7,False,True,False
node/660867318,12,134.4,61.7,False,True,False
node/660867324,12,134.4,61.7,False,True,False
node/660867325,12,134.4,61.7,False,True,False
node/660867326,12,134.4,61.7,False,True,False
node/660867327,12,134.4,61.7,False,False,True
node/660867339,12,134.4,61.7,False,True,False
node/660867340,12,134.4,61.7,False,True,False
node/660867344,12,134.4,61.7,False,True,False
node/660867345,12,134.4,61.7,False,True,False
node/660867346,12,134.4,61.7,False,True,False
node/660867347,12,134.4,61.7,False,True,False
node/660867349,12,134.4,61.7,False,False,True
node/660880366,12,134.4,61.7,False,True,False
node/660880367,12,134.4,61.7,False,True,False
node/661288871,12,134.4,61.7,False,False,True
node/661288898,12,134.4,61.7,False,True,False
node/661288904,12,134.4,61.7,False,False,True
node/661288911,12,134.4,61.7,False,False,True
node/661288915,12,134.4,61.7,False,True,False
node/661288930,12,134.4,61.7,False,False,True
node/661288941,12,134.4,61.7,False,True,False
node/661288968,12,134.4,61.7,False,False,True
node/661757871,12,134.4,61.7,False,False,True
node/661757872,12,134.4,61.7,False,True,False
node/661757877,12,134.4,61.7,False,True,False
node/661757879,12,134.4,61.7,False,False,True
node/661757880,12,134.4,61.7,False,True,False
node/661757882,12,134.4,61.7,False,True,False
node/661757898,12,134.4,61.7,False,True,False
node/661757908,12,134.4,61.7,False,True,False
node/661757910,12,134.4,61.7,False,True,False
node/661757912,12,134.4,61.7,False,True,False
node/661757915,12,134.4,61.7,False,True,False
node/661757917,12,134.4,61.7,False,True,False
node/661757918,12,134.4,61.7,False,True,False
node/661773006,12,134.4,61.7,False,True,False
node/661773007,12,134.4,61.7,False,True,False
node/661773011,12,134.4,61.7,False,True,False
node/661829363,12,134.4,61.7,False,True,False
node/661829364,12,134.4,61.7,False,False,True
node/661829365,12,134.4,61.7,False,True,False
node/661829366,12,134.4,61.7,False,True,False
node/661829367,12,134.4,61.7,False,True,False
node/661829369,12,134.4,61.7,True,False,False
node/661829371,12,134.4,61.7,False,True,False
node/661829374,12,134.4,61.7,False,True,False
node/661829376,12,134.4,61.7,False,True,False
node/661902193,12,134.4,61.7,False,False,True
node/661902212,12,134.4,61.7,False,True,False
node/662188142,12,134.4,61.7,False,False,True
node/662249354,12,134.4,61.7,True,True,False
node/662249355,12,134.4,61.7,False,False,True
node/662287133,12,134.4,61.7,False,False,True
node/662287136,12,134.4,61.7,False,False,True
node/662287137,12,134.4,61.7,False,True,False
node/662287139,12,134.4,61.7,True,False,False
node/662287141,12,134.4,61.7,False,True,False
node/662287142,12,134.4,61.7,False,False,True
node/662300553,12,134.4,61.7,False,False,True
node/662300555,12,134.4,61.7,False,True,False
node/662300556,12,134.4,61.7,False,True,False
node/662300559,12,134.4,61.7,False,True,False
node/662300561,12,134.4,61.7,False,True,False
node/662300562,12,134.4,61.7,False,True,False
node/662300563,12,134.4,61.7,False,True,False
node/662300564,12,134.4,61.7,False,False,True
node/662300565,12,134.4,61.7,False,False,True
node/662344054,12,134.4,61.7,False,True,False
node/662344055,12,134.4,61.7,False,False,True
node/662344057,12,134.4,61.7,False,True,False
node/662438476,12,134.4,61.7,False,True,False
node/662585054,12,134.4,61.7,False,False,True
node/662585056,12,134.4,61.7,False,True,False
node/662585059,12,134.4,61.7,False,True,False
node/662585063,12,134.4,61.7,True,False,False
node/662585066,12,134.4,61.7,True,True,False
node/662585070,12,134.4,61.7,False,True,False
node/662585073,12,134.4,61.7,False,True,False
node/662585078,12,134.4,61.7,False,False,True
node/662585081,12,134.4,61.7,False,True,False
node/662585084,12,134.4,61.7,False,True,False
node/663389725,12,134.4,61.7,False,True,False
node/663389729,12,134.4,61.7,False,False,True
node/663825165,12,134.4,61.7,False,False,True
node/663825168,12,134.4,61.7,False,False,True
node/663825170,12,134.4,61.7,False,True,False
node/663868617,12,134.4,61.7,False,True,False
node/663868618,12,134.4,61.7,False,False,True
node/663868619,12,134.4,61.7,False,True,False
node/664389964,12,134.4,61.7,False,False,True
node/667196516,12,134.4,61.7,False,True,False
node/674736277,12,134.4,61.7,False,True,False
node/676643327,12,134.4,61.7,False,True,False
node/676643331,12,134.4,61.7,False,True,False
node/676643332,12,134.4,61.7,False,True,False
node/676643334,12,134.4,61.7,False,True,False
node/676691581,12,134.4,61.7,False,True,False
node/676691586,12,134.4,61.7,False,True,False
node/676691589,12,134.4,61.7,True,True,False
node/676691594,12,134.4,61.7,False,False,True
node/676691598,12,134.4,61.7,False,False,True
node/676691604,12,134.4,61.7,False,False,True
node/676700279,12,134.4,61.7,False,True,False
node/676738424,12,134.4,61.7,False,True,False
node/676738427,12,134.4,61.7,False,True,False
node/676738429,12,134.4,61.7,False,True,False
node/676738431,12,134.4,61.7,False,True,False
node/676738433,12,134.4,61.7,False,False,True
node/676745533,12,134.4,61.7,False,False,True
node/678880586,12,134.4,61.7,False,True,False
node/678880588,12,134.4,61.7,False,True,False
node/678880589,12,134.4,61.7,False,True,False
node/678880590,12,134.4,61.7,False,False,True
node/678880591,12,134.4,61.7,True,False,False
node/678880592,12,134.4,61.7,False,True,False
node/678880593,12,134.4,61.7,True,False,False
node/678880594,12,134.4,61.7,False,False,True
node/678880595,12,134.4,61.7,False,False,True
node/678880597,12,134.4,61.7,True,True,False
node/678880608,12,134.4,61.7,False,True,False
node/678880610,12,134.4,61.7,True,False,False
node/678880612,12,134.4,61.7,True,False,False
node/678880613,12,134.4,61.7,False,False,True
node/679447426,12,134.4,61.7,False,True,False
node/679475723,12,134.4,61.7,False,False,True
node/679475726,12,134.4,61.7,True,True,False
node/679475728,12,134.4,61.7,False,True,False
node/679475731,12,134.4,61.7,True,False,False
node/679479311,12,134.4,61.7,False,True,False
node/680299285,12,134.4,61.7,False,True,False
node/680377132,12,134.4,61.7,False,True,False
node/680520275,12,134.4,61.7,False,True,False
node/680520281,12,134.4,61.7,False,True,False
node/680520285,12,134.4,61.7,False,False,True
node/680520294,12,134.4,61.7,False,True,False
node/680520299,12,134.4,61.7,False,False,True
node/680520328,12,134.4,61.7,False,False,True
node/680520333,12,134.4,61.7,False,True,False
node/680520338,12,134.4,61.7,False,False,True
node/680520342,12,134.4,61.7,False,False,True
node/680520360,12,134.4,61.7,False,True,False
node/687864649,12,134.4,61.7,True,False,False
node/692073197,12,134.4,61.7,False,True,False
node/692073222,12,134.4,61.7,False,False,True
node/693683785,12,134.4,61.7,False,False,True
node/693933529,12,134.4,61.7,False,True,False
node/693933532,12,134.4,61.7,False,False,True
node/705535132,12,134.4,61.7,False,True,False
node/705664753,12,134.4,61.7,False,True,False
node/705685629,12,134.4,61.7,False,False,True
node/705704754,12,134.4,61.7,False,False,True
node/705704795,12,134.4,61.7,False,False,True
node/705704828,12,134.4,61.7,False,False,True
node/705722195,12,134.4,61.7,False,True,False
node/705722196,12,134.4,61.7,False,False,True
node/705722197,12,134.4,61.7,False,True,False
node/705722198,12,134.4,61.7,False,True,False
node/705722199,12,134.4,61.7,False,False,True
node/705722205,12,134.4,61.7,False,True,False
node/705722208,12,134.4,61.7,False,False,True
node/705722221,12,134.4,61.7,False,True,False
node/706725638,12,134.4,61.7,False,True,False
node/708087631,12,134.4,61.7,True,False,False
node/708087634,12,134.4,61.7,False,True,False
node/708087640,12,134.4,61.7,False,True,False
node/708087642,12,134.4,61.7,False,True,False
node/708087644,12,134.4,61.7,True,False,False
node/708087647,12,134.4,61.7,False,False,True
node/708087651,12,134.4,61.7,False,True,False
node/708123785,12,134.4,61.7,False,True,False
node/708123787,12,134.4,61.7,True,True,False
node/708123789,12,134.4,61.7,False,True,False
node/708123793,12,134.4,61.7,False,True,False
node/714175316,12,134.4,61.7,False,True,False
node/714175323,12,134.4,61.7,False,False,True
node/714175327,12,134.4,61.7,False,False,True
node/714175330,12,134.4,61.7,False,False,True
node/714175333,12,134.4,61.7,False,True,False
node/714175337,12,134.4,61.7,False,True,False
node/714175341,12,134.4,61.7,False,True,False
node/714307639,12,134.4,61.7,False,True,False
node/714307640,12,134.4,61.7,False,True,False
node/714307641,12,134.4,61.7,False,True,False
node/714307642,12,134.4,61.7,False,True,False
node/714307643,12,134.4,61.7,False,True,False
node/714307644,12,134.4,61.7,False,True,False
node/714307646,12,134.4,61.7,False,True,False
node/714307653,12,134.4,61.7,False,True,False
node/714307655,12,134.4,61.7,False,True,False
node/714331149,12,134.4,61.7,False,True,False
node/714331150,12,134.4,61.7,False,True,False
node/715795985,12,134.4,61.7,False,True,False
node/715795988,12,134.4,61.7,False,True,False
node/715795997,12,134.4,61.7,False,True,False
node/715795999,12,134.4,61.7,False,True,False
node/715796009,12,134.4,61.7,False,True,False
node/715796017,12,134.4,61.7,False,True,False
node/715796020,12,134.4,61.7,False,False,True
node/715827009,12,134.4,61.7,False,True,False
node/715827015,12,134.4,61.7,False,True,False
node/715948229,12,134.4,61.7,False,False,True
node/715948266,12,134.4,61.7,False,False,True
node/715987136,12,134.4,61.7,False,True,False
node/715987152,12,134.4,61.7,False,True,False
node/715987155,12,134.4,61.7,False,True,False
node/715987157,12,134.4,61.7,False,True,False
node/715987159,12,134.4,61.7,False,True,False
node/715987161,12,134.4,61.7,False,True,False
node/716008478,12,134.4,61.7,False,True,False
node/716008561,12,134.4,61.7,False,True,False
node/716008564,12,134.4,61.7,False,True,False
node/716008566,12,134.4,61.7,False,False,True
node/716008568,12,134.4,61.7,False,True,False
node/716008570,12,134.4,61.7,False,True,False
node/716015766,12,134.4,61.7,False,True,False
node/716023939,12,134.4,61.7,False,True,False
node/716023940,12,134.4,61.7,False,True,False
node/716023943,12,134.4,61.7,False,True,False
node/716023944,12,134.4,61.7,False,True,False
node/716023945,12,134.4,61.7,False,True,False
node/716023947,12,134.4,61.7,False,True,False
node/717641269,12,134.4,61.7,False,False,True
node/717641278,12,134.4,61.7,False,True,False
node/717641294,12,134.4,61.7,False,True,False
node/717641295,12,134.4,61.7,False,True,False
node/717641335,12,134.4,61.7,False,True,False
node/717641337,12,134.4,61.7,False,False,True
node/723173231,12,134.4,61.7,True,False,False
node/723278918,12,134.4,61.7,False,True,False
node/723278937,12,134.4,61.7,False,False,True
node/723278949,12,134.4,61.7,True,False,False
node/723278960,12,134.4,61.7,False,True,False
node/726880667,12,134.4,61.7,False,False,True
node/726880696,12,134.4,61.7,False,False,True
node/726880711,12,134.4,61.7,True,True,False
node/726880721,12,134.4,61.7,False,True,False
node/726880760,12,134.4,61.7,False,False,True
node/726899485,12,134.4,61.7,False,True,False
node/726905052,12,134.4,61.7,False,False,True
node/726923443,12,134.4,61.7,True,False,False
node/726927282,12,134.4,61.7,False,True,False
node/726927283,12,134.4,61.7,False,True,False
node/727781189,12,134.4,61.7,False,False,True
node/727781213,12,134.4,61.7,False,True,False
node/727781214,12,134.4,61.7,False,True,False
node/727802743,12,134.4,61.7,False,False,True
node/727802745,12,134.4,61.7,False,False,True
node/729049314,12,134.4,61.7,False,False,True
node/729049328,12,134.4,61.7,False,True,False
node/729049334,12,134.4,61.7,False,True,False
node/729049339,12,134.4,61.7,False,True,False
node/729049346,12,134.4,61.7,False,True,False
node/729049367,12,134.4,61.7,False,True,False
node/729049373,12,134.4,61.7,False,True,False
node/729049377,12,134.4,61.7,False,True,False
node/729049383,12,134.4,61.7,False,True,False
node/729049385,12,134.4,61.7,False,True,False
node/729049388,12,134.4,61.7,False,True,False
node/729049391,12,134.4,61.7,False,True,False
node/729049395,12,134.4,61.7,False,True,False
node/729049397,12,134.4,61.7,False,True,False
node/729313995,12,134.4,61.7,False,True,False
node/729313996,12,134.4,61.7,False,True,False
node/729313999,12,134.4,61.7,False,True,False
node/729314003,12,134.4,61.7,False,True,False
node/729314006,12,134.4,61.7,False,True,False
node/729314009,12,134.4,61.7,False,True,False
node/729314010,12,134.4,61.7,False,True,False
node/729314013,12,134.4,61.7,False,True,False
node/729314014,12,134.4,61.7,False,True,False
node/729314016,12,134.4,61.7,False,True,False
node/729314017,12,134.4,61.7,False,True,False
node/729314018,12,134.4,61.7,True,True,False
node/729314022,12,134.4,61.7,False,True,False
node/729314023,12,134.4,61.7,False,True,False
node/729314024,12,134.4,61.7,False,True,False
node/729314025,12,134.4,61.7,False,True,False
node/729314026,12,134.4,61.7,False,True,False
node/729314027,12,134.4,61.7,False,True,False
node/729314028,12,134.4,61.7,False,True,False
node/729314029,12,134.4,61.7,False,True,False
node/729314030,12,134.4,61.7,True,True,False
node/729314031,12,134.4,61.7,False,True,False
node/729314034,12,134.4,61.7,False,True,False
node/729314035,12,134.4,61.7,False,True,False
node/729314036,12,134.4,61.7,False,True,False
node/729314038,12,134.4,61.7,False,True,False
node/729314039,12,134.4,61.7,False,True,False
node/729314040,12,134.4,61.7,False,False,True
node/729314041,12,134.4,61.7,False,True,False
node/729314042,12,134.4,61.7,False,True,False
node/729314043,12,134.4,61.7,False,True,False
node/729314044,12,134.4,61.7,False,False,True
node/729314045,12,134.4,61.7,False,True,False
node/729314046,12,134.4,61.7,False,True,False
node/729314047,12,134.4,61.7,False,True,False
node/729314048,12,134.4,61.7,False,True,False
node/729314050,12,134.4,61.7,False,True,False
node/729314052,12,134.4,61.7,False,True,False
node/729314064,12,134.4,61.7,False,True,False
node/729314066,12,134.4,61.7,False,False,True
node/729314068,12,134.4,61.7,False,True,False
node/729314070,12,134.4,61.7,False,True,False
node/736901117,12,134.4,61.7,False,False,True
node/736901118,12,134.4,61.7,False,True,False
node/745843278,12,134.4,61.7,False,False,True
node/745843542,12,134.4,61.7,False,False,True
node/745843545,12,134.4,61.7,False,False,True
node/745843563,12,134.4,61.7,False,False,True
node/745843569,12,134.4,61.7,False,False,True
node/745843571,12,134.4,61.7,False,False,True
node/745843576,12,134.4,61.7,False,False,True
node/745843585,12,134.4,61.7,False,False,True
node/745843596,12,134.4,61.7,False,False,True
node/745843602,12,134.4,61.7,False,False,True
node/745843611,12,134.4,61.7,False,True,False
node/745843617,12,134.4,61.7,True,True,False
node/745843620,12,134.4,61.7,False,False,True
node/745843621,12,134.4,61.7,False,True,False
node/745843639,12,134.4,61.7,False,True,False
node/745843644,12,134.4,61.7,False,False,True
node/745843650,12,134.4,61.7,False,False,True
node/745843653,12,134.4,61.7,False,False,True
node/745843668,12,134.4,61.7,False,True,False
node/745843686,12,134.4,61.7,False,True,False
node/745843689,12,134.4,61.7,False,False,True
node/745843700,12,134.4,61.7,False,False,True
node/745843718,12,134.4,61.7,False,True,False
node/745843722,12,134.4,61.7,False,True,False
node/745843747,12,134.4,61.7,False,False,True
node/745843781,12,134.4,61.7,False,True,False
node/745843793,12,134.4,61.7,False,True,False
node/745843795,12,134.4,61.7,False,True,False
node/745843804,12,134.4,61.7,False,True,False
node/745843817,12,134.4,61.7,False,False,True
node/747373723,12,134.4,61.7,False,True,False
node/749915461,12,134.4,61.7,False,False,True
node/749915469,12,134.4,61.7,False,True,False
node/749915496,12,134.4,61.7,False,True,False
node/749915501,12,134.4,61.7,False,True,False
node/776998377,12,134.4,61.7,False,False,True
node/776998421,12,134.4,61.7,False,True,False
node/776998536,12,134.4,61.7,False,True,False
node/776998611,12,134.4,61.7,False,True,False
node/776998622,12,134.4,61.7,False,True,False
node/776998653,12,134.4,61.7,False,True,False
node/776998658,12,134.4,61.7,False,True,False
node/776998702,12,134.4,61.7,False,True,False
node/776998708,12,134.4,61.7,False,True,False
node/785897777,12,134.4,61.7,False,True,False
node/785897978,12,134.4,61.7,False,True,False
node/793812415,12,134.4,61.7,False,True,False
node/886417884,12,134.4,61.7,False,True,False
node/886547417,12,134.4,61.7,False,True,False
node/886547790,12,134.4,61.7,False,True,False
node/895947217,12,134.4,61.7,False,True,False
node/935738120,12,134.4,61.7,False,True,False
node/935738124,12,134.4,61.7,False,True,False
node/935738170,12,134.4,61.7,False,True,False
node/959824618,12,134.4,61.7,True,True,False
node/959824625,12,134.4,61.7,False,False,True
node/959824630,12,134.4,61.7,False,True,False
node/959824634,12,134.4,61.7,False,True,False
node/959824649,12,134.4,61.7,False,True,False
node/959824652,12,134.4,61.7,False,True,False
node/959824653,12,134.4,61.7,False,True,False
node/959824656,12,134.4,61.7,False,True,False
node/959824657,12,134.4,61.7,True,False,False
node/959824659,12,134.4,61.7,False,False,True
node/959824660,12,134.4,61.7,False,True,False
node/959824663,12,134.4,61.7,False,True,False
node/959824666,12,134.4,61.7,False,True,False
node/959824668,12,134.4,61.7,False,True,False
node/959824671,12,134.4,61.7,False,False,True
node/981872291,12,134.4,61.7,False,True,False
node/981872301,12,134.4,61.7,False,True,False
node/981872303,12,134.4,61.7,False,True,False
node/981872304,12,134.4,61.7,False,True,False
node/982682845,12,134.4,61.7,False,False,True
node/982682846,12,134.4,61.7,False,False,True
node/982682847,12,134.4,61.7,False,True,False
node/982855592,12,134.4,61.7,False,True,False
node/983814549,12,134.4,61.7,False,True,False
node/992112751,12,134.4,61.7,False,True,False
node/992112753,12,134.4,61.7,False,True,False
node/992113410,12,134.4,61.7,False,True,False
node/994009755,12,134.4,61.7,False,True,False
node/994089720,12,134.4,61.7,False,True,False
node/994089728,12,134.4,61.7,True,True,False
node/994089735,12,134.4,61.7,False,False,True
node/994118008,12,134.4,61.7,True,False,False
node/994118017,12,134.4,61.7,True,True,False
node/994132203,12,134.4,61.7,False,False,True
node/994147890,12,134.4,61.7,True,False,False
node/994147892,12,134.4,61.7,True,True,False
node/994147895,12,134.4,61.7,False,False,True
node/994147905,12,134.4,61.7,True,False,False
node/994147907,12,134.4,61.7,False,False,True
node/994183875,12,134.4,61.7,False,False,True
node/994183913,12,134.4,61.7,False,True,False
node/994183921,12,134.4,61.7,False,False,True
node/994183929,12,134.4,61.7,False,False,True
node/996118014,12,134.4,61.7,False,True,False
node/996118054,12,134.4,61.7,False,True,False
node/996190138,12,134.4,61.7,False,True,False
node/996572168,12,134.4,61.7,False,False,True
node/996572180,12,134.4,61.7,False,False,True
node/996572322,12,134.4,61.7,False,True,False
node/997306488,12,134.4,61.7,False,False,True
node/998207278,12,134.4,61.7,True,False,False
node/998638141,12,134.4,61.7,False,True,False
node/998638179,12,134.4,61.7,False,True,False
node/998759971,12,134.4,61.7,False,False,True
node/998807645,12,134.4,61.7,False,True,False
node/998807657,12,134.4,61.7,False,True,False
node/1003229677,12,134.4,61.7,False,True,False
node/1003229681,12,134.4,61.7,False,True,False
node/1003229692,12,134.4,61.7,True,True,False
node/1003229702,12,134.4,61.7,False,True,False
node/1003229707,12,134.4,61.7,False,True,False
node/1003229715,12,134.4,61.7,False,True,False
node/1003229718,12,134.4,61.7,False,True,False
node/1003229728,12,134.4,61.7,False,True,False
node/1003229735,12,134.4,61.7,False,True,False
node/1003229737,12,134.4,61.7,False,True,False
node/1003229752,12,134.4,61.7,False,True,False
node/1003276458,12,134.4,61.7,False,True,False
node/1003276459,12,134.4,61.7,False,True,False
node/1003276463,12,134.4,61.7,False,True,False
node/1003276465,12,134.4,61.7,False,True,False
node/1003276466,12,134.4,61.7,False,True,False
node/1003276473,12,134.4,61.7,True,True,False
node/1004444450,12,134.4,61.7,False,True,False
node/1004444476,12,134.4,61.7,False,False,True
node/1004444491,12,134.4,61.7,False,True,False
node/1006057366,12,134.4,61.7,False,True,False
node/1006057367,12,134.4,61.7,False,True,False
node/1006057386,12,134.4,61.7,False,True,False
node/1006191591,12,134.4,61.7,False,False,True
node/1009311669,12,134.4,61.7,False,True,False
node/1009311749,12,134.4,61.7,False,True,False
node/1009311797,12,134.4,61.7,False,False,True
node/1009311852,12,134.4,61.7,False,False,True
node/1009311915,12,134.4,61.7,False,True,False
node/1009311952,12,134.4,61.7,False,True,False
node/1009311965,12,134.4,61.7,False,True,False
node/1009311968,12,134.4,61.7,True,False,False
node/1009312027,12,134.4,61.7,False,True,False
node/1009312067,12,134.4,61.7,True,True,False
node/1009312095,12,134.4,61.7,False,False,True
node/1009312121,12,134.4,61.7,False,False,True
node/1011790277,12,134.4,61.7,False,True,False
node/1011790316,12,134.4,61.7,False,True,False
node/1011790353,12,134.4,61.7,False,True,False
node/1011790361,12,134.4,61.7,False,True,False
node/1011790364,12,134.4,61.7,False,True,False
node/1011790393,12,134.4,61.7,False,False,True
node/1011790396,12,134.4,61.7,False,True,False
node/1011790409,12,134.4,61.7,False,False,True
node/1011790418,12,134.4,61.7,False,True,False
node/1011790481,12,134.4,61.7,False,True,False
node/1011790502,12,134.4,61.7,False,True,False
node/1018022682,12,134.4,61.7,False,False,True
node/1018022684,12,134.4,61.7,False,True,False
node/1027462220,12,134.4,61.7,False,False,True
node/1028229243,12,134.4,61.7,False,True,False
node/1028305084,12,134.4,61.7,False,False,True
node/1028305247,12,134.4,61.7,True,False,False
node/1028830776,12,134.4,61.7,False,False,True
node/1028830979,12,134.4,61.7,False,False,True
node/1030280352,12,134.4,61.7,False,True,False
node/1030280471,12,134.4,61.7,False,True,False
node/1030280474,12,134.4,61.7,False,True,False
node/1097841709,12,134.4,61.7,False,False,True
node/1097841716,12,134.4,61.7,False,True,False
node/1097841737,12,134.4,61.7,False,True,False
node/1097841741,12,134.4,61.7,False,False,True
node/1097841742,12,134.4,61.7,False,True,False
node/1097841743,12,134.4,61.7,False,True,False
node/1097841752,12,134.4,61.7,False,False,True
node/1103678784,12,134.4,61.7,False,False,True
node/1112456261,12,134.4,61.7,True,False,False
node/1119024747,12,134.4,61.7,False,True,False
node/1134256752,12,134.4,61.7,False,True,False
node/1137794310,12,134.4,61.7,True,True,False
node/1137802570,12,134.4,61.7,False,False,True
node/1137802579,12,134.4,61.7,False,False,True
node/1137818886,12,134.4,61.7,False,False,True
node/1137818887,12,134.4,61.7,False,False,True
node/1137830092,12,134.4,61.7,False,True,False
node/1137830094,12,134.4,61.7,False,False,True
node/1137830095,12,134.4,61.7,False,False,True
node/1137872245,12,134.4,61.7,False,False,True
node/1137872285,12,134.4,61.7,False,True,False
node/1137958736,12,134.4,61.7,False,True,False
node/1137973396,12,134.4,61.7,False,True,False
node/1137973399,12,134.4,61.7,False,True,False
node/1138006269,12,134.4,61.7,False,True,False
node/1138006277,12,134.4,61.7,False,False,True
node/1138036121,12,134.4,61.7,False,True,False
node/1272557317,12,134.4,61.7,False,False,True
node/1272557326,12,134.4,61.7,False,True,False
node/1272557340,12,134.4,61.7,False,True,False
node/1272557344,12,134.4,61.7,False,False,True
node/1272557365,12,134.4,61.7,False,True,False
node/1272557389,12,134.4,61.7,False,False,True
node/1272557552,12,134.4,61.7,False,True,False
node/1272557584,12,134.4,61.7,True,False,False
node/1272557592,12,134.4,61.7,False,True,False
node/1272557608,12,134.4,61.7,False,True,False
node/1272557630,12,134.4,61.7,False,True,False
node/1272557684,12,134.4,61.7,False,True,False
node/1272557722,12,134.4,61.7,False,True,False
node/1272557753,12,134.4,61.7,True,True,False
node/1272557793,12,134.4,61.7,False,True,False
node/1272557798,12,134.4,61.7,False,True,False
node/1272557812,12,134.4,61.7,False,True,False
node/1272557834,12,134.4,61.7,False,True,False
node/1273595512,12,134.4,61.7,False,True,False
node/1273595518,12,134.4,61.7,False,True,False
node/1273595527,12,134.4,61.7,False,True,False
node/1273595530,12,134.4,61.7,False,True,False
node/1273595532,12,134.4,61.7,False,True,False
node/1273595537,12,134.4,61.7,False,True,False
node/1273595542,12,134.4,61.7,False,True,False
node/1273595550,12,134.4,61.7,False,False,True
node/1273595555,12,134.4,61.7,False,True,False
node/1273633817,12,134.4,61.7,False,False,True
node/1273655589,12,134.4,61.7,False,True,False
node/1273655591,12,134.4,61.7,False,True,False
node/1273655598,12,134.4,61.7,False,True,False
node/1273665587,12,134.4,61.7,False,True,False
node/1273702741,12,134.4,61.7,False,True,False
node/1273702747,12,134.4,61.7,False,True,False
node/1273702764,12,134.4,61.7,False,True,False
node/1273702767,12,134.4,61.7,False,False,True
node/1273702784,12,134.4,61.7,False,True,False
node/1273702791,12,134.4,61.7,False,True,False
node/1273702802,12,134.4,61.7,False,True,False
node/1273736294,12,134.4,61.7,False,True,False
node/1273736296,12,134.4,61.7,False,True,False
node/1273736302,12,134.4,61.7,False,True,False
node/1273736308,12,134.4,61.7,False,True,False
node/1273742525,12,134.4,61.7,False,True,False
node/1273749690,12,134.4,61.7,False,False,True
node/1276273393,12,134.4,61.7,False,True,False
node/1276273403,12,134.4,61.7,False,True,False
node/1276273408,12,134.4,61.7,False,True,False
node/1276273411,12,134.4,61.7,False,True,False
node/1276273423,12,134.4,61.7,False,True,False
node/1276273425,12,134.4,61.7,False,True,False
node/1276320492,12,134.4,61.7,False,True,False
node/1276320582,12,134.4,61.7,False,True,False
node/1276400883,12,134.4,61.7,False,False,True
node/1276400897,12,134.4,61.7,False,True,False
node/1276400927,12,134.4,61.7,False,True,False
node/1276417089,12,134.4,61.7,False,True,False
node/1276417092,12,134.4,61.7,False,True,False
node/1276417093,12,134.4,61.7,False,True,False
node/1276478031,12,134.4,61.7,False,False,True
node/1276478077,12,134.4,61.7,False,False,True
node/1276478093,12,134.4,61.7,False,False,True
node/1276478094,12,134.4,61.7,False,True,False
node/1276478112,12,134.4,61.7,False,True,False
node/1276478121,12,134.4,61.7,False,False,True
node/1276478123,12,134.4,61.7,False,False,True
node/1276502116,12,134.4,61.7,False,False,True
node/1277721731,12,134.4,61.7,False,True,False
node/1277721734,12,134.4,61.7,False,True,False
node/1277721737,12,134.4,61.7,False,False,True
node/1277721740,12,134.4,61.7,False,True,False
node/1277721745,12,134.4,61.7,False,False,True
node/1277721746,12,134.4,61.7,False,False,True
node/1277732178,12,134.4,61.7,False,False,True
node/1277834061,12,134.4,61.7,False,False,True
node/1277834071,12,134.4,61.7,False,False,True
node/1277834092,12,134.4,61.7,False,True,False
node/1277834103,12,134.4,61.7,False,False,True
node/1277834111,12,134.4,61.7,False,True,False
node/1277834138,12,134.4,61.7,False,False,True
node/1277834152,12,134.4,61.7,False,True,False
node/1277834154,12,134.4,61.7,False,False,True
node/1277834174,12,134.4,61.7,False,False,True
node/1277834175,12,134.4,61.7,False,True,False
node/1277834225,12,134.4,61.7,False,False,True
node/1277834240,12,134.4,61.7,False,True,False
node/1277834262,12,134.4,61.7,False,False,True
node/1277834264,12,134.4,61.7,False,False,True
node/1277834274,12,134.4,61.7,False,True,False
node/1277834295,12,134.4,61.7,False,False,True
node/1277834337,12,134.4,61.7,False,False,True
node/1277834347,12,134.4,61.7,False,True,False
node/1277834368,12,134.4,61.7,False,False,True
node/1277834371,12,134.4,61.7,False,True,False
node/1277834396,12,134.4,61.7,False,True,False
node/1277834449,12,134.4,61.7,False,True,False
node/1277834452,12,134.4,61.7,False,False,True
node/1277834459,12,134.4,61.7,False,True,False
node/1277834466,12,134.4,61.7,False,True,False
node/1277834472,12,134.4,61.7,False,True,False
node/1277834492,12,134.4,61.7,False,False,True
node/1277834493,12,134.4,61.7,False,True,False
node/1277834582,12,134.4,61.7,False,False,True
node/1277834607,12,134.4,61.7,False,True,False
node/1277834618,12,134.4,61.7,False,False,True
node/1277834624,12,134.4,61.7,False,False,True
node/1277834649,12,134.4,61.7,False,False,True
node/1277834699,12,134.4,61.7,False,False,True
node/1277834725,12,134.4,61.7,False,False,True
node/1277834727,12,134.4,61.7,False,True,False
node/1279480910,12,134.4,61.7,False,False,True
node/1279480912,12,134.4,61.7,False,False,True
node/1279480916,12,134.4,61.7,True,False,False
node/1279480918,12,134.4,61.7,False,False,True
node/1279480923,12,134.4,61.7,True,False,False
node/1279480925,12,134.4,61.7,True,False,False
node/1279480929,12,134.4,61.7,False,True,False
node/1279480935,12,134.4,61.7,False,False,True
node/1279657058,12,134.4,61.7,False,True,False
node/1279675102,12,134.4,61.7,True,False,False
node/1279695348,12,134.4,61.7,False,True,False
node/1279695361,12,134.4,61.7,False,True,False
node/1279742021,12,134.4,61.7,False,False,True
node/1279742023,12,134.4,61.7,False,False,True
node/1279742024,12,134.4,61.7,False,True,False
node/1279742035,12,134.4,61.7,False,True,False
node/1279742039,12,134.4,61.7,False,True,False
node/1279742050,12,134.4,61.7,False,True,False
node/1279742054,12,134.4,61.7,False,True,False
node/1279742061,12,134.4,61.7,False,False,True
node/1279742063,12,134.4,61.7,False,True,False
node/1279742065,12,134.4,61.7,False,False,True
node/1279742073,12,134.4,61.7,False,True,False
node/1283536253,12,134.4,61.7,False,False,True
node/1283536254,12,134.4,61.7,False,False,True
node/1284581959,12,134.4,61.7,False,True,False
node/1284582060,12,134.4,61.7,False,False,True
node/1284926939,12,134.4,61.7,False,False,True
node/1284926944,12,134.4,61.7,False,True,False
node/1284926961,12,134.4,61.7,False,True,False
node/1284926963,12,134.4,61.7,False,True,False
node/1284926984,12,134.4,61.7,False,False,True
node/1284926985,12,134.4,61.7,False,False,True
node/1284926996,12,134.4,61.7,False,False,True
node/1284927009,12,134.4,61.7,False,True,False
node/1284927034,12,134.4,61.7,False,False,True
node/1284927074,12,134.4,61.7,False,True,False
node/1284927083,12,134.4,61.7,True,False,False
node/1284927093,12,134.4,61.7,False,True,False
node/1284927099,12,134.4,61.7,False,True,False
node/1284927115,12,134.4,61.7,False,True,False
node/1284927124,12,134.4,61.7,False,True,False
node/1284927131,12,134.4,61.7,False,True,False
node/1284927139,12,134.4,61.7,False,True,False
node/1286915409,12,134.4,61.7,False,True,False
node/1286915419,12,134.4,61.7,False,True,False
node/1286915421,12,134.4,61.7,False,True,False
node/1289529721,12,134.4,61.7,False,True,False
node/1289529758,12,134.4,61.7,False,True,False
node/1293986598,12,134.4,61.7,False,True,False
node/1293986601,12,134.4,61.7,False,True,False
node/1293986603,12,134.4,61.7,False,True,False
node/1294003447,12,134.4,61.7,False,False,True
node/1294003448,12,134.4,61.7,False,False,True
node/1294003450,12,134.4,61.7,False,False,True
node/1294003452,12,134.4,61.7,False,True,False
node/1294003453,12,134.4,61.7,False,True,False
node/1294003454,12,134.4,61.7,False,False,True
node/1294003461,12,134.4,61.7,False,False,True
node/1294003462,12,134.4,61.7,False,False,True
node/1295136729,12,134.4,61.7,False,True,False
node/1295150682,12,134.4,61.7,False,True,False
node/1295159013,12,134.4,61.7,False,False,True
node/1295159014,12,134.4,61.7,False,False,True
node/1295276479,12,134.4,61.7,False,True,False
node/1295312638,12,134.4,61.7,False,False,True
node/1295312640,12,134.4,61.7,False,False,True
node/1295312642,12,134.4,61.7,True,False,False
node/1295312646,12,134.4,61.7,False,False,True
node/1295312650,12,134.4,61.7,False,False,True
node/1295312655,12,134.4,61.7,False,False,True
node/1295312656,12,134.4,61.7,False,False,True
node/1295312657,12,134.4,61.7,False,False,True
node/1295343768,12,134.4,61.7,False,False,True
node/1295406453,12,134.4,61.7,False,False,True
node/1295406518,12,134.4,61.7,False,False,True
node/1295523738,12,134.4,61.7,False,True,False
node/1295523740,12,134.4,61.7,False,True,False
node/1295523743,12,134.4,61.7,False,False,True
node/1295523744,12,134.4,61.7,True,True,False
node/1295523757,12,134.4,61.7,False,False,True
node/1295523759,12,134.4,61.7,False,True,False
node/1295523760,12,134.4,61.7,False,True,False
node/1295523761,12,134.4,61.7,False,False,True
node/1295523762,12,134.4,61.7,False,True,False
node/1295523766,12,134.4,61.7,False,True,False
node/1295523767,12,134.4,61.7,False,True,False
node/1295523769,12,134.4,61.7,False,True,False
node/1295531541,12,134.4,61.7,False,False,True
node/1316610234,12,134.4,61.7,False,False,True
node/1316610236,12,134.4,61.7,False,False,True
node/1316610237,12,134.4,61.7,False,True,False
node/1316610238,12,134.4,61.7,False,False,True
node/1316610240,12,134.4,61.7,False,False,True
node/1316610242,12,134.4,61.7,False,True,False
node/1316610243,12,134.4,61.7,False,False,True
node/1316610245,12,134.4,61.7,False,False,True
node/1322862540,12,134.4,61.7,True,False,False
node/1322862545,12,134.4,61.7,True,True,False
node/1322862633,12,134.4,61.7,False,True,False
node/1322862663,12,134.4,61.7,False,True,False
node/1322862715,12,134.4,61.7,False,True,False
node/1322862749,12,134.4,61.7,False,False,True
node/1335607719,12,134.4,61.7,False,False,True
node/1335607722,12,134.4,61.7,False,True,False
node/1335607723,12,134.4,61.7,False,True,False
node/1335607726,12,134.4,61.7,False,False,True
node/1335607728,12,134.4,61.7,False,True,False
node/1335607730,12,134.4,61.7,False,False,True
node/1335607732,12,134.4,61.7,False,False,True
node/1362090001,12,134.4,61.7,False,False,True
node/1473295091,12,134.4,61.7,False,False,True
node/1473306609,12,134.4,61.7,False,True,False
node/1473306610,12,134.4,61.7,False,False,True
node/1474688192,12,134.4,61.7,False,True,False
node/1475413557,12,134.4,61.7,False,True,False
node/1475413558,12,134.4,61.7,False,True,False
node/1475413560,12,134.4,61.7,False,True,False
node/1475429792,12,134.4,61.7,False,True,False
node/1497152885,12,134.4,61.7,False,True,False
node/1497152886,12,134.4,61.7,False,True,False
node/1502802078,12,134.4,61.7,False,False,True
node/1518738714,12,134.4,61.7,False,True,False
node/1518738715,12,134.4,61.7,False,False,True
node/1518866593,12,134.4,61.7,False,True,False
node/1518866598,12,134.4,61.7,False,False,True
node/1518866601,12,134.4,61.7,False,True,False
node/1518866613,12,134.4,61.7,False,True,False
node/1518866616,12,134.4,61.7,False,False,True
node/1537450915,12,134.4,61.7,False,False,True
node/1539516740,12,134.4,61.7,False,False,True
node/1539534959,12,134.4,61.7,False,False,True
node/1539534962,12,134.4,61.7,False,False,True
node/1539534967,12,134.4,61.7,False,True,False
node/1539547355,12,134.4,61.7,False,False,True
node/1539547356,12,134.4,61.7,False,False,True
node/1539547361,12,134.4,61.7,False,False,True
node/1539562850,12,134.4,61.7,False,False,True
node/1539562852,12,134.4,61.7,False,True,False
node/1539562853,12,134.4,61.7,False,True,False
node/1539562854,12,134.4,61.7,False,True,False
node/1539583173,12,134.4,61.7,True,False,False
node/1539597590,12,134.4,61.7,True,False,False
node/1539597616,12,134.4,61.7,False,True,False
node/1539678548,12,134.4,61.7,False,False,True
node/1539678558,12,134.4,61.7,True,True,False
node/1544841003,12,134.4,61.7,False,False,True
node/1545845574,12,134.4,61.7,False,True,False
node/1545845576,12,134.4,61.7,False,False,True
node/1545845580,12,134.4,61.7,False,False,True
node/1545846262,12,134.4,61.7,True,False,False
node/1545847888,12,134.4,61.7,True,False,False
node/1545848949,12,134.4,61.7,False,False,True
node/1545849902,12,134.4,61.7,False,False,True
node/1545851487,12,134.4,61.7,False,True,False
node/1545851489,12,134.4,61.7,False,False,True
node/1545851972,12,134.4,61.7,False,False,True
node/1545852463,12,134.4,61.7,False,False,True
node/1545853114,12,134.4,61.7,True,False,False
node/1545853893,12,134.4,61.7,False,False,True
node/1546437496,12,134.4,61.7,False,True,False
node/1547068643,12,134.4,61.7,False,True,False
node/1547080406,12,134.4,61.7,False,True,False
node/1547084482,12,134.4,61.7,False,True,False
node/1547085681,12,134.4,61.7,False,True,False
node/1547090441,12,134.4,61.7,False,True,False
node/1547091135,12,134.4,61.7,False,False,True
node/1547092080,12,134.4,61.7,False,True,False
node/1547093044,12,134.4,61.7,False,False,True
node/1547094139,12,134.4,61.7,False,False,True
node/1547095073,12,134.4,61.7,False,False,True
node/1547097088,12,134.4,61.7,False,False,True
node/1547098418,12,134.4,61.7,False,False,True
node/1547099219,12,134.4,61.7,False,True,False
node/1547099890,12,134.4,61.7,False,True,False
node/1547100713,12,134.4,61.7,False,True,False
node/1547101216,12,134.4,61.7,False,False,True
node/1547101542,12,134.4,61.7,False,True,False
node/1547102325,12,134.4,61.7,False,False,True
node/1547103089,12,134.4,61.7,False,False,True
node/1547961077,12,134.4,61.7,False,True,False
node/1547961082,12,134.4,61.7,False,False,True
node/1547961083,12,134.4,61.7,False,False,True
node/1547961122,12,134.4,61.7,True,True,False
node/1547961128,12,134.4,61.7,False,False,True
node/1547961129,12,134.4,61.7,False,False,True
node/1547961130,12,134.4,61.7,False,False,True
node/1547961131,12,134.4,61.7,False,True,False
node/1547961134,12,134.4,61.7,False,False,True
node/1547961136,12,134.4,61.7,True,False,False
node/1547961140,12,134.4,61.7,False,False,True
node/1548015810,12,134.4,61.7,False,False,True
node/1548018877,12,134.4,61.7,False,False,True
node/1548019979,12,134.4,61.7,False,False,True
node/1548020871,12,134.4,61.7,False,False,True
node/1548022428,12,134.4,61.7,False,True,False
node/1548045188,12,134.4,61.7,False,False,True
node/1548046401,12,134.4,61.7,False,False,True
node/1548046768,12,134.4,61.7,False,False,True
node/1548550224,12,134.4,61.7,False,False,True
node/1557202178,12,134.4,61.7,False,True,False
node/1566286256,12,134.4,61.7,False,True,False
node/1566286258,12,134.4,61.7,False,False,True
node/1568171880,12,134.4,61.7,False,False,True
node/1568189550,12,134.4,61.7,False,True,False
node/1568189556,12,134.4,61.7,False,True,False
node/1568190839,12,134.4,61.7,False,True,False
node/1568191884,12,134.4,61.7,False,False,True
node/1596105515,12,134.4,61.7,False,False,True
node/1596105520,12,134.4,61.7,True,False,False
node/1598229853,12,134.4,61.7,False,True,False
node/1598229892,12,134.4,61.7,False,True,False
node/1614792198,12,134.4,61.7,True,False,False
node/1618961808,12,134.4,61.7,False,False,True
node/1627126724,12,134.4,61.7,False,False,True
node/1627175135,12,134.4,61.7,False,True,False
node/1627175170,12,134.4,61.7,False,False,True
node/1627175189,12,134.4,61.7,False,True,False
node/1627175192,12,134.4,61.7,False,True,False
node/1627175196,12,134.4,61.7,False,False,True
node/1627175209,12,134.4,61.7,True,False,False
node/1627175219,12,134.4,61.7,False,False,True
node/1630392450,12,134.4,61.7,False,True,False
node/1630392475,12,134.4,61.7,False,True,False
node/1630392476,12,134.4,61.7,False,True,False
node/1722078721,12,134.4,61.7,False,False,True
node/1725942660,12,134.4,61.7,False,False,True
node/1726338739,12,134.4,61.7,False,False,True
node/1741645047,12,134.4,61.7,False,True,False
node/1755319252,12,134.4,61.7,False,False,True
node/1759975493,12,134.4,61.7,True,True,False
node/1760433108,12,134.4,61.7,False,True,False
node/1772533650,12,134.4,61.7,False,True,False
node/1829091889,12,134.4,61.7,True,True,False
node/1855655660,12,134.4,61.7,False,False,True
node/1860891777,12,134.4,61.7,False,True,False
node/1860891778,12,134.4,61.7,False,False,True
node/1861526781,12,134.4,61.7,False,True,False
node/1861526787,12,134.4,61.7,False,False,True
node/1861526788,12,134.4,61.7,False,True,False
node/1861526789,12,134.4,61.7,False,True,False
node/1861554261,12,134.4,61.7,False,True,False
node/1861554267,12,134.4,61.7,False,True,False
node/1896236935,12,134.4,61.7,False,True,False
node/1918467028,12,134.4,61.7,True,True,False
node/1918467030,12,134.4,61.7,False,True,False
node/1918467032,12,134.4,61.7,False,True,False
node/1918467038,12,134.4,61.7,False,True,False
node/1918467042,12,134.4,61.7,False,True,False
node/1918467044,12,134.4,61.7,False,True,False
node/1918467045,12,134.4,61.7,False,True,False
node/1918467046,12,134.4,61.7,False,True,False
node/1918467049,12,134.4,61.7,False,True,False
node/1918467050,12,134.4,61.7,False,True,False
node/1918467051,12,134.4,61.7,False,False,True
node/1918467053,12,134.4,61.7,True,False,False
node/1918467054,12,134.4,61.7,False,True,False
node/1918467055,12,134.4,61.7,True,False,False
node/1918480815,12,134.4,61.7,False,False,True
node/1918488179,12,134.4,61.7,False,False,True
node/1918505665,12,134.4,61.7,False,False,True
node/1923996586,12,134.4,61.7,False,True,False
node/1923997018,12,134.4,61.7,False,True,False
node/1923997019,12,134.4,61.7,False,True,False
node/1923999678,12,134.4,61.7,False,True,False
node/1923999680,12,134.4,61.7,False,True,False
node/1924009113,12,134.4,61.7,False,True,False
node/1924009596,12,134.4,61.7,False,True,False
node/1924011395,12,134.4,61.7,False,True,False
node/1924011398,12,134.4,61.7,False,True,False
node/1930722216,12,134.4,61.7,False,False,True
node/1930722222,12,134.4,61.7,False,False,True
node/1930722228,12,134.4,61.7,False,False,True
node/1930730805,12,134.4,61.7,False,False,True
node/1930730808,12,134.4,61.7,False,False,True
node/1930730811,12,134.4,61.7,False,False,True
node/1932890437,12,134.4,61.7,True,False,False
node/1934423140,12,134.4,61.7,False,False,True
node/1937224299,12,134.4,61.7,False,True,False
node/1937305778,12,134.4,61.7,False,False,True
node/1937305782,12,134.4,61.7,False,False,True
node/1937305786,12,134.4,61.7,False,False,True
node/1938479893,12,134.4,61.7,False,False,True
node/1948113489,12,134.4,61.7,False,True,False
node/1953124118,12,134.4,61.7,False,True,False
node/1953124142,12,134.4,61.7,False,True,False
node/1953124146,12,134.4,61.7,True,True,False
node/1953124147,12,134.4,61.7,False,True,False
node/1965093067,12,134.4,61.7,False,False,True
node/1965093084,12,134.4,61.7,False,True,False
node/1989004811,12,134.4,61.7,False,False,True
node/1989004813,12,134.4,61.7,False,True,False
node/1989004814,12,134.4,61.7,False,True,False
node/1993694164,12,134.4,61.7,False,True,False
node/1999319832,12,134.4,61.7,False,True,False
node/1999319835,12,134.4,61.7,False,True,False
node/1999319836,12,134.4,61.7,False,False,True
node/1999319841,12,134.4,61.7,False,True,False
node/2015156309,12,134.4,61.7,True,True,False
node/2017318693,12,134.4,61.7,True,False,False
node/2017318698,12,134.4,61.7,False,False,True
node/2035541438,12,134.4,61.7,False,True,False
node/2035541439,12,134.4,61.7,False,False,True
node/2035541440,12,134.4,61.7,True,False,False
node/2051364322,12,134.4,61.7,True,False,False
node/2051364324,12,134.4,61.7,False,True,False
node/2051364325,12,134.4,61.7,False,True,False
node/2051364328,12,134.4,61.7,True,True,False
node/2055285208,12,134.4,61.7,False,True,False
node/2065192433,12,134.4,61.7,True,False,False
node/2065222332,12,134.4,61.7,False,False,True
node/2065222333,12,134.4,61.7,False,False,True
node/2065266872,12,134.4,61.7,False,True,False
node/2072182666,12,134.4,61.7,False,False,True
node/2072182667,12,134.4,61.7,False,False,True
node/2073827079,12,134.4,61.7,False,False,True
node/2073903610,12,134.4,61.7,False,True,False
node/2098398133,12,134.4,61.7,False,False,True
node/2106295907,12,134.4,61.7,False,False,True
node/2106383022,12,134.4,61.7,True,False,False
node/2106383023,12,134.4,61.7,False,True,False
node/2140750247,12,134.4,61.7,True,False,False
node/2140750248,12,134.4,61.7,False,False,True
node/2153344669,12,134.4,61.7,False,True,False
node/2153344670,12,134.4,61.7,False,False,True
node/2193287724,12,134.4,61.7,False,False,True
node/2193287727,12,134.4,61.7,False,False,True
node/2193330937,12,134.4,61.7,False,False,True
node/2195525294,12,134.4,61.7,False,False,True
node/2203322037,12,134.4,61.7,False,True,False
node/2208067335,12,134.4,61.7,False,True,False
node/2208585974,12,134.4,61.7,False,True,False
node/2208623408,12,134.4,61.7,False,False,True
node/2208630568,12,134.4,61.7,False,False,True
node/2208630571,12,134.4,61.7,False,False,True
node/2208630573,12,134.4,61.7,False,False,True
node/2208652334,12,134.4,61.7,False,True,False
node/2208662025,12,134.4,61.7,False,False,True
node/2215015137,12,134.4,61.7,True,False,False
node/2286139662,12,134.4,61.7,False,True,False
node/2286139669,12,134.4,61.7,False,True,False
node/2286139677,12,134.4,61.7,False,True,False
node/2286139682,12,134.4,61.7,False,True,False
node/2286139686,12,134.4,61.7,False,True,False
node/2286139690,12,134.4,61.7,False,False,True
node/2286139693,12,134.4,61.7,False,False,True
node/2286139702,12,134.4,61.7,False,True,False
node/2286139705,12,134.4,61.7,False,True,False
node/2286139707,12,134.4,61.7,False,True,False
node/2286139708,12,134.4,61.7,False,False,True
node/2286177771,12,134.4,61.7,False,True,False
node/2286177772,12,134.4,61.7,False,True,False
node/2294678465,12,134.4,61.7,False,True,False
node/2294678470,12,134.4,61.7,False,True,False
node/2294693273,12,134.4,61.7,True,True,False
node/2294693275,12,134.4,61.7,False,True,False
node/2294693276,12,134.4,61.7,False,True,False
node/2294693277,12,134.4,61.7,False,False,True
node/2294701897,12,134.4,61.7,True,True,False
node/2294701898,12,134.4,61.7,False,False,True
node/2296408188,12,134.4,61.7,False,False,True
node/2296408198,12,134.4,61.7,False,True,False
node/2296408226,12,134.4,61.7,False,True,False
node/2296423208,12,134.4,61.7,False,True,False
node/2296423210,12,134.4,61.7,False,True,False
node/2296423211,12,134.4,61.7,False,True,False
node/2301075384,12,134.4,61.7,False,False,True
node/2317639999,12,134.4,61.7,False,True,False
node/2329193234,12,134.4,61.7,False,True,False
node/2353678188,12,134.4,61.7,True,True,False
node/2353678191,12,134.4,61.7,False,True,False
node/2360434224,12,134.4,61.7,False,False,True
node/2363249181,12,134.4,61.7,False,True,False
node/2363249195,12,134.4,61.7,False,True,False
node/2363249210,12,134.4,61.7,False,True,False
node/2395077524,12,134.4,61.7,False,True,False
node/2400614076,12,134.4,61.7,True,False,False
node/2403785852,12,134.4,61.7,False,True,False
node/2403785857,12,134.4,61.7,False,True,False
node/2403785859,12,134.4,61.7,False,True,False
node/2404020692,12,134.4,61.7,False,True,False
node/2404101218,12,134.4,61.7,False,True,False
node/2406983946,12,134.4,61.7,True,False,False
node/2411169383,12,134.4,61.7,False,True,False
node/2411169384,12,134.4,61.7,False,True,False
node/2411184701,12,134.4,61.7,False,True,False
node/2411184721,12,134.4,61.7,False,True,False
node/2411481251,12,134.4,61.7,False,True,False
node/2411481253,12,134.4,61.7,True,True,False
node/2411513132,12,134.4,61.7,False,True,False
node/2415182284,12,134.4,61.7,False,True,False
node/2415182285,12,134.4,61.7,False,True,False
node/2419304189,12,134.4,61.7,False,False,True
node/2419311329,12,134.4,61.7,False,False,True
node/2420264565,12,134.4,61.7,False,False,True
node/2420779243,12,134.4,61.7,False,False,True
node/2425602959,12,134.4,61.7,False,False,True
node/2425602960,12,134.4,61.7,False,True,False
node/2430052872,12,134.4,61.7,False,True,False
node/2430052878,12,134.4,61.7,False,False,True
node/2430052881,12,134.4,61.7,False,False,True
node/2430052891,12,134.4,61.7,False,False,True
node/2430094940,12,134.4,61.7,False,True,False
node/2430094942,12,134.4,61.7,False,True,False
node/2430094943,12,134.4,61.7,False,False,True
node/2430107030,12,134.4,61.7,True,True,False
node/2430107032,12,134.4,61.7,False,False,True
node/2430118086,12,134.4,61.7,False,False,True
node/2430118089,12,134.4,61.7,False,False,True
node/2446591586,12,134.4,61.7,False,True,False
node/2446591590,12,134.4,61.7,False,True,False
node/2454003720,12,134.4,61.7,False,False,True
node/2454367769,12,134.4,61.7,False,True,False
node/2461220917,12,134.4,61.7,False,True,False
node/2471413129,12,134.4,61.7,False,True,False
node/2471413139,12,134.4,61.7,False,True,False
node/2471413159,12,134.4,61.7,False,True,False
node/2476362894,12,134.4,61.7,False,True,False
node/2477037398,12,134.4,61.7,False,False,True
node/2477037400,12,134.4,61.7,False,True,False
node/2477037401,12,134.4,61.7,False,False,True
node/2477037402,12,134.4,61.7,False,True,False
node/2477037403,12,134.4,61.7,False,False,True
node/2477060423,12,134.4,61.7,False,True,False
node/2477060431,12,134.4,61.7,False,True,False
node/2480091091,12,134.4,61.7,False,True,False
node/2480091096,12,134.4,61.7,False,False,True
node/2485511088,12,134.4,61.7,False,False,True
node/2486627817,12,134.4,61.7,False,True,False
node/2486627825,12,134.4,61.7,False,True,False
node/2486694059,12,134.4,61.7,False,True,False
node/2493833605,12,134.4,61.7,False,True,False
node/2501698688,12,134.4,61.7,False,True,False
node/2505950544,12,134.4,61.7,False,True,False
node/2505950560,12,134.4,61.7,False,True,False
node/2506015556,12,134.4,61.7,False,False,True
node/2512698134,12,134.4,61.7,True,False,False
node/2512698333,12,134.4,61.7,True,False,False
node/2514370015,12,134.4,61.7,False,True,False
node/2514370016,12,134.4,61.7,False,True,False
node/2514370020,12,134.4,61.7,False,True,False
node/2514370021,12,134.4,61.7,False,True,False
node/2514370024,12,134.4,61.7,False,True,False
node/2514370025,12,134.4,61.7,False,True,False
node/2514370028,12,134.4,61.7,False,True,False
node/2514370029,12,134.4,61.7,False,True,False
node/2514370031,12,134.4,61.7,False,True,False
node/2514370033,12,134.4,61.7,False,True,False
node/2514370034,12,134.4,61.7,False,True,False
node/2514370036,12,134.4,61.7,False,True,False
node/2518949173,12,134.4,61.7,True,False,False
node/2519017877,12,134.4,61.7,False,False,True
node/2529130118,12,134.4,61.7,False,False,True
node/2529588241,12,134.4,61.7,False,True,False
node/2529588265,12,134.4,61.7,False,True,False
node/2529588297,12,134.4,61.7,False,True,False
node/2529853669,12,134.4,61.7,False,True,False
node/2535325123,12,134.4,61.7,False,True,False
node/2535325127,12,134.4,61.7,False,True,False
node/2535381184,12,134.4,61.7,False,True,False
node/2535381201,12,134.4,61.7,False,False,True
node/2543430048,12,134.4,61.7,True,True,False
node/2544824842,12,134.4,61.7,False,False,True
node/2548806283,12,134.4,61.7,False,True,False
node/2548806285,12,134.4,61.7,False,True,False
node/2548820055,12,134.4,61.7,False,True,False
node/2548820056,12,134.4,61.7,False,False,True
node/2548832867,12,134.4,61.7,False,True,False
node/2550239720,12,134.4,61.7,False,True,False
node/2550350554,12,134.4,61.7,False,True,False
node/2550350560,12,134.4,61.7,False,True,False
node/2550363775,12,134.4,61.7,False,False,True
node/2550369646,12,134.4,61.7,True,True,False
node/2550369647,12,134.4,61.7,False,True,False
node/2550371587,12,134.4,61.7,False,False,True
node/2552386604,12,134.4,61.7,False,False,True
node/2552386606,12,134.4,61.7,False,True,False
node/2552386607,12,134.4,61.7,False,True,False
node/2552386608,12,134.4,61.7,False,False,True
node/2552386611,12,134.4,61.7,False,False,True
node/2552386613,12,134.4,61.7,False,False,True
node/2552386615,12,134.4,61.7,False,False,True
node/2552386617,12,134.4,61.7,False,True,False
node/2552386620,12,134.4,61.7,False,True,False
node/2552386621,12,134.4,61.7,False,True,False
node/2552386623,12,134.4,61.7,False,True,False
node/2552397560,12,134.4,61.7,False,True,False
node/2552397569,12,134.4,61.7,False,True,False
node/2552397579,12,134.4,61.7,False,True,False
node/2557705900,12,134.4,61.7,False,True,False
node/2557705901,12,134.4,61.7,False,True,False
node/2557705902,12,134.4,61.7,False,False,True
node/2558370099,12,134.4,61.7,False,True,False
node/2558385819,12,134.4,61.7,False,True,False
node/2559088012,12,134.4,61.7,False,False,True
node/2562158864,12,134.4,61.7,True,True,False
node/2564409414,12,134.4,61.7,False,False,True
node/2564423006,12,134.4,61.7,False,False,True
node/2564432541,12,134.4,61.7,False,True,False
node/2564448047,12,134.4,61.7,False,True,False
node/2564448048,12,134.4,61.7,False,True,False
node/2564448049,12,134.4,61.7,False,True,False
node/2564795419,12,134.4,61.7,False,False,True
node/2566152661,12,134.4,61.7,False,True,False
node/2566152663,12,134.4,61.7,False,False,True
node/2566152665,12,134.4,61.7,False,True,False
node/2566152668,12,134.4,61.7,False,False,True
node/2566656677,12,134.4,61.7,True,False,False
node/2566656687,12,134.4,61.7,False,True,False
node/2568950459,12,134.4,61.7,False,True,False
node/2569777539,12,134.4,61.7,False,False,True
node/2569917218,12,134.4,61.7,False,False,True
node/2570294500,12,134.4,61.7,False,True,False
node/2575832359,12,134.4,61.7,False,False,True
node/2606330407,12,134.4,61.7,False,True,False
node/2606331448,12,134.4,61.7,False,True,False
node/2606331546,12,134.4,61.7,False,True,False
node/2608051029,12,134.4,61.7,False,True,False
node/2608091514,12,134.4,61.7,False,False,True
node/2608634440,12,134.4,61.7,False,True,False
node/2609195844,12,134.4,61.7,False,False,True
node/2609222331,12,134.4,61.7,False,True,False
node/2609222332,12,134.4,61.7,False,True,False
node/2609222333,12,134.4,61.7,False,False,True
node/2609222334,12,134.4,61.7,False,True,False
node/2609224353,12,134.4,61.7,False,True,False
node/2609227364,12,134.4,61.7,True,False,False
node/2609227365,12,134.4,61.7,False,False,True
node/2609244196,12,134.4,61.7,False,False,True
node/2609287291,12,134.4,61.7,False,False,True
node/2609287292,12,134.4,61.7,False,True,False
node/2609287293,12,134.4,61.7,False,True,False
node/2609287294,12,134.4,61.7,True,False,False
node/2609287295,12,134.4,61.7,False,True,False
node/2609287297,12,134.4,61.7,False,True,False
node/2609287298,12,134.4,61.7,False,True,False
node/2609287300,12,134.4,61.7,False,True,False
node/2609319753,12,134.4,61.7,False,False,True
node/2609456195,12,134.4,61.7,True,True,False
node/2609456203,12,134.4,61.7,False,False,True
node/2610182511,12,134.4,61.7,False,False,True
node/2610487133,12,134.4,61.7,False,True,False
node/2610487134,12,134.4,61.7,False,True,False
node/2610487135,12,134.4,61.7,False,False,True
node/2610487136,12,134.4,61.7,False,False,True
node/2610487137,12,134.4,61.7,False,True,False
node/2610487138,12,134.4,61.7,True,True,False
node/2610487140,12,134.4,61.7,False,True,False
node/2610487141,12,134.4,61.7,False,False,True
node/2610487142,12,134.4,61.7,False,False,True
node/2610487143,12,134.4,61.7,False,False,True
node/2610487144,12,134.4,61.7,False,False,True
node/2610487145,12,134.4,61.7,False,True,False
node/2610487146,12,134.4,61.7,False,True,False
node/2610487147,12,134.4,61.7,False,True,False
node/2610487149,12,134.4,61.7,True,True,False
node/2610487151,12,134.4,61.7,False,True,False
node/2610487152,12,134.4,61.7,False,False,True
node/2613161145,12,134.4,61.7,False,True,False
node/2613161147,12,134.4,61.7,False,True,False
node/2613168362,12,134.4,61.7,False,False,True
node/2613168363,12,134.4,61.7,False,False,True
node/2613168365,12,134.4,61.7,False,True,False
node/2613168366,12,134.4,61.7,False,True,False
node/2613168367,12,134.4,61.7,False,True,False
node/2613183476,12,134.4,61.7,False,False,True
node/2613183477,12,134.4,61.7,False,False,True
node/2613183478,12,134.4,61.7,True,False,False
node/2613183479,12,134.4,61.7,False,True,False
node/2613183480,12,134.4,61.7,True,False,False
node/2613183481,12,134.4,61.7,True,False,False
node/2613229354,12,134.4,61.7,False,True,False
node/2613236650,12,134.4,61.7,False,True,False
node/2613247651,12,134.4,61.7,False,True,False
node/2613254699,12,134.4,61.7,False,True,False
node/2616310814,12,134.4,61.7,False,False,True
node/2616310815,12,134.4,61.7,False,True,False
node/2616310816,12,134.4,61.7,False,True,False
node/2616310817,12,134.4,61.7,False,True,False
node/2616310818,12,134.4,61.7,False,True,False
node/2616310820,12,134.4,61.7,False,True,False
node/2616310821,12,134.4,61.7,False,False,True
node/2616310822,12,134.4,61.7,False,True,False
node/2616310823,12,134.4,61.7,False,True,False
node/2616310828,12,134.4,61.7,False,False,True
node/2616310833,12,134.4,61.7,False,False,True
node/2616310837,12,134.4,61.7,False,False,True
node/2616331666,12,134.4,61.7,True,False,False
node/2616331667,12,134.4,61.7,False,True,False
node/2616331669,12,134.4,61.7,False,False,True
node/2616331670,12,134.4,61.7,False,True,False
node/2616331671,12,134.4,61.7,True,False,False
node/2616331672,12,134.4,61.7,False,True,False
node/2616331673,12,134.4,61.7,False,True,False
node/2616331674,12,134.4,61.7,False,True,False
node/2616331676,12,134.4,61.7,False,True,False
node/2616331677,12,134.4,61.7,False,True,False
node/2616331678,12,134.4,61.7,True,False,False
node/2616331679,12,134.4,61.7,False,False,True
node/2616331680,12,134.4,61.7,False,True,False
node/2616331681,12,134.4,61.7,True,False,False
node/2616339079,12,134.4,61.7,False,False,True
node/2616339081,12,134.4,61.7,False,False,True
node/2617569033,12,134.4,61.7,True,False,False
node/2617569034,12,134.4,61.7,False,True,False
node/2617575259,12,134.4,61.7,False,False,True
node/2617575260,12,134.4,61.7,False,True,False
node/2617880174,12,134.4,61.7,False,False,True
node/2617880183,12,134.4,61.7,True,True,False
node/2617880190,12,134.4,61.7,False,False,True
node/2617880197,12,134.4,61.7,False,True,False
node/2617880202,12,134.4,61.7,True,True,False
node/2617892086,12,134.4,61.7,True,True,False
node/2617892095,12,134.4,61.7,False,True,False
node/2617892104,12,134.4,61.7,False,True,False
node/2617892112,12,134.4,61.7,False,False,True
node/2617892121,12,134.4,61.7,False,False,True
node/2617892128,12,134.4,61.7,False,True,False
node/2617892136,12,134.4,61.7,False,False,True
node/2617892144,12,134.4,61.7,False,True,False
node/2617895513,12,134.4,61.7,False,True,False
node/2617895518,12,134.4,61.7,False,False,True
node/2617953959,12,134.4,61.7,False,True,False
node/2624837103,12,134.4,61.7,True,False,False
node/2624837110,12,134.4,61.7,False,False,True
node/2625780869,12,134.4,61.7,False,False,True
node/2625780870,12,134.4,61.7,False,False,True
node/2625780872,12,134.4,61.7,False,True,False
node/2625780873,12,134.4,61.7,False,False,True
node/2625780874,12,134.4,61.7,False,False,True
node/2625780876,12,134.4,61.7,False,False,True
node/2625780877,12,134.4,61.7,False,True,False
node/2625780878,12,134.4,61.7,False,False,True
node/2625785828,12,134.4,61.7,False,False,True
node/2625785833,12,134.4,61.7,False,False,True
node/2625785837,12,134.4,61.7,False,False,True
node/2625785842,12,134.4,61.7,False,False,True
node/2625785846,12,134.4,61.7,False,False,True
node/2625785850,12,134.4,61.7,False,True,False
node/2625786658,12,134.4,61.7,False,False,True
node/2625786659,12,134.4,61.7,False,True,False
node/2625787776,12,134.4,61.7,False,False,True
node/2625787777,12,134.4,61.7,False,True,False
node/2627188431,12,134.4,61.7,False,True,False
node/2627201344,12,134.4,61.7,False,True,False
node/2627201353,12,134.4,61.7,True,True,False
node/2631032334,12,134.4,61.7,False,False,True
node/2631032335,12,134.4,61.7,False,False,True
node/2631039385,12,134.4,61.7,False,False,True
node/2631039386,12,134.4,61.7,False,True,False
node/2631039387,12,134.4,61.7,False,True,False
node/2631039388,12,134.4,61.7,False,True,False
node/2631039389,12,134.4,61.7,False,True,False
node/2631039393,12,134.4,61.7,False,False,True
node/2631527781,12,134.4,61.7,False,True,False
node/2631756552,12,134.4,61.7,False,True,False
node/2631756553,12,134.4,61.7,False,False,True
node/2631756554,12,134.4,61.7,False,True,False
node/2631756555,12,134.4,61.7,False,False,True
node/2632468940,12,134.4,61.7,False,True,False
node/2632468948,12,134.4,61.7,False,False,True
node/2632468954,12,134.4,61.7,False,False,True
node/2632516492,12,134.4,61.7,True,False,False
node/2632516497,12,134.4,61.7,False,False,True
node/2632516502,12,134.4,61.7,False,False,True
node/2632516503,12,134.4,61.7,False,True,False
node/2632516505,12,134.4,61.7,False,True,False
node/2632516506,12,134.4,61.7,False,False,True
node/2632516507,12,134.4,61.7,False,False,True
node/2632516508,12,134.4,61.7,False,False,True
node/2632516511,12,134.4,61.7,False,True,False
node/2632516512,12,134.4,61.7,False,False,True
node/2632516514,12,134.4,61.7,False,False,True
node/2632516522,12,134.4,61.7,False,True,False
node/2632527072,12,134.4,61.7,False,False,True
node/2632527073,12,134.4,61.7,False,False,True
node/2632527074,12,134.4,61.7,False,True,False
node/2632527077,12,134.4,61.7,False,False,True
node/2632527082,12,134.4,61.7,False,True,False
node/2632554931,12,134.4,61.7,False,True,False
node/2632554938,12,134.4,61.7,False,True,False
node/2632554943,12,134.4,61.7,False,False,True
node/2632554948,12,134.4,61.7,False,True,False
node/2633469511,12,134.4,61.7,False,True,False
node/2633469513,12,134.4,61.7,False,True,False
node/2633469514,12,134.4,61.7,False,True,False
node/2633484153,12,134.4,61.7,False,False,True
node/2633484154,12,134.4,61.7,False,True,False
node/2633484156,12,134.4,61.7,False,True,False
node/2633484160,12,134.4,61.7,False,True,False
node/2633484163,12,134.4,61.7,False,True,False
node/2633488031,12,134.4,61.7,False,True,False
node/2633488032,12,134.4,61.7,False,True,False
node/2633488034,12,134.4,61.7,False,True,False
node/2633488035,12,134.4,61.7,False,True,False
node/2633489850,12,134.4,61.7,False,True,False
node/2633499506,12,134.4,61.7,False,True,False
node/2633499507,12,134.4,61.7,False,True,False
node/2633501124,12,134.4,61.7,False,True,False
node/2633501125,12,134.4,61.7,False,True,False
node/2633501126,12,134.4,61.7,False,False,True
node/2633502957,12,134.4,61.7,False,False,True
node/2634028279,12,134.4,61.7,False,True,False
node/2634028999,12,134.4,61.7,False,False,True
node/2634029628,12,134.4,61.7,False,False,True
node/2634030510,12,134.4,61.7,False,False,True
node/2634032303,12,134.4,61.7,False,True,False
node/2634035179,12,134.4,61.7,False,False,True
node/2634036911,12,134.4,61.7,False,False,True
node/2634039227,12,134.4,61.7,False,True,False
node/2634039972,12,134.4,61.7,False,True,False
node/2634040663,12,134.4,61.7,False,True,False
node/2634041075,12,134.4,61.7,False,True,False
node/2634042268,12,134.4,61.7,False,False,True
node/2634043774,12,134.4,61.7,False,False,True
node/2634844753,12,134.4,61.7,False,False,True
node/2634846075,12,134.4,61.7,False,True,False
node/2634847265,12,134.4,61.7,False,True,False
node/2634848724,12,134.4,61.7,False,False,True
node/2634850212,12,134.4,61.7,False,True,False
node/2634851336,12,134.4,61.7,False,True,False
node/2634852908,12,134.4,61.7,False,True,False
node/2634854438,12,134.4,61.7,False,True,False
node/2634855102,12,134.4,61.7,False,True,False
node/2634859534,12,134.4,61.7,False,True,False
node/2634862903,12,134.4,61.7,False,True,False
node/2634862904,12,134.4,61.7,False,True,False
node/2634862908,12,134.4,61.7,False,True,False
node/2634865385,12,134.4,61.7,False,True,False
node/2634866389,12,134.4,61.7,False,True,False
node/2634866390,12,134.4,61.7,False,True,False
node/2634867851,12,134.4,61.7,False,False,True
node/2634897688,12,134.4,61.7,True,False,False
node/2635330493,12,134.4,61.7,False,True,False
node/2639687114,12,134.4,61.7,True,False,False
node/2639688189,12,134.4,61.7,False,False,True
node/2639689855,12,134.4,61.7,False,True,False
node/2639692427,12,134.4,61.7,False,False,True
node/2639692432,12,134.4,61.7,False,True,False
node/2639692436,12,134.4,61.7,False,True,False
node/2639696198,12,134.4,61.7,False,True,False
node/2639699090,12,134.4,61.7,False,True,False
node/2639699364,12,134.4,61.7,False,True,False
node/2639702342,12,134.4,61.7,False,False,True
node/2639702343,12,134.4,61.7,False,True,False
node/2639703129,12,134.4,61.7,False,False,True
node/2639704177,12,134.4,61.7,False,False,True
node/2639708393,12,134.4,61.7,False,True,False
node/2639746328,12,134.4,61.7,False,False,True
node/2639749378,12,134.4,61.7,False,True,False
node/2639749379,12,134.4,61.7,False,False,True
node/2639749380,12,134.4,61.7,False,True,False
node/2639751837,12,134.4,61.7,False,False,True
node/2639752285,12,134.4,61.7,False,True,False
node/2639752932,12,134.4,61.7,False,True,False
node/2639753753,12,134.4,61.7,False,True,False
node/2639754519,12,134.4,61.7,False,False,True
node/2639757139,12,134.4,61.7,False,False,True
node/2639758109,12,134.4,61.7,False,False,True
node/2639758492,12,134.4,61.7,False,True,False
node/2639759479,12,134.4,61.7,False,True,False
node/2639762351,12,134.4,61.7,False,False,True
node/2645436023,12,134.4,61.7,True,True,False
node/2651683562,12,134.4,61.7,False,True,False
node/2651683563,12,134.4,61.7,False,True,False
node/2651684228,12,134.4,61.7,False,False,True
node/2651685650,12,134.4,61.7,False,False,True
node/2651685974,12,134.4,61.7,False,False,True
node/2651687847,12,134.4,61.7,False,False,True
node/2651688413,12,134.4,61.7,False,False,True
node/2651690853,12,134.4,61.7,False,False,True
node/2651716329,12,134.4,61.7,False,True,False
node/2651717273,12,134.4,61.7,False,True,False
node/2651719576,12,134.4,61.7,False,False,True
node/2651722607,12,134.4,61.7,False,True,False
node/2651722630,12,134.4,61.7,False,True,False
node/2651723071,12,134.4,61.7,False,True,False
node/2651723072,12,134.4,61.7,False,True,False
node/2651723433,12,134.4,61.7,False,False,True
node/2651750041,12,134.4,61.7,False,True,False
node/2651750042,12,134.4,61.7,False,True,False
node/2651751914,12,134.4,61.7,False,True,False
node/2651754334,12,134.4,61.7,False,True,False
node/2651754685,12,134.4,61.7,False,True,False
node/2651759822,12,134.4,61.7,False,False,True
node/2651759844,12,134.4,61.7,False,True,False
node/2651759850,12,134.4,61.7,False,True,False
node/2651764637,12,134.4,61.7,False,True,False
node/2651765054,12,134.4,61.7,False,True,False
node/2651767002,12,134.4,61.7,False,True,False
node/2651767007,12,134.4,61.7,False,False,True
node/2651768359,12,134.4,61.7,False,False,True
node/2651769006,12,134.4,61.7,False,True,False
node/2653803192,12,134.4,61.7,False,True,False
node/2653804621,12,134.4,61.7,False,True,False
node/2653813817,12,134.4,61.7,False,True,False
node/2653813818,12,134.4,61.7,False,True,False
node/2653814460,12,134.4,61.7,False,True,False
node/2653824863,12,134.4,61.7,False,True,False
node/2653825749,12,134.4,61.7,True,False,False
node/2653863599,12,134.4,61.7,False,True,False
node/2653869319,12,134.4,61.7,False,False,True
node/2653871049,12,134.4,61.7,False,False,True
node/2653871625,12,134.4,61.7,False,True,False
node/2653887470,12,134.4,61.7,False,True,False
node/2655759127,12,134.4,61.7,True,True,False
node/2655760267,12,134.4,61.7,True,True,False
node/2655760270,12,134.4,61.7,False,True,False
node/2655761685,12,134.4,61.7,True,False,False
node/2655761841,12,134.4,61.7,False,True,False
node/2655763313,12,134.4,61.7,True,False,False
node/2655765534,12,134.4,61.7,False,True,False
node/2655767049,12,134.4,61.7,False,False,True
node/2655767050,12,134.4,61.7,False,False,True
node/2655767105,12,134.4,61.7,True,False,False
node/2655767410,12,134.4,61.7,True,True,False
node/2655768678,12,134.4,61.7,False,False,True
node/2655784984,12,134.4,61.7,False,True,False
node/2655784985,12,134.4,61.7,False,False,True
node/2655784986,12,134.4,61.7,False,False,True
node/2655784987,12,134.4,61.7,False,True,False
node/2655784988,12,134.4,61.7,False,False,True
node/2655787647,12,134.4,61.7,False,True,False
node/2655787658,12,134.4,61.7,False,True,False
node/2655787670,12,134.4,61.7,False,False,True
node/2655790968,12,134.4,61.7,False,True,False
node/2655790976,12,134.4,61.7,False,False,True
node/2655791330,12,134.4,61.7,False,False,True
node/2655813144,12,134.4,61.7,False,False,True
node/2655814103,12,134.4,61.7,False,False,True
node/2655814108,12,134.4,61.7,False,False,True
node/2655815607,12,134.4,61.7,False,False,True
node/2655815608,12,134.4,61.7,False,True,False
node/2655817999,12,134.4,61.7,False,True,False
node/2655819182,12,134.4,61.7,False,True,False
node/2655819183,12,134.4,61.7,False,True,False
node/2655819671,12,134.4,61.7,False,True,False
node/2655820401,12,134.4,61.7,False,False,True
node/2655820410,12,134.4,61.7,False,True,False
node/2655823568,12,134.4,61.7,False,False,True
node/2655827135,12,134.4,61.7,False,False,True
node/2655827824,12,134.4,61.7,True,False,False
node/2655827825,12,134.4,61.7,True,False,False
node/2655827826,12,134.4,61.7,True,True,False
node/2655827842,12,134.4,61.7,True,False,False
node/2655829297,12,134.4,61.7,False,False,True
node/2655829298,12,134.4,61.7,False,True,False
node/2655830447,12,134.4,61.7,False,True,False
node/2655830455,12,134.4,61.7,False,True,False
node/2655835417,12,134.4,61.7,False,True,False
node/2655836478,12,134.4,61.7,False,False,True
node/2659231278,12,134.4,61.7,False,True,False
node/2659360764,12,134.4,61.7,False,True,False
node/2659362311,12,134.4,61.7,True,True,False
node/2662811502,12,134.4,61.7,False,True,False
node/2662815867,12,134.4,61.7,False,True,False
node/2662818263,12,134.4,61.7,False,True,False
node/2662820234,12,134.4,61.7,False,True,False
node/2662820621,12,134.4,61.7,False,True,False
node/2662828661,12,134.4,61.7,False,True,False
node/2662838180,12,134.4,61.7,False,True,False
node/2662840694,12,134.4,61.7,False,False,True
node/2662843884,12,134.4,61.7,False,False,True
node/2662847374,12,134.4,61.7,False,True,False
node/2662849222,12,134.4,61.7,False,True,False
node/2664120596,12,134.4,61.7,False,True,False
node/2664120877,12,134.4,61.7,False,True,False
node/2664137046,12,134.4,61.7,False,True,False
node/2664152347,12,134.4,61.7,False,True,False
node/2664153098,12,134.4,61.7,True,True,False
node/2664153220,12,134.4,61.7,False,True,False
node/2665597586,12,134.4,61.7,False,False,True
node/2665599980,12,134.4,61.7,False,True,False
node/2665610047,12,134.4,61.7,False,False,True
node/2665611536,12,134.4,61.7,True,False,False
node/2665612322,12,134.4,61.7,False,True,False
node/2665617638,12,134.4,61.7,False,True,False
node/2665624752,12,134.4,61.7,False,True,False
node/2665628422,12,134.4,61.7,False,True,False
node/2665629447,12,134.4,61.7,False,True,False
node/2665657134,12,134.4,61.7,False,True,False
node/2665661664,12,134.4,61.7,False,True,False
node/2665720151,12,134.4,61.7,False,False,True
node/2665721436,12,134.4,61.7,False,True,False
node/2665729560,12,134.4,61.7,False,True,False
node/2665782703,12,134.4,61.7,False,False,True
node/2665785610,12,134.4,61.7,False,True,False
node/2665788104,12,134.4,61.7,False,False,True
node/2665789145,12,134.4,61.7,False,False,True
node/2666147343,12,134.4,61.7,False,True,False
node/2666935033,12,134.4,61.7,False,False,True
node/2667005368,12,134.4,61.7,False,False,True
node/2667005369,12,134.4,61.7,False,False,True
node/2667005370,12,134.4,61.7,False,False,True
node/2668421266,12,134.4,61.7,False,True,False
node/2668421267,12,134.4,61.7,False,True,False
node/2668424488,12,134.4,61.7,False,True,False
node/2668430722,12,134.4,61.7,False,True,False
node/2668430728,12,134.4,61.7,False,True,False
node/2668452933,12,134.4,61.7,False,True,False
node/2668452935,12,134.4,61.7,False,True,False
node/2668455763,12,134.4,61.7,False,True,False
node/2668467396,12,134.4,61.7,True,False,False
node/2668505483,12,134.4,61.7,False,True,False
node/2668517864,12,134.4,61.7,True,True,False
node/2668517874,12,134.4,61.7,True,True,False
node/2668517881,12,134.4,61.7,False,True,False
node/2668517891,12,134.4,61.7,True,True,False
node/2707129442,12,134.4,61.7,False,False,True
node/2707129452,12,134.4,61.7,False,True,False
node/2707204585,12,134.4,61.7,True,False,False
node/2707210897,12,134.4,61.7,False,True,False
node/2707212224,12,134.4,61.7,False,False,True
node/2707223596,12,134.4,61.7,False,False,True
node/2707224402,12,134.4,61.7,False,False,True
node/2711706935,12,134.4,61.7,False,False,True
node/2762341491,12,134.4,61.7,False,False,True
node/2810719946,12,134.4,61.7,False,True,False
node/2820769012,12,134.4,61.7,False,True,False
node/2856773444,12,134.4,61.7,False,True,False
node/2856773445,12,134.4,61.7,False,True,False
node/2859842830,12,134.4,61.7,False,True,False
node/2859872048,12,134.4,61.7,False,False,True
node/2859878218,12,134.4,61.7,False,False,True
node/2859881743,12,134.4,61.7,False,True,False
node/2859881744,12,134.4,61.7,False,True,False
node/2859881745,12,134.4,61.7,False,True,False
node/2859883816,12,134.4,61.7,False,True,False
node/2859889328,12,134.4,61.7,False,False,True
node/2859891239,12,134.4,61.7,False,False,True
node/2859894501,12,134.4,61.7,False,False,True
node/2859906856,12,134.4,61.7,False,True,False
node/2859912035,12,134.4,61.7,False,False,True
node/2859912153,12,134.4,61.7,False,True,False
node/2860037788,12,134.4,61.7,True,True,False
node/2860037790,12,134.4,61.7,True,True,False
node/2860061583,12,134.4,61.7,False,True,False
node/2860061584,12,134.4,61.7,False,False,True
node/2860065379,12,134.4,61.7,False,False,True
node/2860065380,12,134.4,61.7,False,False,True
node/2860065381,12,134.4,61.7,False,False,True
node/2860065382,12,134.4,61.7,True,True,False
node/2860066520,12,134.4,61.7,True,False,False
node/2862131629,12,134.4,61.7,False,True,False
node/2862183667,12,134.4,61.7,True,True,False
node/2862183668,12,134.4,61.7,True,False,False
node/2862207916,12,134.4,61.7,False,False,True
node/2862282747,12,134.4,61.7,False,False,True
node/2868399805,12,134.4,61.7,False,True,False
node/2868407742,12,134.4,61.7,False,True,False
node/2868407743,12,134.4,61.7,False,True,False
node/2870175902,12,134.4,61.7,False,True,False
node/2870175903,12,134.4,61.7,False,False,True
node/2870196120,12,134.4,61.7,False,True,False
node/2886845058,12,134.4,61.7,True,True,False
node/2886845060,12,134.4,61.7,False,False,True
node/2886903239,12,134.4,61.7,True,True,False
node/2886907973,12,134.4,61.7,False,True,False
node/2886907974,12,134.4,61.7,True,True,False
node/2886907975,12,134.4,61.7,False,True,False
node/2886925986,12,134.4,61.7,True,False,False
node/2886956717,12,134.4,61.7,False,False,True
node/2887017262,12,134.4,61.7,False,True,False
node/2887079094,12,134.4,61.7,False,False,True
node/2887079666,12,134.4,61.7,False,False,True
node/2887383937,12,134.4,61.7,False,True,False
node/2923126645,12,134.4,61.7,False,True,False
node/2924350291,12,134.4,61.7,False,True,False
node/2924350292,12,134.4,61.7,False,False,True
node/2924350377,12,134.4,61.7,False,True,False
node/2924350395,12,134.4,61.7,False,True,False
node/2924360256,12,134.4,61.7,False,True,False
node/2924360279,12,134.4,61.7,False,True,False
node/2924372002,12,134.4,61.7,False,True,False
node/2924372022,12,134.4,61.7,False,True,False
node/2924372034,12,134.4,61.7,False,True,False
node/2943609225,12,134.4,61.7,False,True,False
node/2947251443,12,134.4,61.7,False,False,True
node/2977882640,12,134.4,61.7,False,False,True
node/2988500054,12,134.4,61.7,False,False,True
node/2989246792,12,134.4,61.7,False,False,True
node/2997509000,12,134.4,61.7,False,False,True
node/2997509002,12,134.4,61.7,False,False,True
node/2997509003,12,134.4,61.7,False,True,False
node/2997509008,12,134.4,61.7,False,False,True
node/2997509011,12,134.4,61.7,False,True,False
node/2997509012,12,134.4,61.7,False,True,False
node/2998129806,12,134.4,61.7,False,True,False
node/2998129809,12,134.4,61.7,False,False,True
node/2998129811,12,134.4,61.7,False,True,False
node/2998129813,12,134.4,61.7,False,True,False
node/2998183224,12,134.4,61.7,False,True,False
node/2998183226,12,134.4,61.7,False,True,False
node/2998183228,12,134.4,61.7,False,True,False
node/2998183230,12,134.4,61.7,False,True,False
node/2998183232,12,134.4,61.7,False,True,False
node/2998184134,12,134.4,61.7,False,False,True
node/2998184136,12,134.4,61.7,False,True,False
node/2998184138,12,134.4,61.7,False,True,False
node/2998393385,12,134.4,61.7,False,True,False
node/2998583701,12,134.4,61.7,False,False,True
node/3003594978,12,134.4,61.7,False,True,False
node/3004237497,12,134.4,61.7,False,False,True
node/3004237498,12,134.4,61.7,False,True,False
node/3004237499,12,134.4,61.7,False,True,False
node/3005158302,12,134.4,61.7,False,True,False
node/3005158303,12,134.4,61.7,True,False,False
node/3005194063,12,134.4,61.7,False,True,False
node/3012120995,12,134.4,61.7,False,False,True
node/3012140701,12,134.4,61.7,False,False,True
node/3012222971,12,134.4,61.7,False,True,False
node/3012431711,12,134.4,61.7,False,False,True
node/3012431713,12,134.4,61.7,False,True,False
node/3012431723,12,134.4,61.7,False,True,False
node/3012431725,12,134.4,61.7,False,True,False
node/3012431726,12,134.4,61.7,False,True,False
node/3012431728,12,134.4,61.7,False,True,False
node/3012431730,12,134.4,61.7,False,True,False
node/3012431732,12,134.4,61.7,False,True,False
node/3012433135,12,134.4,61.7,False,True,False
node/3012433137,12,134.4,61.7,False,True,False
node/3013077540,12,134.4,61.7,False,False,True
node/3016472376,12,134.4,61.7,True,True,False
node/3016472378,12,134.4,61.7,False,True,False
node/3016472382,12,134.4,61.7,False,True,False
node/3016472384,12,134.4,61.7,False,True,False
node/3016472387,12,134.4,61.7,False,True,False
node/3016472392,12,134.4,61.7,False,False,True
node/3016582659,12,134.4,61.7,False,True,False
node/3016582662,12,134.4,61.7,False,False,True
node/3016582663,12,134.4,61.7,True,True,False
node/3016582666,12,134.4,61.7,False,True,False
node/3016582671,12,134.4,61.7,False,False,True
node/3016582672,12,134.4,61.7,False,False,True
node/3016600596,12,134.4,61.7,False,True,False
node/3016600597,12,134.4,61.7,False,True,False
node/3016600599,12,134.4,61.7,False,True,False
node/3019007373,12,134.4,61.7,False,False,True
node/3019007375,12,134.4,61.7,False,True,False
node/3019007376,12,134.4,61.7,False,False,True
node/3019007377,12,134.4,61.7,False,False,True
node/3019037302,12,134.4,61.7,False,False,True
node/3019037303,12,134.4,61.7,False,False,True
node/3019037304,12,134.4,61.7,False,False,True
node/3020888382,12,134.4,61.7,False,False,True
node/3021854035,12,134.4,61.7,True,False,False
node/3021854038,12,134.4,61.7,False,False,True
node/3022882348,12,134.4,61.7,True,False,False
node/3022882349,12,134.4,61.7,False,True,False
node/3028081934,12,134.4,61.7,False,False,True
node/3028366657,12,134.4,61.7,False,True,False
node/3035842803,12,134.4,61.7,False,False,True
node/3036649482,12,134.4,61.7,False,True,False
node/3036649483,12,134.4,61.7,False,True,False
node/3036649484,12,134.4,61.7,False,True,False
node/3036649485,12,134.4,61.7,False,True,False
node/3036649486,12,134.4,61.7,False,True,False
node/3036649487,12,134.4,61.7,False,True,False
node/3036666259,12,134.4,61.7,False,False,True
node/3041929151,12,134.4,61.7,False,False,True
node/3041929152,12,134.4,61.7,False,False,True
node/3041929155,12,134.4,61.7,False,False,True
node/3050921307,12,134.4,61.7,False,False,True
node/3050921308,12,134.4,61.7,False,False,True
node/3059689204,12,134.4,61.7,False,True,False
node/3059793358,12,134.4,61.7,False,False,True
node/3096115845,12,134.4,61.7,False,False,True
node/3106096237,12,134.4,61.7,False,False,True
node/3115184429,12,134.4,61.7,True,True,False
node/3127491126,12,134.4,61.7,False,False,True
node/3139739588,12,134.4,61.7,False,False,True
node/3149270079,12,134.4,61.7,False,True,False
node/3152346117,12,134.4,61.7,False,False,True
node/3178775169,12,134.4,61.7,False,False,True
node/3178775170,12,134.4,61.7,False,False,True
node/3178775173,12,134.4,61.7,False,False,True
node/3178775174,12,134.4,61.7,False,False,True
node/3200725396,12,134.4,61.7,False,False,True
node/3224062590,12,134.4,61.7,True,False,False
node/3224062593,12,134.4,61.7,False,False,True
node/3224062596,12,134.4,61.7,False,False,True
node/3236536366,12,134.4,61.7,False,False,True
node/3236536367,12,134.4,61.7,False,False,True
node/3254078124,12,134.4,61.7,False,True,False
node/3254078125,12,134.4,61.7,False,True,False
node/3263986607,12,134.4,61.7,False,False,True
node/3309932310,12,134.4,61.7,False,False,True
node/3312832841,12,134.4,61.7,False,False,True
node/3338613447,12,134.4,61.7,False,False,True
node/3341528120,12,134.4,61.7,False,False,True
node/3348364710,12,134.4,61.7,True,False,False
node/3348364711,12,134.4,61.7,False,True,False
node/3362155108,12,134.4,61.7,False,True,False
node/3370698715,12,134.4,61.7,False,True,False
node/3371795958,12,134.4,61.7,False,True,False
node/3371795959,12,134.4,61.7,False,True,False
node/3372962161,12,134.4,61.7,False,True,False
node/3373060056,12,134.4,61.7,False,True,False
node/3373440443,12,134.4,61.7,False,True,False
node/3376598376,12,134.4,61.7,False,True,False
node/3377118662,12,134.4,61.7,True,True,False
node/3378110325,12,134.4,61.7,False,True,False
node/3378447632,12,134.4,61.7,False,True,False
node/3387897732,12,134.4,61.7,True,True,False
node/3410546250,12,134.4,61.7,True,True,False
node/3425093493,12,134.4,61.7,False,True,False
node/3425093495,12,134.4,61.7,False,True,False
node/3429335811,12,134.4,61.7,False,True,False
node/3458303207,12,134.4,61.7,False,False,True
node/3458303213,12,134.4,61.7,False,False,True
node/3458303214,12,134.4,61.7,False,False,True
node/3458303223,12,134.4,61.7,False,False,True
node/3458303224,12,134.4,61.7,False,False,True
node/3458303225,12,134.4,61.7,False,False,True
node/3458303227,12,134.4,61.7,False,False,True
node/3458303232,12,134.4,61.7,False,False,True
node/3501065010,12,134.4,61.7,False,True,False
node/3501065011,12,134.4,61.7,False,True,False
node/3612316539,12,134.4,61.7,False,True,False
node/3624945317,12,134.4,61.7,False,False,True
node/3628864690,12,134.4,61.7,False,False,True
node/3701299048,12,134.4,61.7,False,False,True
node/3702639733,12,134.4,61.7,False,False,True
node/3704614993,12,134.4,61.7,False,False,True
node/3704614998,12,134.4,61.7,False,False,True
node/3707878984,12,134.4,61.7,False,True,False
node/3707878986,12,134.4,61.7,False,True,False
node/3709071960,12,134.4,61.7,False,True,False
node/3716873809,12,134.4,61.7,False,True,False
node/3716873810,12,134.4,61.7,True,False,False
node/3717587927,12,134.4,61.7,False,False,True
node/3717587929,12,134.4,61.7,False,False,True
node/3717587931,12,134.4,61.7,False,False,True
node/3717587934,12,134.4,61.7,False,False,True
node/3720096881,12,134.4,61.7,False,True,False
node/3720096914,12,134.4,61.7,False,True,False
node/3720303412,12,134.4,61.7,False,True,False
node/3720303418,12,134.4,61.7,False,True,False
node/3731257157,12,134.4,61.7,False,False,True
node/3752972249,12,134.4,61.7,False,False,True
node/3752972250,12,134.4,61.7,False,False,True
node/3753012028,12,134.4,61.7,False,False,True
node/3758949027,12,134.4,61.7,False,False,True
node/3758949054,12,134.4,61.7,False,False,True
node/3758949055,12,134.4,61.7,False,False,True
node/3758949367,12,134.4,61.7,False,True,False
node/3758949375,12,134.4,61.7,False,False,True
node/3758949387,12,134.4,61.7,False,True,False
node/3758958225,12,134.4,61.7,False,True,False
node/3759179957,12,134.4,61.7,False,True,False
node/3759179960,12,134.4,61.7,False,False,True
node/3773487102,12,134.4,61.7,False,True,False
node/3773487103,12,134.4,61.7,False,False,True
node/3773574431,12,134.4,61.7,False,False,True
node/3773574434,12,134.4,61.7,False,True,False
node/3773574435,12,134.4,61.7,False,False,True
node/3773574436,12,134.4,61.7,False,False,True
node/3775316414,12,134.4,61.7,False,False,True
node/3775316417,12,134.4,61.7,False,False,True
node/3778783745,12,134.4,61.7,False,True,False
node/3778783746,12,134.4,61.7,False,True,False
node/3778783749,12,134.4,61.7,False,False,True
node/3778783750,12,134.4,61.7,False,True,False
node/3778783752,12,134.4,61.7,False,False,True
node/3778783755,12,134.4,61.7,False,False,True
node/3778790463,12,134.4,61.7,False,False,True
node/3778790466,12,134.4,61.7,False,True,False
node/3779600228,12,134.4,61.7,False,True,False
node/3780381641,12,134.4,61.7,True,True,False
node/3780381642,12,134.4,61.7,False,True,False
node/3780581690,12,134.4,61.7,True,False,False
node/3780582515,12,134.4,61.7,False,False,True
node/3780584592,12,134.4,61.7,False,False,True
node/3780909786,12,134.4,61.7,False,False,True
node/3782055701,12,134.4,61.7,False,False,True
node/3782496411,12,134.4,61.7,False,False,True
node/3782654737,12,134.4,61.7,False,True,False
node/3782677184,12,134.4,61.7,False,False,True
node/3782677223,12,134.4,61.7,False,False,True
node/3782677644,12,134.4,61.7,False,False,True
node/3782682702,12,134.4,61.7,False,False,True
node/3782682703,12,134.4,61.7,False,False,True
node/3783192571,12,134.4,61.7,False,False,True
node/3783192572,12,134.4,61.7,False,False,True
node/3785016551,12,134.4,61.7,False,True,False
node/3785016552,12,134.4,61.7,False,False,True
node/3785016555,12,134.4,61.7,False,True,False
node/3785018498,12,134.4,61.7,False,True,False
node/3785026057,12,134.4,61.7,False,True,False
node/3785026064,12,134.4,61.7,False,False,True
node/3785026066,12,134.4,61.7,False,True,False
node/3785026070,12,134.4,61.7,False,False,True
node/3785026074,12,134.4,61.7,False,False,True
node/3785026083,12,134.4,61.7,False,True,False
node/3785026084,12,134.4,61.7,False,True,False
node/3785026086,12,134.4,61.7,False,False,True
node/3785190648,12,134.4,61.7,False,False,True
node/3785436827,12,134.4,61.7,False,True,False
node/3786057232,12,134.4,61.7,False,True,False
node/3786057238,12,134.4,61.7,False,True,False
node/3786057240,12,134.4,61.7,False,True,False
node/3786067896,12,134.4,61.7,True,False,False
node/3786067901,12,134.4,61.7,False,False,True
node/3786067902,12,134.4,61.7,False,False,True
node/3786072201,12,134.4,61.7,True,False,False
node/3786072202,12,134.4,61.7,False,False,True
node/3786072203,12,134.4,61.7,True,False,False
node/3786087263,12,134.4,61.7,False,True,False
node/3786087265,12,134.4,61.7,False,True,False
node/3786087266,12,134.4,61.7,True,True,False
node/3786087267,12,134.4,61.7,False,True,False
node/3786087268,12,134.4,61.7,False,True,False
node/3786087273,12,134.4,61.7,False,True,False
node/3786651044,12,134.4,61.7,False,False,True
node/3786669546,12,134.4,61.7,False,True,False
node/3786669547,12,134.4,61.7,False,True,False
node/3786669548,12,134.4,61.7,False,False,True
node/3786669549,12,134.4,61.7,False,True,False
node/3786719323,12,134.4,61.7,False,False,True
node/3786719325,12,134.4,61.7,False,True,False
node/3786719326,12,134.4,61.7,False,False,True
node/3787404038,12,134.4,61.7,False,True,False
node/3787404039,12,134.4,61.7,False,True,False
node/3787404041,12,134.4,61.7,False,False,True
node/3787404043,12,134.4,61.7,False,False,True
node/3787404046,12,134.4,61.7,False,False,True
node/3787404047,12,134.4,61.7,False,True,False
node/3787492257,12,134.4,61.7,False,False,True
node/3787492261,12,134.4,61.7,False,False,True
node/3787492263,12,134.4,61.7,False,True,False
node/3787515583,12,134.4,61.7,False,False,True
node/3787515590,12,134.4,61.7,False,False,True
node/3787561579,12,134.4,61.7,False,False,True
node/3787561580,12,134.4,61.7,False,False,True
node/3787561581,12,134.4,61.7,False,False,True
node/3787613716,12,134.4,61.7,False,True,False
node/3787613717,12,134.4,61.7,False,True,False
node/3787665759,12,134.4,61.7,False,True,False
node/3787665768,12,134.4,61.7,False,True,False
node/3787901073,12,134.4,61.7,False,False,True
node/3788667384,12,134.4,61.7,False,True,False
node/3788722359,12,134.4,61.7,False,False,True
node/3788722361,12,134.4,61.7,False,False,True
node/3788722362,12,134.4,61.7,False,True,False
node/3788722363,12,134.4,61.7,False,False,True
node/3788722365,12,134.4,61.7,True,False,False
node/3788722366,12,134.4,61.7,False,True,False
node/3788722367,12,134.4,61.7,False,False,True
node/3788722368,12,134.4,61.7,False,False,True
node/3789567789,12,134.4,61.7,False,True,False
node/3789624734,12,134.4,61.7,False,True,False
node/3789624735,12,134.4,61.7,False,True,False
node/3789624736,12,134.4,61.7,False,True,False
node/3789624737,12,134.4,61.7,False,True,False
node/3789624738,12,134.4,61.7,False,True,False
node/3789624740,12,134.4,61.7,False,True,False
node/3789624741,12,134.4,61.7,False,True,False
node/3789624742,12,134.4,61.7,False,False,True
node/3790545075,12,134.4,61.7,False,False,True
node/3790545076,12,134.4,61.7,False,False,True
node/3790545077,12,134.4,61.7,False,True,False
node/3790545078,12,134.4,61.7,False,True,False
node/3790545079,12,134.4,61.7,True,True,False
node/3790545080,12,134.4,61.7,False,False,True
node/3790545081,12,134.4,61.7,False,False,True
node/3790545083,12,134.4,61.7,False,False,True
node/3790545084,12,134.4,61.7,False,True,False
node/3790545085,12,134.4,61.7,False,False,True
node/3790545086,12,134.4,61.7,False,False,True
node/3790547698,12,134.4,61.7,False,False,True
node/3790779433,12,134.4,61.7,False,True,False
node/3790779435,12,134.4,61.7,False,True,False
node/3790779441,12,134.4,61.7,False,True,False
node/3790779442,12,134.4,61.7,False,True,False
node/3790779444,12,134.4,61.7,False,True,False
node/3790779446,12,134.4,61.7,False,True,False
node/3790779447,12,134.4,61.7,False,True,False
node/3790779449,12,134.4,61.7,False,True,False
node/3790779450,12,134.4,61.7,False,True,False
node/3790779451,12,134.4,61.7,False,True,False
node/3791785050,12,134.4,61.7,False,True,False
node/3806894854,12,134.4,61.7,False,False,True
node/3806894856,12,134.4,61.7,False,True,False
node/3806895657,12,134.4,61.7,False,False,True
node/3808056722,12,134.4,61.7,False,False,True
node/3808056723,12,134.4,61.7,False,False,True
node/3808100251,12,134.4,61.7,False,False,True
node/3808366787,12,134.4,61.7,False,True,False
node/3808366789,12,134.4,61.7,False,True,False
node/3808366793,12,134.4,61.7,False,True,False
node/3808366795,12,134.4,61.7,False,True,False
node/3808366796,12,134.4,61.7,False,False,True
node/3808544749,12,134.4,61.7,False,True,False
node/3808544750,12,134.4,61.7,False,True,False
node/3808544751,12,134.4,61.7,False,True,False
node/3808544752,12,134.4,61.7,False,True,False
node/3808544753,12,134.4,61.7,False,True,False
node/3808544754,12,134.4,61.7,False,True,False
node/3808544755,12,134.4,61.7,False,True,False
node/3808554257,12,134.4,61.7,False,False,True
node/3823152620,12,134.4,61.7,False,True,False
node/3823152623,12,134.4,61.7,False,True,False
node/3823152631,12,134.4,61.7,False,True,False
node/3823152636,12,134.4,61.7,False,True,False
node/3823152653,12,134.4,61.7,False,True,False
node/3823152760,12,134.4,61.7,False,True,False
node/3823152762,12,134.4,61.7,False,True,False
node/3823152789,12,134.4,61.7,False,True,False
node/3825603158,12,134.4,61.7,False,False,True
node/3886301889,12,134.4,61.7,False,False,True
node/3893104707,12,134.4,61.7,False,False,True
node/3898715839,12,134.4,61.7,False,False,True
node/3984824935,12,134.4,61.7,True,False,False
node/3988010391,12,134.4,61.7,False,True,False
node/4041812652,12,134.4,61.7,False,False,True
node/4041812653,12,134.4,61.7,False,False,True
node/4041812654,12,134.4,61.7,False,False,True
node/4041812885,12,134.4,61.7,False,True,False
node/4041812886,12,134.4,61.7,False,False,True
node/4080244174,12,134.4,61.7,False,False,True
node/4092138538,12,134.4,61.7,False,False,True
node/4092140237,12,134.4,61.7,False,True,False
node/4092140238,12,134.4,61.7,False,False,True
node/4092142657,12,134.4,61.7,False,True,False
node/4092142658,12,134.4,61.7,False,True,False
node/4092143105,12,134.4,61.7,False,False,True
node/4098009012,12,134.4,61.7,False,True,False
node/4112825570,12,134.4,61.7,True,True,False
node/4142388098,12,134.4,61.7,False,False,True
node/4142388099,12,134.4,61.7,False,False,True
node/4142393672,12,134.4,61.7,True,True,False
node/4171387732,12,134.4,61.7,False,False,True
node/4193106133,12,134.4,61.7,True,False,False
node/4193136328,12,134.4,61.7,False,False,True
node/4193136330,12,134.4,61.7,False,False,True
node/4193136331,12,134.4,61.7,False,False,True
node/4193143533,12,134.4,61.7,False,False,True
node/4193161889,12,134.4,61.7,False,False,True
node/4193161890,12,134.4,61.7,False,False,True
node/4193179568,12,134.4,61.7,False,False,True
node/4193188215,12,134.4,61.7,False,True,False
node/4193208464,12,134.4,61.7,False,False,True
node/4193208465,12,134.4,61.7,False,False,True
node/4193215078,12,134.4,61.7,False,False,True
node/4193215079,12,134.4,61.7,False,True,False
node/4193216816,12,134.4,61.7,True,True,False
node/4194146586,12,134.4,61.7,False,False,True
node/4194146587,12,134.4,61.7,False,True,False
node/4194146588,12,134.4,61.7,False,False,True
node/4194150189,12,134.4,61.7,False,True,False
node/4194150190,12,134.4,61.7,False,False,True
node/4194156248,12,134.4,61.7,False,False,True
node/4194156249,12,134.4,61.7,False,True,False
node/4194167377,12,134.4,61.7,False,False,True
node/4194167378,12,134.4,61.7,True,False,False
node/4194172133,12,134.4,61.7,False,True,False
node/4194972032,12,134.4,61.7,False,False,True
node/4194981100,12,134.4,61.7,False,True,False
node/4194998394,12,134.4,61.7,False,True,False
node/4195580734,12,134.4,61.7,False,False,True
node/4195580735,12,134.4,61.7,False,False,True
node/4195580736,12,134.4,61.7,False,False,True
node/4195580737,12,134.4,61.7,False,False,True
node/4195580738,12,134.4,61.7,False,True,False
node/4195587789,12,134.4,61.7,False,False,True
node/4195587790,12,134.4,61.7,False,True,False
node/4210787008,12,134.4,61.7,False,False,True
node/4215676309,12,134.4,61.7,False,False,True
node/4239035808,12,134.4,61.7,False,False,True
node/4239035809,12,134.4,61.7,True,False,False
node/4239035810,12,134.4,61.7,False,True,False
node/4239035811,12,134.4,61.7,False,False,True
node/4242926832,12,134.4,61.7,True,False,False
node/4243522528,12,134.4,61.7,True,True,False
node/4252333548,12,134.4,61.7,False,False,True
node/4252333549,12,134.4,61.7,False,False,True
node/4252333550,12,134.4,61.7,False,False,True
node/4252360817,12,134.4,61.7,False,False,True
node/4252360818,12,134.4,61.7,False,False,True
node/4253445390,12,134.4,61.7,False,False,True
node/4337326010,12,134.4,61.7,False,False,True
node/4337326011,12,134.4,61.7,False,False,True
node/4339591470,12,134.4,61.7,False,False,True
node/4355937750,12,134.4,61.7,False,False,True
node/4362472195,12,134.4,61.7,False,True,False
node/4374347653,12,134.4,61.7,False,True,False
node/4374788663,12,134.4,61.7,False,False,True
node/4386308014,12,134.4,61.7,True,False,False
node/4424654969,12,134.4,61.7,False,False,True
node/4424657665,12,134.4,61.7,False,False,True
node/4424657666,12,134.4,61.7,False,True,False
node/4425378039,12,134.4,61.7,True,False,False
node/4426436695,12,134.4,61.7,False,True,False
node/4426442193,12,134.4,61.7,False,False,True
node/4426482290,12,134.4,61.7,False,False,True
node/4456582562,12,134.4,61.7,False,True,False
node/4456582565,12,134.4,61.7,False,True,False
node/4473561091,12,134.4,61.7,False,False,True
node/4473769189,12,134.4,61.7,False,False,True
node/4487292403,12,134.4,61.7,False,False,True
node/4487343173,12,134.4,61.7,False,True,False
node/4487343174,12,134.4,61.7,False,True,False
node/4487344995,12,134.4,61.7,False,True,False
node/4487344996,12,134.4,61.7,False,True,False
node/4487346505,12,134.4,61.7,False,True,False
node/4487346506,12,134.4,61.7,False,True,False
node/4487347141,12,134.4,61.7,False,True,False
node/4487347142,12,134.4,61.7,False,True,False
node/4487348056,12,134.4,61.7,False,True,False
node/4487348057,12,134.4,61.7,False,True,False
node/4487350518,12,134.4,61.7,False,True,False
node/4487351146,12,134.4,61.7,False,True,False
node/4487353302,12,134.4,61.7,False,False,True
node/4487358726,12,134.4,61.7,False,True,False
node/4487367446,12,134.4,61.7,False,False,True
node/4487419608,12,134.4,61.7,False,False,True
node/4487419769,12,134.4,61.7,False,True,False
node/4487472020,12,134.4,61.7,False,False,True
node/4487478836,12,134.4,61.7,False,True,False
node/4512720078,12,134.4,61.7,False,True,False
node/4524796538,12,134.4,61.7,False,False,True
node/4540215835,12,134.4,61.7,False,False,True
node/4551348007,12,134.4,61.7,False,False,True
node/4553717072,12,134.4,61.7,False,False,True
node/4560348361,12,134.4,61.7,False,True,False
node/4560348362,12,134.4,61.7,False,True,False
node/4560348363,12,134.4,61.7,False,True,False
node/4560348364,12,134.4,61.7,False,True,False
node/4560348365,12,134.4,61.7,False,True,False
node/4560348366,12,134.4,61.7,False,True,False
node/4560348367,12,134.4,61.7,True,False,False
node/4560348368,12,134.4,61.7,False,False,True
node/4568359909,12,134.4,61.7,False,False,True
node/4568362314,12,134.4,61.7,False,False,True
node/4570534699,12,134.4,61.7,False,False,True
node/4608459918,12,134.4,61.7,False,True,False
node/4608531377,12,134.4,61.7,False,False,True
node/4621725801,12,134.4,61.7,False,False,True
node/4654764836,12,134.4,61.7,False,False,True
node/4662947772,12,134.4,61.7,False,True,False
node/4697111064,12,134.4,61.7,False,False,True
node/4843517235,12,134.4,61.7,False,False,True
node/4843517239,12,134.4,61.7,False,False,True
node/4843767716,12,134.4,61.7,False,False,True
node/4863923321,12,134.4,61.7,False,False,True
node/4889206188,12,134.4,61.7,False,False,True
node/4889206189,12,134.4,61.7,False,False,True
node/4889234645,12,134.4,61.7,False,False,True
node/4889234647,12,134.4,61.7,False,True,False
node/4889234648,12,134.4,61.7,False,True,False
node/4889403490,12,134.4,61.7,False,False,True
node/4889403492,12,134.4,61.7,True,True,False
node/4889403494,12,134.4,61.7,False,True,False
node/4889403500,12,134.4,61.7,False,True,False
node/4889473571,12,134.4,61.7,True,False,False
node/4889473572,12,134.4,61.7,True,False,False
node/4889473573,12,134.4,61.7,False,False,True
node/4889473577,12,134.4,61.7,True,False,False
node/4889473581,12,134.4,61.7,False,True,False
node/4889473587,12,134.4,61.7,True,False,False
node/4889473588,12,134.4,61.7,True,True,False
node/4889473589,12,134.4,61.7,True,False,False
node/4889473590,12,134.4,61.7,False,True,False
node/4889473592,12,134.4,61.7,False,True,False
node/4889662234,12,134.4,61.7,False,False,True
node/4889662235,12,134.4,61.7,False,False,True
node/4889662237,12,134.4,61.7,False,False,True
node/4889789447,12,134.4,61.7,False,True,False
node/4889789453,12,134.4,61.7,False,False,True
node/4889789454,12,134.4,61.7,False,False,True
node/4889789455,12,134.4,61.7,False,False,True
node/4889789456,12,134.4,61.7,False,True,False
node/4889789487,12,134.4,61.7,False,False,True
node/4889789488,12,134.4,61.7,False,False,True
node/4889789494,12,134.4,61.7,True,False,False
node/4889789495,12,134.4,61.7,False,False,True
node/4889919233,12,134.4,61.7,True,False,False
node/4889919251,12,134.4,61.7,False,False,True
node/4889919253,12,134.4,61.7,False,True,False
node/4889919298,12,134.4,61.7,False,True,False
node/4889919299,12,134.4,61.7,False,True,False
node/4889919300,12,134.4,61.7,False,True,False
node/4890108670,12,134.4,61.7,True,True,False
node/4890108683,12,134.4,61.7,False,True,False
node/4891272623,12,134.4,61.7,True,True,False
node/4891272633,12,134.4,61.7,False,False,True
node/4891272634,12,134.4,61.7,False,True,False
node/4893995307,12,134.4,61.7,False,False,True
node/4898290186,12,134.4,61.7,False,False,True
node/4898290194,12,134.4,61.7,True,True,False
node/4898290203,12,134.4,61.7,False,True,False
node/4899160641,12,134.4,61.7,False,False,True
node/4899160645,12,134.4,61.7,False,False,True
node/4899160672,12,134.4,61.7,False,True,False
node/4899160693,12,134.4,61.7,False,True,False
node/4903310230,12,134.4,61.7,False,True,False
node/4903310233,12,134.4,61.7,True,True,False
node/4903310235,12,134.4,61.7,False,False,True
node/4903310236,12,134.4,61.7,True,True,False
node/4903310237,12,134.4,61.7,True,True,False
node/4903310239,12,134.4,61.7,True,True,False
node/4903310240,12,134.4,61.7,True,True,False
node/4992102606,12,134.4,61.7,False,True,False
node/5026213522,12,134.4,61.7,False,False,True
node/5064259820,12,134.4,61.7,False,False,True
node/5081364232,12,134.4,61.7,False,False,True
node/5081364233,12,134.4,61.7,False,False,True
node/5081364236,12,134.4,61.7,False,False,True
node/5081364237,12,134.4,61.7,False,False,True
node/5081364239,12,134.4,61.7,False,False,True
node/5081364240,12,134.4,61.7,False,False,True
node/5081364241,12,134.4,61.7,False,False,True
node/5081364242,12,134.4,61.7,False,False,True
node/5081364243,12,134.4,61.7,False,False,True
node/5081364244,12,134.4,61.7,False,False,True
node/5081379378,12,134.4,61.7,False,False,True
node/5081379380,12,134.4,61.7,False,False,True
node/5111433087,12,134.4,61.7,False,True,False
node/5111687993,12,134.4,61.7,False,True,False
node/5216559622,12,134.4,61.7,True,False,False
node/5316455423,12,134.4,61.7,False,False,True
node/5316455424,12,134.4,61.7,False,False,True
node/5316455426,12,134.4,61.7,False,True,False
node/5316455427,12,134.4,61.7,False,True,False
node/5316455428,12,134.4,61.7,False,False,True
node/5316484435,12,134.4,61.7,False,False,True
node/5316484436,12,134.4,61.7,False,False,True
node/5316484437,12,134.4,61.7,True,False,False
node/5316484438,12,134.4,61.7,False,False,True
node/5316484439,12,134.4,61.7,False,False,True
node/5368403844,12,134.4,61.7,False,True,False
node/5368403855,12,134.4,61.7,False,True,False
node/5368438797,12,134.4,61.7,False,True,False
node/5368438799,12,134.4,61.7,False,True,False
node/5403073723,12,134.4,61.7,False,False,True
node/5418905623,12,134.4,61.7,False,True,False
node/5462381426,12,134.4,61.7,False,True,False
node/5527705621,12,134.4,61.7,False,False,True
node/5593411954,12,134.4,61.7,False,False,True
node/5678403949,12,134.4,61.7,False,False,True
node/5743615987,12,134.4,61.7,False,False,True
node/5796551026,12,134.4,61.7,True,False,False
node/5996557765,12,134.4,61.7,False,False,True
node/6004558476,12,134.4,61.7,False,False,True
node/6004558478,12,134.4,61.7,False,False,True
node/6004558480,12,134.4,61.7,False,False,True
node/6004558481,12,134.4,61.7,False,False,True
node/6004558482,12,134.4,61.7,False,False,True
node/6090069009,12,134.4,61.7,False,True,False
node/6296219968,12,134.4,61.7,False,False,True
node/6296219969,12,134.4,61.7,False,False,True
node/6349597364,12,134.4,61.7,False,False,True
node/6351757089,12,134.4,61.7,False,False,True
node/6363762843,12,134.4,61.7,False,True,False
node/6753442263,12,134.4,61.7,False,True,False
node/6812085822,12,134.4,61.7,False,True,False
node/6988405352,12,134.4,61.7,False,False,True
node/6988405353,12,134.4,61.7,False,False,True
node/6988405354,12,134.4,61.7,False,False,True
node/6988405355,12,134.4,61.7,False,False,True
node/6988405357,12,134.4,61.7,False,False,True
node/6988405359,12,134.4,61.7,False,True,False
node/6988568582,12,134.4,61.7,False,False,True
node/6988568583,12,134.4,61.7,False,True,False
node/6988568584,12,134.4,61.7,False,False,True
node/6988569285,12,134.4,61.7,False,False,True
node/6988569286,12,134.4,61.7,False,False,True
node/7117392386,12,134.4,61.7,False,False,True
node/7221409716,12,134.4,61.7,False,False,True
node/7523062100,12,134.4,61.7,False,True,False
node/8138571319,12,134.4,61.7,False,True,False
node/8397306827,12,134.4,61.7,False,True,False
node/8404480139,12,134.4,61.7,False,False,True
node/8404480140,12,134.4,61.7,False,True,False
node/8500711611,12,134.4,61.7,False,True,False
node/8615074676,12,134.4,61.7,False,False,True
node/8712721886,12,134.4,61.7,False,False,True
node/8712721888,12,134.4,61.7,False,False,True
node/8712721890,12,134.4,61.7,False,False,True
node/8712721892,12,134.4,61.7,False,False,True
node/8712721894,12,134.4,61.7,False,False,True
node/8712721901,12,134.4,61.7,False,False,True
node/8718907948,12,134.4,61.7,False,True,False
node/8718907950,12,134.4,61.7,False,True,False
node/8754224147,12,134.4,61.7,False,False,True
node/8754224150,12,134.4,61.7,False,False,True
node/9021294461,12,134.4,61.7,False,False,True
node/9022370340,12,134.4,61.7,False,False,True
node/9022370341,12,134.4,61.7,False,False,True
node/9031432377,12,134.4,61.7,False,True,False
node/9248045252,12,134.4,61.7,False,True,False
node/9248045256,12,134.4,61.7,False,False,True
node/9250830301,12,134.4,61.7,False,False,True
node/9250830304,12,134.4,61.7,False,False,True
node/9296818002,12,134.4,61.7,False,False,True
node/9353402328,12,134.4,61.7,False,True,False
node/9424085228,12,134.4,61.7,False,False,True
node/9424085231,12,134.4,61.7,False,True,False
node/9424085236,12,134.4,61.7,True,False,False
node/9424085238,12,134.4,61.7,False,False,True
node/9424085240,12,134.4,61.7,True,False,False
node/9424085242,12,134.4,61.7,False,True,False
node/9426374619,12,134.4,61.7,False,False,True
node/9426374621,12,134.4,61.7,False,False,True
node/9426374626,12,134.4,61.7,False,True,False
node/9426374629,12,134.4,61.7,False,False,True
node/9436677648,12,134.4,61.7,False,False,True
node/9436677650,12,134.4,61.7,False,False,True
node/9436677652,12,134.4,61.7,False,False,True
node/9436677658,12,134.4,61.7,False,False,True
node/9436677660,12,134.4,61.7,False,False,True
node/9436677664,12,134.4,61.7,False,False,True
node/9436677666,12,134.4,61.7,False,False,True
node/9436677668,12,134.4,61.7,False,False,True
node/9436677673,12,134.4,61.7,False,False,True
node/9436677675,12,134.4,61.7,False,True,False
node/9455340734,12,134.4,61.7,False,True,False
node/9455340735,12,134.4,61.7,False,True,False
node/9455340736,12,134.4,61.7,True,False,False
node/9455340737,12,134.4,61.7,False,True,False
node/9457632139,12,134.4,61.7,False,True,False
node/9458578380,12,134.4,61.7,False,True,False
node/9471105464,12,134.4,61.7,False,True,False
node/9471105465,12,134.4,61.7,False,True,False
node/9471270836,12,134.4,61.7,False,True,False
node/9471611824,12,134.4,61.7,False,True,False
node/9471611825,12,134.4,61.7,False,True,False
node/9471611827,12,134.4,61.7,False,True,False
node/9471611828,12,134.4,61.7,False,True,False
node/9471611829,12,134.4,61.7,False,True,False
node/9471611830,12,134.4,61.7,False,True,False
node/9471840470,12,134.4,61.7,False,True,False
node/9471840471,12,134.4,61.7,False,False,True
node/9471915759,12,134.4,61.7,False,True,False
node/9471915760,12,134.4,61.7,False,False,True
node/9471915761,12,134.4,61.7,False,True,False
node/9471915763,12,134.4,61.7,False,True,False
node/9471915764,12,134.4,61.7,False,True,False
node/9472043398,12,134.4,61.7,False,True,False
node/9474161479,12,134.4,61.7,False,False,True
node/9474161480,12,134.4,61.7,False,True,False
node/9474161481,12,134.4,61.7,False,True,False
node/9474161482,12,134.4,61.7,False,True,False
node/9474161483,12,134.4,61.7,False,True,False
node/9474161484,12,134.4,61.7,False,True,False
node/9474161485,12,134.4,61.7,False,True,False
node/9474161486,12,134.4,61.7,False,True,False
node/9474161487,12,134.4,61.7,False,True,False
node/9474161488,12,134.4,61.7,False,True,False
node/9474161489,12,134.4,61.7,False,True,False
node/9474161490,12,134.4,61.7,False,True,False
node/9474161491,12,134.4,61.7,False,False,True
node/9474255789,12,134.4,61.7,False,True,False
node/9483807053,12,134.4,61.7,False,False,True
node/9486912224,12,134.4,61.7,False,True,False
node/9486912225,12,134.4,61.7,False,True,False
node/9486912226,12,134.4,61.7,False,True,False
node/9487060567,12,134.4,61.7,False,False,True
node/9487060568,12,134.4,61.7,True,True,False
node/9487060569,12,134.4,61.7,False,True,False
node/9487060570,12,134.4,61.7,False,True,False
node/9487060571,12,134.4,61.7,False,True,False
node/9487060572,12,134.4,61.7,False,True,False
node/9487060573,12,134.4,61.7,False,False,True
node/9487060574,12,134.4,61.7,True,True,False
node/9487060575,12,134.4,61.7,False,True,False
node/9487060576,12,134.4,61.7,False,True,False
node/9489106792,12,134.4,61.7,False,False,True
node/9489394997,12,134.4,61.7,False,False,True
node/9489394998,12,134.4,61.7,False,True,False
node/9489394999,12,134.4,61.7,False,True,False
node/9489395000,12,134.4,61.7,False,True,False
node/9489395001,12,134.4,61.7,False,True,False
node/9489395002,12,134.4,61.7,False,True,False
node/9489395005,12,134.4,61.7,False,True,False
node/9489395007,12,134.4,61.7,False,True,False
node/9489395008,12,134.4,61.7,False,True,False
node/9489395009,12,134.4,61.7,False,True,False
node/9489395010,12,134.4,61.7,False,True,False
node/9489395011,12,134.4,61.7,False,True,False
node/9489395013,12,134.4,61.7,False,True,False
node/9489395014,12,134.4,61.7,True,False,False
node/9489395015,12,134.4,61.7,False,False,True
node/9489395016,12,134.4,61.7,False,True,False
node/9490704152,12,134.4,61.7,False,False,True
node/9491868997,12,134.4,61.7,False,True,False
node/9497948304,12,134.4,61.7,False,False,True
node/9498129791,12,134.4,61.7,False,False,True
node/9498129793,12,134.4,61.7,False,True,False
node/9525581152,12,134.4,61.7,False,True,False
node/9525601821,12,134.4,61.7,False,True,False
node/9525670315,12,134.4,61.7,False,False,True
node/9545043130,12,134.4,61.7,False,True,False
node/9545067603,12,134.4,61.7,False,True,False
node/9565757000,12,134.4,61.7,False,False,True
node/9611795082,12,134.4,61.7,False,False,True
node/9626862549,12,134.4,61.7,True,True,False
node/9626869393,12,134.4,61.7,False,True,False
node/9626869394,12,134.4,61.7,False,False,True
node/9626869395,12,134.4,61.7,False,True,False
node/9626930589,12,134.4,61.7,False,True,False
node/9626942260,12,134.4,61.7,False,True,False
node/9626942263,12,134.4,61.7,False,True,False
node/9628627535,12,134.4,61.7,False,False,True
node/9628627536,12,134.4,61.7,False,True,False
node/9628627537,12,134.4,61.7,False,True,False
node/9628627538,12,134.4,61.7,True,True,False
node/9649426472,12,134.4,61.7,False,True,False
node/9649426473,12,134.4,61.7,False,True,False
node/9649426474,12,134.4,61.7,False,True,False
node/9649426475,12,134.4,61.7,True,False,False
node/9649543534,12,134.4,61.7,False,True,False
node/9649543535,12,134.4,61.7,False,True,False
node/9649543536,12,134.4,61.7,False,True,False
node/9649543537,12,134.4,61.7,True,False,False
node/9649543538,12,134.4,61.7,False,False,True
node/9649543539,12,134.4,61.7,False,False,True
node/9649543540,12,134.4,61.7,False,False,True
node/9649543541,12,134.4,61.7,False,False,True
node/9657605909,12,134.4,61.7,False,False,True
node/9738415468,12,134.4,61.7,False,True,False
node/9783507189,12,134.4,61.7,False,False,True
node/9850072032,12,134.4,61.7,True,False,False
node/9888166829,12,134.4,61.7,False,False,True
node/9895185440,12,134.4,61.7,False,True,False
node/9895316684,12,134.4,61.7,False,False,True
node/9901788302,12,134.4,61.7,False,False,True
node/9975298517,12,134.4,61.7,False,False,True
node/9975325597,12,134.4,61.7,False,False,True
node/9975993052,12,134.4,61.7,False,False,True
node/9979439490,12,134.4,61.7,False,False,True
node/9979453966,12,134.4,61.7,False,False,True
node/9979453968,12,134.4,61.7,False,False,True
node/9979889993,12,134.4,61.7,True,False,False
node/9985667275,12,134.4,61.7,False,True,False
node/9986170316,12,134.4,61.7,False,False,True
node/9986175704,12,134.4,61.7,False,False,True
node/9994996600,12,134.4,61.7,False,False,True
node/9995010587,12,134.4,61.7,False,False,True
node/9995012057,12,134.4,61.7,False,False,True
node/10004309776,12,134.4,61.7,False,False,True
node/10004319991,12,134.4,61.7,False,False,True
node/10006171601,12,134.4,61.7,False,True,False
node/10006173918,12,134.4,61.7,False,False,True
node/10006207182,12,134.4,61.7,True,True,False
node/10006452198,12,134.4,61.7,False,False,True
node/10008868525,12,134.4,61.7,True,False,False
node/10008868528,12,134.4,61.7,False,False,True
node/10008889273,12,134.4,61.7,False,False,True
node/10009011030,12,134.4,61.7,False,False,True
node/10009064543,12,134.4,61.7,True,False,False
node/10044383302,12,134.4,61.7,False,False,True
node/10056597632,12,134.4,61.7,False,False,True
node/10103394740,12,134.4,61.7,True,False,False
node/10103394741,12,134.4,61.7,False,False,True
node/10103394742,12,134.4,61.7,False,True,False
node/10175760858,12,134.4,61.7,False,False,True
node/10175900841,12,134.4,61.7,False,False,True
node/10189375756,12,134.4,61.7,False,False,True
node/10199274347,12,134.4,61.7,False,False,True
node/10199887329,12,134.4,61.7,False,True,False
node/10199887330,12,134.4,61.7,False,True,False
node/10204153342,12,134.4,61.7,False,True,False
node/10204153343,12,134.4,61.7,True,True,False
node/10204153345,12,134.4,61.7,False,True,False
node/10207442018,12,134.4,61.7,False,False,True
node/10207442023,12,134.4,61.7,False,False,True
node/10207587794,12,134.4,61.7,False,True,False
node/10207587797,12,134.4,61.7,False,True,False
node/10207587798,12,134.4,61.7,False,False,True
node/10207587803,12,134.4,61.7,False,True,False
node/10207587805,12,134.4,61.7,False,False,True
node/10207587807,12,134.4,61.7,False,False,True
node/10207587809,12,134.4,61.7,False,False,True
node/10207587811,12,134.4,61.7,False,False,True
node/10212096588,12,134.4,61.7,False,False,True
node/10212096590,12,134.4,61.7,False,False,True
node/10212096594,12,134.4,61.7,False,False,True
node/10214454559,12,134.4,61.7,False,False,True
node/10214557894,12,134.4,61.7,True,False,False
node/10214557897,12,134.4,61.7,False,True,False
node/10220186990,12,134.4,61.7,False,True,False
node/10221647123,12,134.4,61.7,False,True,False
node/10221706211,12,134.4,61.7,False,True,False
node/10233145912,12,134.4,61.7,False,True,False
node/10233145916,12,134.4,61.7,False,False,True
node/10233193117,12,134.4,61.7,False,False,True
node/10233193118,12,134.4,61.7,False,False,True
node/10233193119,12,134.4,61.7,False,False,True
node/10246496584,12,134.4,61.7,False,True,False
node/10259286009,12,134.4,61.7,False,False,True
node/10262640853,12,134.4,61.7,False,True,False
node/10267146386,12,134.4,61.7,False,False,True
node/10294911755,12,134.4,61.7,False,False,True
node/10297955289,12,134.4,61.7,False,True,False
node/10298363397,12,134.4,61.7,False,True,False
node/10298363398,12,134.4,61.7,False,True,False
node/10300849766,12,134.4,61.7,False,False,True
node/10302138467,12,134.4,61.7,False,False,True
node/10302140400,12,134.4,61.7,False,True,False
node/10313084094,12,134.4,61.7,False,False,True
node/10550642607,12,134.4,61.7,False,False,True
node/10550695909,12,134.4,61.7,False,False,True
node/10570800426,12,134.4,61.7,False,True,False
node/10572781594,12,134.4,61.7,False,False,True
node/10572819518,12,134.4,61.7,False,False,True
node/10582303877,12,134.4,61.7,False,False,True
node/10582303878,12,134.4,61.7,False,True,False
node/10582303879,12,134.4,61.7,False,False,True
node/10582303880,12,134.4,61.7,False,True,False
node/10582303881,12,134.4,61.7,False,True,False
node/10582303882,12,134.4,61.7,False,True,False
node/10582303883,12,134.4,61.7,False,True,False
node/10587112992,12,134.4,61.7,False,True,False
node/10587112993,12,134.4,61.7,False,True,False
node/10587112994,12,134.4,61.7,False,False,True
node/10589033362,12,134.4,61.7,False,True,False
node/10589033363,12,134.4,61.7,False,True,False
node/10589033364,12,134.4,61.7,False,True,False
node/10589033365,12,134.4,61.7,False,True,False
node/10589132886,12,134.4,61.7,True,False,False
node/10589132887,12,134.4,61.7,True,False,False
node/10589132888,12,134.4,61.7,False,False,True
node/10594645101,12,134.4,61.7,False,True,False
node/10594645102,12,134.4,61.7,False,True,False
node/10596848258,12,134.4,61.7,False,True,False
node/10596848259,12,134.4,61.7,True,True,False
node/10598917409,12,134.4,61.7,False,True,False
node/10601614184,12,134.4,61.7,False,False,True
node/10601614187,12,134.4,61.7,False,False,True
node/10601614188,12,134.4,61.7,False,True,False
node/10601614189,12,134.4,61.7,True,False,False
node/10601614190,12,134.4,61.7,False,False,True
node/10601614191,12,134.4,61.7,False,True,False
node/10601614192,12,134.4,61.7,False,False,True
node/10601614193,12,134.4,61.7,True,False,False
node/10601655681,12,134.4,61.7,False,True,False
node/10644975558,12,134.4,61.7,False,True,False
node/10644975559,12,134.4,61.7,False,True,False
node/10644975560,12,134.4,61.7,False,True,False
node/10644975562,12,134.4,61.7,False,True,False
node/10646561671,12,134.4,61.7,False,False,True
node/10646561672,12,134.4,61.7,False,True,False
node/10652163790,12,134.4,61.7,False,True,False
node/10652163791,12,134.4,61.7,False,False,True
node/10652163792,12,134.4,61.7,False,True,False
node/10669969858,12,134.4,61.7,True,False,False
node/10681358588,12,134.4,61.7,True,True,False
node/10686312725,12,134.4,61.7,False,False,True
node/10686367822,12,134.4,61.7,False,False,True
node/10695062076,12,134.4,61.7,False,False,True
node/10695066052,12,134.4,61.7,False,False,True
node/10700086556,12,134.4,61.7,False,False,True
node/10707344667,12,134.4,61.7,False,False,True
node/10707454078,12,134.4,61.7,False,False,True
node/10716585952,12,134.4,61.7,False,False,True
node/10719056688,12,134.4,61.7,False,False,True
node/10735512681,12,134.4,61.7,False,True,False
node/10737009427,12,134.4,61.7,False,False,True
node/10737066739,12,134.4,61.7,False,False,True
node/10737067372,12,134.4,61.7,True,False,False
node/10737088551,12,134.4,61.7,False,False,True
node/10737241564,12,134.4,61.7,False,False,True
node/10737334789,12,134.4,61.7,True,False,False
node/10745394912,12,134.4,61.7,False,True,False
node/10745394915,12,134.4,61.7,False,True,False
node/10745477593,12,134.4,61.7,False,True,False
node/10746364332,12,134.4,61.7,False,True,False
node/10748907091,12,134.4,61.7,True,True,False
node/10750421773,12,134.4,61.7,False,False,True
node/10750447195,12,134.4,61.7,False,False,True
node/10750477450,12,134.4,61.7,False,False,True
node/10750548873,12,134.4,61.7,False,False,True
node/10750780153,12,134.4,61.7,False,False,True
node/10755995859,12,134.4,61.7,False,True,False
node/10771358655,12,134.4,61.7,False,False,True
node/10776067841,12,134.4,61.7,False,False,True
node/10776067844,12,134.4,61.7,False,False,True
node/10778025660,12,134.4,61.7,False,False,True
node/10778202585,12,134.4,61.7,False,False,True
node/10778202587,12,134.4,61.7,False,False,True
node/10778270047,12,134.4,61.7,False,False,True
node/10778270050,12,134.4,61.7,False,False,True
node/10778270052,12,134.4,61.7,False,False,True
node/10779337539,12,134.4,61.7,False,False,True
node/10788398292,12,134.4,61.7,False,True,False
node/10794950621,12,134.4,61.7,False,True,False
node/10798943982,12,134.4,61.7,False,False,True
node/10822353650,12,134.4,61.7,False,False,True
node/10822353652,12,134.4,61.7,False,False,True
node/10824717317,12,134.4,61.7,False,False,True
node/10824717320,12,134.4,61.7,False,False,True
node/10837089318,12,134.4,61.7,False,False,True
node/10857691408,12,134.4,61.7,False,False,True
node/10860641329,12,134.4,61.7,False,False,True
node/10860641334,12,134.4,61.7,False,True,False
node/10865419978,12,134.4,61.7,False,False,True
node/10873797461,12,134.4,61.7,False,True,False
node/10891354579,12,134.4,61.7,False,False,True
node/10891354591,12,134.4,61.7,True,False,False
node/10899634896,12,134.4,61.7,False,False,True
node/10919471213,12,134.4,61.7,True,False,False
node/10919471215,12,134.4,61.7,True,False,False
node/10926618869,12,134.4,61.7,False,True,False
node/10942429363,12,134.4,61.7,False,True,False
node/10942429365,12,134.4,61.7,False,True,False
node/10949109054,12,134.4,61.7,False,True,False
node/10961887135,12,134.4,61.7,False,False,True
node/10971486940,12,134.4,61.7,False,True,False
node/10977261284,12,134.4,61.7,False,True,False
node/10981051285,12,134.4,61.7,False,False,True
node/10981051304,12,134.4,61.7,False,False,True
node/10989741468,12,134.4,61.7,True,False,False
node/10995041777,12,134.4,61.7,False,False,True
node/10995041779,12,134.4,61.7,False,False,True
node/10995041788,12,134.4,61.7,False,False,True
node/10995041791,12,134.4,61.7,False,False,True
node/10995041793,12,134.4,61.7,False,True,False
node/11001907246,12,134.4,61.7,False,False,True
node/11001907253,12,134.4,61.7,False,True,False
node/11003348984,12,134.4,61.7,False,True,False
node/11007907456,12,134.4,61.7,False,False,True
node/11007907458,12,134.4,61.7,False,False,True
node/11007907459,12,134.4,61.7,False,True,False
node/11007907462,12,134.4,61.7,False,False,True
node/11007907464,12,134.4,61.7,False,False,True
node/11016695336,12,134.4,61.7,False,False,True
node/11037609725,12,134.4,61.7,False,False,True
node/11097291306,12,134.4,61.7,False,False,True
node/11097291905,12,134.4,61.7,False,False,True
node/11136559005,12,134.4,61.7,True,False,False
node/11149491868,12,134.4,61.7,False,True,False
node/11150977085,12,134.4,61.7,False,True,False
node/11193187175,12,134.4,61.7,False,True,False
node/11193187179,12,134.4,61.7,False,False,True
node/11193187186,12,134.4,61.7,False,False,True
node/11193187188,12,134.4,61.7,False,True,False
node/11193751093,12,134.4,61.7,False,False,True
node/11193751102,12,134.4,61.7,False,True,False
node/11197446155,12,134.4,61.7,False,False,True
node/11203052910,12,134.4,61.7,False,False,True
node/11210550551,12,134.4,61.7,False,True,False
node/11210550553,12,134.4,61.7,False,True,False
node/11212456302,12,134.4,61.7,False,True,False
node/11212456304,12,134.4,61.7,False,False,True
node/11212456308,12,134.4,61.7,False,False,True
node/11215559275,12,134.4,61.7,False,False,True
node/11220604093,12,134.4,61.7,False,False,True
node/11222480993,12,134.4,61.7,False,True,False
node/11222848438,12,134.4,61.7,False,False,True
node/11233627569,12,134.4,61.7,False,False,True
node/11235388391,12,134.4,61.7,False,True,False
node/11235405379,12,134.4,61.7,False,True,False
node/11235408065,12,134.4,61.7,False,True,False
node/11235412827,12,134.4,61.7,False,True,False
node/11235430799,12,134.4,61.7,False,True,False
node/11235430874,12,134.4,61.7,False,False,True
node/11236573939,12,134.4,61.7,False,False,True
node/11238499756,12,134.4,61.7,False,False,True
node/11238499757,12,134.4,61.7,False,False,True
node/11244138190,12,134.4,61.7,True,True,False
node/11248475435,12,134.4,61.7,False,True,False
node/11274012885,12,134.4,61.7,False,False,True
node/11281776284,12,134.4,61.7,True,False,False
node/11283160956,12,134.4,61.7,False,False,True
node/11283184445,12,134.4,61.7,False,False,True
node/11283889164,12,134.4,61.7,False,False,True
node/11283910670,12,134.4,61.7,False,True,False
node/11283956785,12,134.4,61.7,False,True,False
node/11286211754,12,134.4,61.7,False,True,False
node/11286558768,12,134.4,61.7,False,False,True
node/11286572070,12,134.4,61.7,False,False,True
node/11286572071,12,134.4,61.7,False,False,True
node/11286572074,12,134.4,61.7,False,True,False
node/11286572077,12,134.4,61.7,False,True,False
node/11286751086,12,134.4,61.7,True,False,False
node/11286751090,12,134.4,61.7,True,False,False
node/11286751091,12,134.4,61.7,True,False,False
node/11286751094,12,134.4,61.7,False,False,True
node/11289186733,12,134.4,61.7,False,False,True
node/11290916361,12,134.4,61.7,False,False,True
node/11293706011,12,134.4,61.7,False,False,True
node/11293706013,12,134.4,61.7,False,False,True
node/11293706015,12,134.4,61.7,False,False,True
node/11293706017,12,134.4,61.7,False,False,True
node/11293706019,12,134.4,61.7,False,False,True
node/11293706022,12,134.4,61.7,False,False,True
node/11297604116,12,134.4,61.7,False,False,True
node/11297604125,12,134.4,61.7,False,False,True
node/11299621037,12,134.4,61.7,False,False,True
node/11299621038,12,134.4,61.7,False,False,True
node/11299621041,12,134.4,61.7,False,False,True
node/11299621042,12,134.4,61.7,False,False,True
node/11299621045,12,134.4,61.7,False,False,True
node/11299621046,12,134.4,61.7,False,False,True
node/11300078683,12,134.4,61.7,False,True,False
node/11300078685,12,134.4,61.7,False,True,False
node/11300078687,12,134.4,61.7,False,False,True
node/11300078690,12,134.4,61.7,False,False,True
node/11300078692,12,134.4,61.7,False,False,True
node/11300078700,12,134.4,61.7,False,False,True
node/11302894301,12,134.4,61.7,False,False,True
node/11302894305,12,134.4,61.7,False,True,False
node/11302894308,12,134.4,61.7,False,False,True
node/11305046919,12,134.4,61.7,False,False,True
node/11305046922,12,134.4,61.7,False,False,True
node/11307860004,12,134.4,61.7,False,True,False
node/11307860007,12,134.4,61.7,False,True,False
node/11309345425,12,134.4,61.7,True,False,False
node/11309345427,12,134.4,61.7,False,False,True
node/11309345430,12,134.4,61.7,False,False,True
node/11309793360,12,134.4,61.7,False,False,True
node/11309793362,12,134.4,61.7,False,False,True
node/11309895064,12,134.4,61.7,False,False,True
node/11314917558,12,134.4,61.7,False,False,True
node/11323343363,12,134.4,61.7,True,False,False
node/11323343365,12,134.4,61.7,False,False,True
node/11328986976,12,134.4,61.7,False,True,False
node/11328986977,12,134.4,61.7,False,False,True
node/11329310178,12,134.4,61.7,True,False,False
node/11329310180,12,134.4,61.7,True,False,False
node/11329310182,12,134.4,61.7,False,False,True
node/11329310184,12,134.4,61.7,True,True,False
node/11330897293,12,134.4,61.7,False,False,True
node/11331078189,12,134.4,61.7,False,False,True
node/11331221297,12,134.4,61.7,False,False,True
node/11331221302,12,134.4,61.7,False,True,False
node/11333439775,12,134.4,61.7,False,False,True
node/11333439779,12,134.4,61.7,False,False,True
node/11338249480,12,134.4,61.7,False,False,True
node/11341444243,12,134.4,61.7,False,False,True
node/11343157437,12,134.4,61.7,True,False,False
node/11343157441,12,134.4,61.7,False,True,False
node/11346416968,12,134.4,61.7,False,True,False
node/11346523975,12,134.4,61.7,False,True,False
node/11351141167,12,134.4,61.7,False,False,True
node/11360278411,12,134.4,61.7,False,False,True
node/11363940916,12,134.4,61.7,False,False,True
node/11368105980,12,134.4,61.7,False,False,True
node/11368588671,12,134.4,61.7,False,False,True
node/11375700083,12,134.4,61.7,False,False,True
node/11381441089,12,134.4,61.7,False,False,True
node/11394201826,12,134.4,61.7,False,False,True
node/11394201828,12,134.4,61.7,False,False,True
node/11394201830,12,134.4,61.7,False,False,True
node/11394201832,12,134.4,61.7,False,False,True
node/11394201834,12,134.4,61.7,False,False,True
node/11394506647,12,134.4,61.7,False,False,True
node/11396119821,12,134.4,61.7,False,False,True
node/11409602394,12,134.4,61.7,False,True,False
node/11409602397,12,134.4,61.7,False,True,False
node/11409602398,12,134.4,61.7,False,True,False
node/11449233173,12,134.4,61.7,False,False,True
node/11479066355,12,134.4,61.7,False,True,False
node/11486928221,12,134.4,61.7,False,False,True
node/11671805825,12,134.4,61.7,False,True,False
node/11910143361,12,134.4,61.7,False,False,True
node/12119676991,12,134.4,61.7,False,False,True
node/12172779822,12,134.4,61.7,False,False,True
node/12172781205,12,134.4,61.7,False,False,True
node/12190210046,12,134.4,61.7,False,False,True
node/12192793806,12,134.4,61.7,False,False,True
node/12199115379,12,134.4,61.7,False,False,True
node/12282173654,12,134.4,61.7,False,True,False
node/12288248548,12,134.4,61.7,False,True,False
node/12293672165,12,134.4,61.7,False,True,False
node/12294106887,12,134.4,61.7,False,True,False
node/12294241027,12,134.4,61.7,False,True,False
node/12348483124,12,134.4,61.7,False,False,True
node/12348483127,12,134.4,61.7,True,False,False
node/12367986198,12,134.4,61.7,False,False,True
node/12367986200,12,134.4,61.7,False,False,True
node/12371264418,12,134.4,61.7,False,False,True
node/12371264420,12,134.4,61.7,False,False,True
node/12371264422,12,134.4,61.7,False,True,False
node/12371264424,12,134.4,61.7,False,True,False
node/12371264426,12,134.4,61.7,False,True,False
node/12371264428,12,134.4,61.7,False,False,True
node/12384729380,12,134.4,61.7,False,False,True
node/12384729382,12,134.4,61.7,False,False,True
node/12384973717,12,134.4,61.7,False,False,True
node/12384973719,12,134.4,61.7,False,True,False
node/12384973720,12,134.4,61.7,True,False,False
node/12384973723,12,134.4,61.7,False,False,True
node/12384973725,12,134.4,61.7,False,True,False
node/12384973726,12,134.4,61.7,True,True,False
node/12384973729,12,134.4,61.7,True,True,False
node/12388466673,12,134.4,61.7,False,False,True
node/12416572526,12,134.4,61.7,False,False,True
node/12453116220,12,134.4,61.7,False,False,True
node/12453144002,12,134.4,61.7,False,True,False
node/12527905018,12,134.4,61.7,False,False,True
node/12529678839,12,134.4,61.7,False,False,True
node/12531539666,12,134.4,61.7,False,True,False
node/12616221007,12,134.4,61.7,True,False,False
node/12616221009,12,134.4,61.7,False,True,False
node/12620653917,12,134.4,61.7,False,False,True
node/12623557021,12,134.4,61.7,False,False,True
node/12625947814,12,134.4,61.7,False,False,True
node/12625947816,12,134.4,61.7,False,False,True
node/12633396728,12,134.4,61.7,False,False,True
node/12760074395,12,134.4,61.7,False,False,True
node/12760074400,12,134.4,61.7,False,False,True
node/12760085602,12,134.4,61.7,False,False,True
node/12898594759,12,134.4,61.7,False,False,True
node/12949650911,12,134.4,61.7,False,False,True
node/12961190801,12,134.4,61.7,True,False,False
node/12961190802,12,134.4,61.7,True,False,False
node/12961249305,12,134.4,61.7,False,False,True
node/13335422720,12,134.4,61.7,True,False,False
node/13335422721,12,134.4,61.7,False,False,True
node/13338205713,12,134.4,61.7,False,True,False
node/13338205726,12,134.4,61.7,False,True,False
node/13358645044,12,134.4,61.7,False,False,True
node/13390489892,12,134.4,61.7,True,False,False
node/13462282699,12,134.4,61.7,True,False,False
node/13462423720,12,134.4,61.7,False,False,True
node/13463687345,12,134.4,61.7,False,True,False
node/13463687346,12,134.4,61.7,False,True,False
node/13463687349,12,134.4,61.7,False,True,False
node/13463687352,12,134.4,61.7,False,True,False
node/13474226814,12,134.4,61.7,False,True,False
node/13474226815,12,134.4,61.7,False,False,True
node/13523874202,12,134.4,61.7,True,False,False
node/13566135712,12,134.4,61.7,False,False,True
node/13570114678,12,134.4,61.7,False,True,False
node/13585814422,12,134.4,61.7,False,False,True
node/13585814424,12,134.4,61.7,False,False,True
node/13585814425,12,134.4,61.7,False,False,True
node/13607465023,12,134.4,61.7,False,True,False
node/13645258115,12,134.4,61.7,False,False,True
node/13651994145,12,134.4,61.7,False,True,False
node/13655204277,12,134.4,61.7,False,True,False
node/13725165459,12,134.4,61.7,False,False,True
node/13786920938,12,134.4,61.7,False,False,True
node/13786920939,12,134.4,61.7,False,False,True
node/13787007025,12,134.4,61.7,False,True,False
node/13794370691,12,134.4,61.7,False,False,True
node/13795016030,12,134.4,61.7,False,True,False
node/13795300298,12,134.4,61.7,False,False,True
node/13795390647,12,134.4,61.7,False,False,True
node/13795390648,12,134.4,61.7,False,False,True
node/13798463596,12,134.4,61.7,True,False,False
node/13798524124,12,134.4,61.7,False,True,False
node/13798576354,12,134.4,61.7,True,False,False
node/13828018057,12,134.4,61.7,False,False,True
node/13867225722,12,134.4,61.7,False,False,True
node/13911832401,12,134.4,61.7,False,False,True
node/14029009015,12,134.4,61.7,False,False,True
node/21298371,13,164.1,67.2,False,False,True
node/95760547,13,164.1,67.2,False,True,False
node/95760548,13,164.1,67.2,False,False,True
node/95760550,13,164.1,67.2,True,False,False
node/95766440,13,164.1,67.2,True,True,False
node/95766815,13,164.1,67.2,False,False,True
node/102254906,13,164.1,67.2,False,True,False
node/114340464,13,164.1,67.2,False,True,False
node/114359530,13,164.1,67.2,False,True,False
node/114359538,13,164.1,67.2,False,False,True
node/114359562,13,164.1,67.2,False,True,False
node/114359572,13,164.1,67.2,False,True,False
node/245477294,13,164.1,67.2,False,True,False
node/245557029,13,164.1,67.2,False,True,False
node/245557039,13,164.1,67.2,True,True,False
node/245557048,13,164.1,67.2,False,True,False
node/245557054,13,164.1,67.2,False,True,False
node/245566207,13,164.1,67.2,True,False,False
node/248225549,13,164.1,67.2,False,True,False
node/251745095,13,164.1,67.2,False,True,False
node/260349632,13,164.1,67.2,False,False,True
node/260349654,13,164.1,67.2,False,True,False
node/260350380,13,164.1,67.2,False,True,False
node/260350384,13,164.1,67.2,False,True,False
node/260350759,13,164.1,67.2,False,True,False
node/268403389,13,164.1,67.2,False,True,False
node/268403390,13,164.1,67.2,False,True,False
node/268403415,13,164.1,67.2,False,True,False
node/268403421,13,164.1,67.2,False,True,False
node/271199334,13,164.1,67.2,False,False,True
node/281014139,13,164.1,67.2,False,False,True
node/281014594,13,164.1,67.2,False,True,False
node/282012567,13,164.1,67.2,False,True,False
node/282014871,13,164.1,67.2,False,True,False
node/292089713,13,164.1,67.2,False,True,False
node/306412919,13,164.1,67.2,False,True,False
node/306596480,13,164.1,67.2,False,True,False
node/343365115,13,164.1,67.2,False,True,False
node/345361935,13,164.1,67.2,True,False,False
node/345361940,13,164.1,67.2,False,True,False
node/345361945,13,164.1,67.2,False,False,True
node/345361952,13,164.1,67.2,False,True,False
node/365547378,13,164.1,67.2,False,True,False
node/365561354,13,164.1,67.2,False,False,True
node/428296354,13,164.1,67.2,False,True,False
node/428787332,13,164.1,67.2,False,True,False
node/428791961,13,164.1,67.2,False,True,False
node/429185332,13,164.1,67.2,False,True,False
node/429187148,13,164.1,67.2,False,False,True
node/429187149,13,164.1,67.2,False,True,False
node/432845451,13,164.1,67.2,False,True,False
node/432845456,13,164.1,67.2,False,True,False
node/441590515,13,164.1,67.2,False,True,False
node/441590516,13,164.1,67.2,False,True,False
node/506111737,13,164.1,67.2,False,True,False
node/540813432,13,164.1,67.2,False,False,True
node/583399850,13,164.1,67.2,False,True,False
node/615041486,13,164.1,67.2,False,False,True
node/634639449,13,164.1,67.2,False,True,False
node/634639645,13,164.1,67.2,False,True,False
node/642433231,13,164.1,67.2,False,True,False
node/642433232,13,164.1,67.2,False,True,False
node/642433233,13,164.1,67.2,False,True,False
node/643630956,13,164.1,67.2,False,True,False
node/643630958,13,164.1,67.2,False,False,True
node/645389866,13,164.1,67.2,False,True,False
node/645389873,13,164.1,67.2,False,False,True
node/645389878,13,164.1,67.2,False,False,True
node/645389913,13,164.1,67.2,False,True,False
node/645389918,13,164.1,67.2,False,True,False
node/645389928,13,164.1,67.2,False,True,False
node/647201933,13,164.1,67.2,False,True,False
node/647201935,13,164.1,67.2,False,True,False
node/648626763,13,164.1,67.2,False,True,False
node/648626772,13,164.1,67.2,False,True,False
node/648626781,13,164.1,67.2,False,True,False
node/648626782,13,164.1,67.2,False,True,False
node/648626783,13,164.1,67.2,False,True,False
node/648626786,13,164.1,67.2,False,True,False
node/648653672,13,164.1,67.2,False,False,True
node/648653719,13,164.1,67.2,False,True,False
node/649739307,13,164.1,67.2,False,True,False
node/649739313,13,164.1,67.2,False,True,False
node/649739318,13,164.1,67.2,False,True,False
node/649739404,13,164.1,67.2,False,True,False
node/649739407,13,164.1,67.2,False,True,False
node/649739411,13,164.1,67.2,False,True,False
node/649739415,13,164.1,67.2,False,True,False
node/649739510,13,164.1,67.2,False,True,False
node/649739564,13,164.1,67.2,False,True,False
node/649739566,13,164.1,67.2,False,True,False
node/650781102,13,164.1,67.2,False,True,False
node/650781127,13,164.1,67.2,False,False,True
node/650781131,13,164.1,67.2,False,True,False
node/653771340,13,164.1,67.2,False,True,False
node/654538356,13,164.1,67.2,False,True,False
node/654538374,13,164.1,67.2,False,True,False
node/654538375,13,164.1,67.2,False,True,False
node/654538389,13,164.1,67.2,False,True,False
node/654538397,13,164.1,67.2,False,True,False
node/654538401,13,164.1,67.2,False,True,False
node/654538411,13,164.1,67.2,False,True,False
node/654538442,13,164.1,67.2,False,True,False
node/654538443,13,164.1,67.2,False,False,True
node/654538451,13,164.1,67.2,False,True,False
node/654538454,13,164.1,67.2,False,True,False
node/654538457,13,164.1,67.2,False,True,False
node/654538460,13,164.1,67.2,False,True,False
node/654538463,13,164.1,67.2,False,True,False
node/654538466,13,164.1,67.2,False,True,False
node/654538473,13,164.1,67.2,False,False,True
node/654538490,13,164.1,67.2,False,True,False
node/655335119,13,164.1,67.2,False,True,False
node/655335152,13,164.1,67.2,False,True,False
node/655335180,13,164.1,67.2,False,True,False
node/655335182,13,164.1,67.2,True,False,False
node/655335201,13,164.1,67.2,False,True,False
node/656735044,13,164.1,67.2,False,True,False
node/656735048,13,164.1,67.2,False,True,False
node/656735052,13,164.1,67.2,False,False,True
node/656735055,13,164.1,67.2,False,True,False
node/656735065,13,164.1,67.2,False,True,False
node/656735070,13,164.1,67.2,False,True,False
node/656735073,13,164.1,67.2,True,True,False
node/656735077,13,164.1,67.2,False,False,True
node/656735078,13,164.1,67.2,False,True,False
node/656735081,13,164.1,67.2,False,True,False
node/656735085,13,164.1,67.2,False,False,True
node/656863421,13,164.1,67.2,False,True,False
node/656863425,13,164.1,67.2,False,True,False
node/656863430,13,164.1,67.2,False,True,False
node/656863433,13,164.1,67.2,True,True,False
node/656863437,13,164.1,67.2,False,True,False
node/656863438,13,164.1,67.2,False,True,False
node/656863440,13,164.1,67.2,False,True,False
node/656863441,13,164.1,67.2,False,True,False
node/656863442,13,164.1,67.2,False,True,False
node/656863443,13,164.1,67.2,False,True,False
node/656863444,13,164.1,67.2,False,True,False
node/656863445,13,164.1,67.2,False,True,False
node/658877712,13,164.1,67.2,False,False,True
node/658877713,13,164.1,67.2,False,False,True
node/658877718,13,164.1,67.2,False,True,False
node/658911165,13,164.1,67.2,False,True,False
node/658911193,13,164.1,67.2,False,False,True
node/658911195,13,164.1,67.2,False,False,True
node/658911196,13,164.1,67.2,False,True,False
node/658911197,13,164.1,67.2,False,True,False
node/659563415,13,164.1,67.2,False,False,True
node/659563416,13,164.1,67.2,False,False,True
node/660867285,13,164.1,67.2,False,True,False
node/660867286,13,164.1,67.2,False,True,False
node/660867287,13,164.1,67.2,False,True,False
node/660867288,13,164.1,67.2,False,False,True
node/660867289,13,164.1,67.2,False,True,False
node/660867290,13,164.1,67.2,False,True,False
node/660867292,13,164.1,67.2,False,False,True
node/660867293,13,164.1,67.2,False,True,False
node/660867294,13,164.1,67.2,False,True,False
node/660867295,13,164.1,67.2,False,False,True
node/660867296,13,164.1,67.2,False,True,False
node/660867298,13,164.1,67.2,False,True,False
node/660867299,13,164.1,67.2,False,True,False
node/660867300,13,164.1,67.2,False,False,True
node/660867304,13,164.1,67.2,False,True,False
node/660867305,13,164.1,67.2,False,False,True
node/660867312,13,164.1,67.2,False,False,True
node/660867313,13,164.1,67.2,False,False,True
node/660867314,13,164.1,67.2,False,True,False
node/660867315,13,164.1,67.2,False,True,False
node/660867316,13,164.1,67.2,False,False,True
node/660867317,13,164.1,67.2,False,True,False
node/660867318,13,164.1,67.2,False,True,False
node/660867324,13,164.1,67.2,False,True,False
node/660867325,13,164.1,67.2,False,True,False
node/660867326,13,164.1,67.2,False,True,False
node/660867327,13,164.1,67.2,False,False,True
node/660867339,13,164.1,67.2,False,True,False
node/660867340,13,164.1,67.2,False,True,False
node/660867344,13,164.1,67.2,False,True,False
node/660867345,13,164.1,67.2,False,True,False
node/660867346,13,164.1,67.2,False,True,False
node/660867347,13,164.1,67.2,False,True,False
node/660867349,13,164.1,67.2,False,False,True
node/660880366,13,164.1,67.2,False,True,False
node/660880367,13,164.1,67.2,False,True,False
node/661288871,13,164.1,67.2,False,False,True
node/661288898,13,164.1,67.2,False,True,False
node/661288904,13,164.1,67.2,False,False,True
node/661288911,13,164.1,67.2,False,False,True
node/661288915,13,164.1,67.2,False,True,False
node/661288930,13,164.1,67.2,False,False,True
node/661288941,13,164.1,67.2,False,True,False
node/661288968,13,164.1,67.2,False,False,True
node/661757871,13,164.1,67.2,False,False,True
node/661757872,13,164.1,67.2,False,True,False
node/661757877,13,164.1,67.2,False,True,False
node/661757879,13,164.1,67.2,False,False,True
node/661757880,13,164.1,67.2,False,True,False
node/661757882,13,164.1,67.2,False,True,False
node/661757898,13,164.1,67.2,False,True,False
node/661757908,13,164.1,67.2,False,True,False
node/661757910,13,164.1,67.2,False,True,False
node/661757912,13,164.1,67.2,False,True,False
node/661757915,13,164.1,67.2,False,True,False
node/661757917,13,164.1,67.2,False,True,False
node/661757918,13,164.1,67.2,False,True,False
node/661773006,13,164.1,67.2,False,True,False
node/661773007,13,164.1,67.2,False,True,False
node/661773011,13,164.1,67.2,False,True,False
node/661829363,13,164.1,67.2,False,True,False
node/661829364,13,164.1,67.2,False,False,True
node/661829365,13,164.1,67.2,False,True,False
node/661829366,13,164.1,67.2,False,True,False
node/661829367,13,164.1,67.2,False,True,False
node/661829369,13,164.1,67.2,False,False,True
node/661829371,13,164.1,67.2,False,True,False
node/661829374,13,164.1,67.2,False,True,False
node/661829376,13,164.1,67.2,False,True,False
node/661902193,13,164.1,67.2,False,False,True
node/661902212,13,164.1,67.2,False,True,False
node/662188142,13,164.1,67.2,False,False,True
node/662249354,13,164.1,67.2,True,True,False
node/662249355,13,164.1,67.2,False,False,True
node/662287133,13,164.1,67.2,False,False,True
node/662287136,13,164.1,67.2,False,False,True
node/662287137,13,164.1,67.2,False,True,False
node/662287139,13,164.1,67.2,True,False,False
node/662287141,13,164.1,67.2,False,True,False
node/662287142,13,164.1,67.2,False,False,True
node/662300553,13,164.1,67.2,False,False,True
node/662300555,13,164.1,67.2,False,True,False
node/662300556,13,164.1,67.2,False,True,False
node/662300559,13,164.1,67.2,False,True,False
node/662300561,13,164.1,67.2,False,True,False
node/662300562,13,164.1,67.2,False,True,False
node/662300563,13,164.1,67.2,False,True,False
node/662300564,13,164.1,67.2,False,False,True
node/662300565,13,164.1,67.2,False,False,True
node/662344054,13,164.1,67.2,False,True,False
node/662344055,13,164.1,67.2,False,False,True
node/662344057,13,164.1,67.2,False,True,False
node/662438476,13,164.1,67.2,False,True,False
node/662585054,13,164.1,67.2,False,False,True
node/662585056,13,164.1,67.2,False,True,False
node/662585059,13,164.1,67.2,False,True,False
node/662585063,13,164.1,67.2,True,False,False
node/662585066,13,164.1,67.2,True,True,False
node/662585070,13,164.1,67.2,False,True,False
node/662585073,13,164.1,67.2,False,True,False
node/662585078,13,164.1,67.2,False,False,True
node/662585081,13,164.1,67.2,False,True,False
node/662585084,13,164.1,67.2,False,True,False
node/663389725,13,164.1,67.2,False,True,False
node/663389729,13,164.1,67.2,False,False,True
node/663825165,13,164.1,67.2,False,False,True
node/663825168,13,164.1,67.2,False,False,True
node/663825170,13,164.1,67.2,False,True,False
node/663868617,13,164.1,67.2,False,True,False
node/663868618,13,164.1,67.2,False,False,True
node/663868619,13,164.1,67.2,False,True,False
node/664389964,13,164.1,67.2,False,False,True
node/667196516,13,164.1,67.2,False,True,False
node/674736277,13,164.1,67.2,False,True,False
node/676643327,13,164.1,67.2,False,True,False
node/676643331,13,164.1,67.2,False,True,False
node/676643332,13,164.1,67.2,False,True,False
node/676643334,13,164.1,67.2,True,True,False
node/676691581,13,164.1,67.2,False,True,False
node/676691586,13,164.1,67.2,False,True,False
node/676691589,13,164.1,67.2,False,True,False
node/676691594,13,164.1,67.2,False,False,True
node/676691598,13,164.1,67.2,False,False,True
node/676691604,13,164.1,67.2,False,False,True
node/676700279,13,164.1,67.2,False,True,False
node/676738424,13,164.1,67.2,False,True,False
node/676738427,13,164.1,67.2,False,True,False
node/676738429,13,164.1,67.2,False,True,False
node/676738431,13,164.1,67.2,False,True,False
node/676738433,13,164.1,67.2,False,False,True
node/676745533,13,164.1,67.2,False,False,True
node/678880586,13,164.1,67.2,False,True,False
node/678880588,13,164.1,67.2,False,True,False
node/678880589,13,164.1,67.2,False,True,False
node/678880590,13,164.1,67.2,False,False,True
node/678880591,13,164.1,67.2,True,False,False
node/678880592,13,164.1,67.2,False,True,False
node/678880593,13,164.1,67.2,True,False,False
node/678880594,13,164.1,67.2,True,False,False
node/678880595,13,164.1,67.2,True,False,False
node/678880597,13,164.1,67.2,True,True,False
node/678880608,13,164.1,67.2,False,True,False
node/678880610,13,164.1,67.2,False,False,True
node/678880612,13,164.1,67.2,True,False,False
node/678880613,13,164.1,67.2,False,False,True
node/679447426,13,164.1,67.2,False,True,False
node/679475723,13,164.1,67.2,False,False,True
node/679475726,13,164.1,67.2,False,True,False
node/679475728,13,164.1,67.2,False,True,False
node/679475731,13,164.1,67.2,True,False,False
node/679479311,13,164.1,67.2,False,True,False
node/680299285,13,164.1,67.2,False,True,False
node/680377132,13,164.1,67.2,False,True,False
node/680520275,13,164.1,67.2,False,True,False
node/680520281,13,164.1,67.2,False,True,False
node/680520285,13,164.1,67.2,False,False,True
node/680520294,13,164.1,67.2,False,True,False
node/680520299,13,164.1,67.2,False,False,True
node/680520328,13,164.1,67.2,False,False,True
node/680520333,13,164.1,67.2,False,True,False
node/680520338,13,164.1,67.2,False,False,True
node/680520342,13,164.1,67.2,False,False,True
node/680520360,13,164.1,67.2,False,True,False
node/687864649,13,164.1,67.2,False,False,True
node/692073197,13,164.1,67.2,False,True,False
node/692073222,13,164.1,67.2,False,False,True
node/693683785,13,164.1,67.2,False,False,True
node/693933529,13,164.1,67.2,False,True,False
node/693933532,13,164.1,67.2,False,False,True
node/705535132,13,164.1,67.2,False,True,False
node/705664753,13,164.1,67.2,False,True,False
node/705685629,13,164.1,67.2,False,False,True
node/705704754,13,164.1,67.2,False,False,True
node/705704795,13,164.1,67.2,False,False,True
node/705704828,13,164.1,67.2,False,False,True
node/705722195,13,164.1,67.2,False,True,False
node/705722196,13,164.1,67.2,False,False,True
node/705722197,13,164.1,67.2,False,True,False
node/705722198,13,164.1,67.2,False,True,False
node/705722199,13,164.1,67.2,False,False,True
node/705722205,13,164.1,67.2,False,True,False
node/705722208,13,164.1,67.2,False,False,True
node/705722221,13,164.1,67.2,False,True,False
node/706725638,13,164.1,67.2,False,True,False
node/708087631,13,164.1,67.2,False,False,True
node/708087634,13,164.1,67.2,False,True,False
node/708087640,13,164.1,67.2,True,True,False
node/708087642,13,164.1,67.2,False,True,False
node/708087644,13,164.1,67.2,False,False,True
node/708087647,13,164.1,67.2,False,False,True
node/708087651,13,164.1,67.2,False,True,False
node/708123785,13,164.1,67.2,False,True,False
node/708123787,13,164.1,67.2,True,True,False
node/708123789,13,164.1,67.2,False,True,False
node/708123793,13,164.1,67.2,False,True,False
node/714175316,13,164.1,67.2,False,True,False
node/714175323,13,164.1,67.2,False,False,True
node/714175327,13,164.1,67.2,False,False,True
node/714175330,13,164.1,67.2,False,False,True
node/714175333,13,164.1,67.2,False,True,False
node/714175337,13,164.1,67.2,False,True,False
node/714175341,13,164.1,67.2,False,True,False
node/714307639,13,164.1,67.2,False,True,False
node/714307640,13,164.1,67.2,False,True,False
node/714307641,13,164.1,67.2,False,True,False
node/714307642,13,164.1,67.2,False,True,False
node/714307643,13,164.1,67.2,False,True,False
node/714307644,13,164.1,67.2,False,True,False
node/714307646,13,164.1,67.2,False,True,False
node/714307653,13,164.1,67.2,False,True,False
node/714307655,13,164.1,67.2,False,True,False
node/714331149,13,164.1,67.2,False,True,False
node/714331150,13,164.1,67.2,False,True,False
node/715795985,13,164.1,67.2,False,True,False
node/715795988,13,164.1,67.2,False,True,False
node/715795997,13,164.1,67.2,False,True,False
node/715795999,13,164.1,67.2,False,True,False
node/715796009,13,164.1,67.2,False,True,False
node/715796017,13,164.1,67.2,False,True,False
node/715796020,13,164.1,67.2,False,False,True
node/715827009,13,164.1,67.2,False,True,False
node/715827015,13,164.1,67.2,False,True,False
node/715948229,13,164.1,67.2,True,False,False
node/715948266,13,164.1,67.2,False,False,True
node/715987136,13,164.1,67.2,False,True,False
node/715987152,13,164.1,67.2,False,True,False
node/715987155,13,164.1,67.2,False,True,False
node/715987157,13,164.1,67.2,False,True,False
node/715987159,13,164.1,67.2,False,True,False
node/715987161,13,164.1,67.2,False,True,False
node/716008478,13,164.1,67.2,False,True,False
node/716008561,13,164.1,67.2,False,True,False
node/716008564,13,164.1,67.2,False,True,False
node/716008566,13,164.1,67.2,False,False,True
node/716008568,13,164.1,67.2,False,True,False
node/716008570,13,164.1,67.2,False,True,False
node/716015766,13,164.1,67.2,False,True,False
node/716023939,13,164.1,67.2,False,True,False
node/716023940,13,164.1,67.2,False,True,False
node/716023943,13,164.1,67.2,False,True,False
node/716023944,13,164.1,67.2,False,True,False
node/716023945,13,164.1,67.2,False,True,False
node/716023947,13,164.1,67.2,False,True,False
node/717641269,13,164.1,67.2,False,False,True
node/717641278,13,164.1,67.2,False,True,False
node/717641294,13,164.1,67.2,False,True,False
node/717641295,13,164.1,67.2,False,True,False
node/717641335,13,164.1,67.2,False,True,False
node/717641337,13,164.1,67.2,False,False,True
node/723173231,13,164.1,67.2,True,False,False
node/723278918,13,164.1,67.2,False,True,False
node/723278937,13,164.1,67.2,False,False,True
node/723278949,13,164.1,67.2,True,False,False
node/723278960,13,164.1,67.2,False,True,False
node/726880667,13,164.1,67.2,False,False,True
node/726880696,13,164.1,67.2,False,False,True
node/726880711,13,164.1,67.2,False,True,False
node/726880721,13,164.1,67.2,False,True,False
node/726880760,13,164.1,67.2,False,False,True
node/726899485,13,164.1,67.2,False,True,False
node/726905052,13,164.1,67.2,False,False,True
node/726923443,13,164.1,67.2,True,False,False
node/726927282,13,164.1,67.2,False,True,False
node/726927283,13,164.1,67.2,False,True,False
node/727781189,13,164.1,67.2,False,False,True
node/727781213,13,164.1,67.2,False,True,False
node/727781214,13,164.1,67.2,False,True,False
node/727802743,13,164.1,67.2,False,False,True
node/727802745,13,164.1,67.2,False,False,True
node/729049314,13,164.1,67.2,False,False,True
node/729049328,13,164.1,67.2,False,True,False
node/729049334,13,164.1,67.2,False,True,False
node/729049339,13,164.1,67.2,False,True,False
node/729049346,13,164.1,67.2,False,True,False
node/729049367,13,164.1,67.2,False,True,False
node/729049373,13,164.1,67.2,False,True,False
node/729049377,13,164.1,67.2,False,True,False
node/729049383,13,164.1,67.2,False,True,False
node/729049385,13,164.1,67.2,False,True,False
node/729049388,13,164.1,67.2,False,True,False
node/729049391,13,164.1,67.2,False,True,False
node/729049395,13,164.1,67.2,False,True,False
node/729049397,13,164.1,67.2,False,True,False
node/729313995,13,164.1,67.2,False,True,False
node/729313996,13,164.1,67.2,False,True,False
node/729313999,13,164.1,67.2,False,True,False
node/729314003,13,164.1,67.2,False,True,False
node/729314006,13,164.1,67.2,False,True,False
node/729314009,13,164.1,67.2,False,True,False
node/729314010,13,164.1,67.2,True,True,False
node/729314013,13,164.1,67.2,False,True,False
node/729314014,13,164.1,67.2,False,True,False
node/729314016,13,164.1,67.2,False,True,False
node/729314017,13,164.1,67.2,False,True,False
node/729314018,13,164.1,67.2,True,True,False
node/729314022,13,164.1,67.2,False,True,False
node/729314023,13,164.1,67.2,False,True,False
node/729314024,13,164.1,67.2,False,True,False
node/729314025,13,164.1,67.2,False,True,False
node/729314026,13,164.1,67.2,False,True,False
node/729314027,13,164.1,67.2,False,True,False
node/729314028,13,164.1,67.2,False,True,False
node/729314029,13,164.1,67.2,False,True,False
node/729314030,13,164.1,67.2,True,True,False
node/729314031,13,164.1,67.2,False,True,False
node/729314034,13,164.1,67.2,False,True,False
node/729314035,13,164.1,67.2,False,True,False
node/729314036,13,164.1,67.2,False,True,False
node/729314038,13,164.1,67.2,False,True,False
node/729314039,13,164.1,67.2,False,True,False
node/729314040,13,164.1,67.2,False,False,True
node/729314041,13,164.1,67.2,False,True,False
node/729314042,13,164.1,67.2,False,True,False
node/729314043,13,164.1,67.2,False,True,False
node/729314044,13,164.1,67.2,False,False,True
node/729314045,13,164.1,67.2,False,True,False
node/729314046,13,164.1,67.2,False,True,False
node/729314047,13,164.1,67.2,False,True,False
node/729314048,13,164.1,67.2,False,True,False
node/729314050,13,164.1,67.2,False,True,False
node/729314052,13,164.1,67.2,False,True,False
node/729314064,13,164.1,67.2,False,True,False
node/729314066,13,164.1,67.2,False,False,True
node/729314068,13,164.1,67.2,False,True,False
node/729314070,13,164.1,67.2,False,True,False
node/736901117,13,164.1,67.2,False,False,True
node/736901118,13,164.1,67.2,False,True,False
node/745843278,13,164.1,67.2,False,False,True
node/745843542,13,164.1,67.2,False,False,True
node/745843545,13,164.1,67.2,False,False,True
node/745843563,13,164.1,67.2,False,False,True
node/745843569,13,164.1,67.2,False,False,True
node/745843571,13,164.1,67.2,False,False,True
node/745843576,13,164.1,67.2,False,False,True
node/745843585,13,164.1,67.2,False,False,True
node/745843596,13,164.1,67.2,False,False,True
node/745843602,13,164.1,67.2,False,False,True
node/745843611,13,164.1,67.2,False,True,False
node/745843617,13,164.1,67.2,False,True,False
node/745843620,13,164.1,67.2,False,False,True
node/745843621,13,164.1,67.2,False,True,False
node/745843639,13,164.1,67.2,False,True,False
node/745843644,13,164.1,67.2,False,False,True
node/745843650,13,164.1,67.2,False,False,True
node/745843653,13,164.1,67.2,False,False,True
node/745843668,13,164.1,67.2,False,True,False
node/745843686,13,164.1,67.2,False,True,False
node/745843689,13,164.1,67.2,False,False,True
node/745843700,13,164.1,67.2,False,False,True
node/745843718,13,164.1,67.2,False,True,False
node/745843722,13,164.1,67.2,False,True,False
node/745843747,13,164.1,67.2,False,False,True
node/745843781,13,164.1,67.2,False,True,False
node/745843793,13,164.1,67.2,False,True,False
node/745843795,13,164.1,67.2,False,True,False
node/745843804,13,164.1,67.2,False,True,False
node/745843817,13,164.1,67.2,False,False,True
node/747373723,13,164.1,67.2,False,True,False
node/749915461,13,164.1,67.2,False,False,True
node/749915469,13,164.1,67.2,False,True,False
node/749915496,13,164.1,67.2,False,True,False
node/749915501,13,164.1,67.2,False,True,False
node/776998377,13,164.1,67.2,False,False,True
node/776998421,13,164.1,67.2,False,True,False
node/776998536,13,164.1,67.2,False,True,False
node/776998611,13,164.1,67.2,False,True,False
node/776998622,13,164.1,67.2,False,True,False
node/776998653,13,164.1,67.2,False,True,False
node/776998658,13,164.1,67.2,False,True,False
node/776998702,13,164.1,67.2,False,True,False
node/776998708,13,164.1,67.2,False,True,False
node/785897777,13,164.1,67.2,False,True,False
node/785897978,13,164.1,67.2,False,True,False
node/793812415,13,164.1,67.2,False,True,False
node/886417884,13,164.1,67.2,False,True,False
node/886547417,13,164.1,67.2,False,True,False
node/886547790,13,164.1,67.2,False,True,False
node/895947217,13,164.1,67.2,False,True,False
node/935738120,13,164.1,67.2,False,True,False
node/935738124,13,164.1,67.2,False,True,False
node/935738170,13,164.1,67.2,False,True,False
node/959824618,13,164.1,67.2,False,True,False
node/959824625,13,164.1,67.2,False,False,True
node/959824630,13,164.1,67.2,False,True,False
node/959824634,13,164.1,67.2,False,True,False
node/959824649,13,164.1,67.2,False,True,False
node/959824652,13,164.1,67.2,False,True,False
node/959824653,13,164.1,67.2,False,True,False
node/959824656,13,164.1,67.2,False,True,False
node/959824657,13,164.1,67.2,False,False,True
node/959824659,13,164.1,67.2,False,False,True
node/959824660,13,164.1,67.2,False,True,False
node/959824663,13,164.1,67.2,False,True,False
node/959824666,13,164.1,67.2,True,True,False
node/959824668,13,164.1,67.2,False,True,False
node/959824671,13,164.1,67.2,False,False,True
node/981872291,13,164.1,67.2,False,True,False
node/981872301,13,164.1,67.2,False,True,False
node/981872303,13,164.1,67.2,False,True,False
node/981872304,13,164.1,67.2,False,True,False
node/982682845,13,164.1,67.2,False,False,True
node/982682846,13,164.1,67.2,False,False,True
node/982682847,13,164.1,67.2,False,True,False
node/982855592,13,164.1,67.2,False,True,False
node/983814549,13,164.1,67.2,False,True,False
node/992112751,13,164.1,67.2,False,True,False
node/992112753,13,164.1,67.2,False,True,False
node/992113410,13,164.1,67.2,False,True,False
node/994009755,13,164.1,67.2,False,True,False
node/994089720,13,164.1,67.2,False,True,False
node/994089728,13,164.1,67.2,False,True,False
node/994089735,13,164.1,67.2,False,False,True
node/994118008,13,164.1,67.2,True,False,False
node/994118017,13,164.1,67.2,False,True,False
node/994132203,13,164.1,67.2,False,False,True
node/994147890,13,164.1,67.2,False,False,True
node/994147892,13,164.1,67.2,False,True,False
node/994147895,13,164.1,67.2,False,False,True
node/994147905,13,164.1,67.2,False,False,True
node/994147907,13,164.1,67.2,False,False,True
node/994183875,13,164.1,67.2,False,False,True
node/994183913,13,164.1,67.2,False,True,False
node/994183921,13,164.1,67.2,False,False,True
node/994183929,13,164.1,67.2,False,False,True
node/996118014,13,164.1,67.2,False,True,False
node/996118054,13,164.1,67.2,False,True,False
node/996190138,13,164.1,67.2,False,True,False
node/996572168,13,164.1,67.2,False,False,True
node/996572180,13,164.1,67.2,False,False,True
node/996572322,13,164.1,67.2,False,True,False
node/997306488,13,164.1,67.2,False,False,True
node/998207278,13,164.1,67.2,False,False,True
node/998638141,13,164.1,67.2,False,True,False
node/998638179,13,164.1,67.2,False,True,False
node/998759971,13,164.1,67.2,False,False,True
node/998807645,13,164.1,67.2,False,True,False
node/998807657,13,164.1,67.2,False,True,False
node/1003229677,13,164.1,67.2,False,True,False
node/1003229681,13,164.1,67.2,False,True,False
node/1003229692,13,164.1,67.2,False,True,False
node/1003229702,13,164.1,67.2,False,True,False
node/1003229707,13,164.1,67.2,False,True,False
node/1003229715,13,164.1,67.2,False,True,False
node/1003229718,13,164.1,67.2,False,True,False
node/1003229728,13,164.1,67.2,False,True,False
node/1003229735,13,164.1,67.2,False,True,False
node/1003229737,13,164.1,67.2,False,True,False
node/1003229752,13,164.1,67.2,False,True,False
node/1003276458,13,164.1,67.2,False,True,False
node/1003276459,13,164.1,67.2,False,True,False
node/1003276463,13,164.1,67.2,False,True,False
node/1003276465,13,164.1,67.2,False,True,False
node/1003276466,13,164.1,67.2,False,True,False
node/1003276473,13,164.1,67.2,False,True,False
node/1004444450,13,164.1,67.2,False,True,False
node/1004444476,13,164.1,67.2,False,False,True
node/1004444491,13,164.1,67.2,False,True,False
node/1006057366,13,164.1,67.2,False,True,False
node/1006057367,13,164.1,67.2,False,True,False
node/1006057386,13,164.1,67.2,False,True,False
node/1006191591,13,164.1,67.2,False,False,True
node/1009311669,13,164.1,67.2,False,True,False
node/1009311749,13,164.1,67.2,False,True,False
node/1009311797,13,164.1,67.2,False,False,True
node/1009311852,13,164.1,67.2,False,False,True
node/1009311915,13,164.1,67.2,False,True,False
node/1009311952,13,164.1,67.2,False,True,False
node/1009311965,13,164.1,67.2,False,True,False
node/1009311968,13,164.1,67.2,False,False,True
node/1009312027,13,164.1,67.2,False,True,False
node/1009312067,13,164.1,67.2,False,True,False
node/1009312095,13,164.1,67.2,False,False,True
node/1009312121,13,164.1,67.2,False,False,True
node/1011790277,13,164.1,67.2,False,True,False
node/1011790316,13,164.1,67.2,False,True,False
node/1011790353,13,164.1,67.2,False,True,False
node/1011790361,13,164.1,67.2,False,True,False
node/1011790364,13,164.1,67.2,False,True,False
node/1011790393,13,164.1,67.2,False,False,True
node/1011790396,13,164.1,67.2,False,True,False
node/1011790409,13,164.1,67.2,False,False,True
node/1011790418,13,164.1,67.2,False,True,False
node/1011790481,13,164.1,67.2,False,True,False
node/1011790502,13,164.1,67.2,False,True,False
node/1018022682,13,164.1,67.2,False,False,True
node/1018022684,13,164.1,67.2,False,True,False
node/1027462220,13,164.1,67.2,False,False,True
node/1028229243,13,164.1,67.2,False,True,False
node/1028305084,13,164.1,67.2,False,False,True
node/1028305247,13,164.1,67.2,False,False,True
node/1028830776,13,164.1,67.2,False,False,True
node/1028830979,13,164.1,67.2,False,False,True
node/1030280352,13,164.1,67.2,False,True,False
node/1030280471,13,164.1,67.2,False,True,False
node/1030280474,13,164.1,67.2,False,True,False
node/1097841709,13,164.1,67.2,False,False,True
node/1097841716,13,164.1,67.2,False,True,False
node/1097841737,13,164.1,67.2,False,True,False
node/1097841741,13,164.1,67.2,False,False,True
node/1097841742,13,164.1,67.2,False,True,False
node/1097841743,13,164.1,67.2,False,True,False
node/1097841752,13,164.1,67.2,False,False,True
node/1103678784,13,164.1,67.2,False,False,True
node/1112456261,13,164.1,67.2,False,False,True
node/1119024747,13,164.1,67.2,False,True,False
node/1134256752,13,164.1,67.2,False,True,False
node/1137794310,13,164.1,67.2,False,True,False
node/1137802570,13,164.1,67.2,False,False,True
node/1137802579,13,164.1,67.2,False,False,True
node/1137818886,13,164.1,67.2,False,False,True
node/1137818887,13,164.1,67.2,False,False,True
node/1137830092,13,164.1,67.2,False,True,False
node/1137830094,13,164.1,67.2,False,False,True
node/1137830095,13,164.1,67.2,False,False,True
node/1137872245,13,164.1,67.2,False,False,True
node/1137872285,13,164.1,67.2,False,True,False
node/1137958736,13,164.1,67.2,False,True,False
node/1137973396,13,164.1,67.2,False,True,False
node/1137973399,13,164.1,67.2,False,True,False
node/1138006269,13,164.1,67.2,False,True,False
node/1138006277,13,164.1,67.2,False,False,True
node/1138036121,13,164.1,67.2,False,True,False
node/1272557317,13,164.1,67.2,False,False,True
node/1272557326,13,164.1,67.2,False,True,False
node/1272557340,13,164.1,67.2,False,True,False
node/1272557344,13,164.1,67.2,False,False,True
node/1272557365,13,164.1,67.2,False,True,False
node/1272557389,13,164.1,67.2,False,False,True
node/1272557552,13,164.1,67.2,False,True,False
node/1272557584,13,164.1,67.2,False,False,True
node/1272557592,13,164.1,67.2,False,True,False
node/1272557608,13,164.1,67.2,False,True,False
node/1272557630,13,164.1,67.2,False,True,False
node/1272557684,13,164.1,67.2,False,True,False
node/1272557722,13,164.1,67.2,False,True,False
node/1272557753,13,164.1,67.2,True,True,False
node/1272557793,13,164.1,67.2,False,True,False
node/1272557798,13,164.1,67.2,False,True,False
node/1272557812,13,164.1,67.2,False,True,False
node/1272557834,13,164.1,67.2,False,True,False
node/1273595512,13,164.1,67.2,False,True,False
node/1273595518,13,164.1,67.2,False,True,False
node/1273595527,13,164.1,67.2,False,True,False
node/1273595530,13,164.1,67.2,False,True,False
node/1273595532,13,164.1,67.2,False,True,False
node/1273595537,13,164.1,67.2,False,True,False
node/1273595542,13,164.1,67.2,False,True,False
node/1273595550,13,164.1,67.2,False,False,True
node/1273595555,13,164.1,67.2,False,True,False
node/1273633817,13,164.1,67.2,False,False,True
node/1273655589,13,164.1,67.2,False,True,False
node/1273655591,13,164.1,67.2,False,True,False
node/1273655598,13,164.1,67.2,False,True,False
node/1273665587,13,164.1,67.2,False,True,False
node/1273702741,13,164.1,67.2,False,True,False
node/1273702747,13,164.1,67.2,False,True,False
node/1273702764,13,164.1,67.2,False,True,False
node/1273702767,13,164.1,67.2,True,False,False
node/1273702784,13,164.1,67.2,False,True,False
node/1273702791,13,164.1,67.2,False,True,False
node/1273702802,13,164.1,67.2,False,True,False
node/1273736294,13,164.1,67.2,False,True,False
node/1273736296,13,164.1,67.2,False,True,False
node/1273736302,13,164.1,67.2,False,True,False
node/1273736308,13,164.1,67.2,False,True,False
node/1273742525,13,164.1,67.2,False,True,False
node/1273749690,13,164.1,67.2,False,False,True
node/1276273393,13,164.1,67.2,False,True,False
node/1276273403,13,164.1,67.2,False,True,False
node/1276273408,13,164.1,67.2,False,True,False
node/1276273411,13,164.1,67.2,False,True,False
node/1276273423,13,164.1,67.2,False,True,False
node/1276273425,13,164.1,67.2,False,True,False
node/1276320492,13,164.1,67.2,False,True,False
node/1276320582,13,164.1,67.2,False,True,False
node/1276400883,13,164.1,67.2,False,False,True
node/1276400897,13,164.1,67.2,False,True,False
node/1276400927,13,164.1,67.2,False,True,False
node/1276417089,13,164.1,67.2,False,True,False
node/1276417092,13,164.1,67.2,False,True,False
node/1276417093,13,164.1,67.2,False,True,False
node/1276478031,13,164.1,67.2,False,False,True
node/1276478077,13,164.1,67.2,False,False,True
node/1276478093,13,164.1,67.2,False,False,True
node/1276478094,13,164.1,67.2,False,True,False
node/1276478112,13,164.1,67.2,False,True,False
node/1276478121,13,164.1,67.2,False,False,True
node/1276478123,13,164.1,67.2,False,False,True
node/1276502116,13,164.1,67.2,False,False,True
node/1277721731,13,164.1,67.2,False,True,False
node/1277721734,13,164.1,67.2,False,True,False
node/1277721737,13,164.1,67.2,False,False,True
node/1277721740,13,164.1,67.2,False,True,False
node/1277721745,13,164.1,67.2,False,False,True
node/1277721746,13,164.1,67.2,False,False,True
node/1277732178,13,164.1,67.2,False,False,True
node/1277834061,13,164.1,67.2,False,False,True
node/1277834071,13,164.1,67.2,False,False,True
node/1277834092,13,164.1,67.2,False,True,False
node/1277834103,13,164.1,67.2,False,False,True
node/1277834111,13,164.1,67.2,False,True,False
node/1277834138,13,164.1,67.2,False,False,True
node/1277834152,13,164.1,67.2,False,True,False
node/1277834154,13,164.1,67.2,False,False,True
node/1277834174,13,164.1,67.2,False,False,True
node/1277834175,13,164.1,67.2,False,True,False
node/1277834225,13,164.1,67.2,False,False,True
node/1277834240,13,164.1,67.2,False,True,False
node/1277834262,13,164.1,67.2,False,False,True
node/1277834264,13,164.1,67.2,False,False,True
node/1277834274,13,164.1,67.2,False,True,False
node/1277834295,13,164.1,67.2,False,False,True
node/1277834337,13,164.1,67.2,False,False,True
node/1277834347,13,164.1,67.2,False,True,False
node/1277834368,13,164.1,67.2,False,False,True
node/1277834371,13,164.1,67.2,False,True,False
node/1277834396,13,164.1,67.2,False,True,False
node/1277834449,13,164.1,67.2,False,True,False
node/1277834452,13,164.1,67.2,False,False,True
node/1277834459,13,164.1,67.2,False,True,False
node/1277834466,13,164.1,67.2,False,True,False
node/1277834472,13,164.1,67.2,False,True,False
node/1277834492,13,164.1,67.2,False,False,True
node/1277834493,13,164.1,67.2,False,True,False
node/1277834582,13,164.1,67.2,False,False,True
node/1277834607,13,164.1,67.2,False,True,False
node/1277834618,13,164.1,67.2,False,False,True
node/1277834624,13,164.1,67.2,False,False,True
node/1277834649,13,164.1,67.2,False,False,True
node/1277834699,13,164.1,67.2,False,False,True
node/1277834725,13,164.1,67.2,False,False,True
node/1277834727,13,164.1,67.2,False,True,False
node/1279480910,13,164.1,67.2,False,False,True
node/1279480912,13,164.1,67.2,False,False,True
node/1279480916,13,164.1,67.2,False,False,True
node/1279480918,13,164.1,67.2,False,False,True
node/1279480923,13,164.1,67.2,False,False,True
node/1279480925,13,164.1,67.2,False,False,True
node/1279480929,13,164.1,67.2,False,True,False
node/1279480935,13,164.1,67.2,False,False,True
node/1279657058,13,164.1,67.2,False,True,False
node/1279675102,13,164.1,67.2,False,False,True
node/1279695348,13,164.1,67.2,False,True,False
node/1279695361,13,164.1,67.2,False,True,False
node/1279742021,13,164.1,67.2,False,False,True
node/1279742023,13,164.1,67.2,True,False,False
node/1279742024,13,164.1,67.2,False,True,False
node/1279742035,13,164.1,67.2,False,True,False
node/1279742039,13,164.1,67.2,False,True,False
node/1279742050,13,164.1,67.2,False,True,False
node/1279742054,13,164.1,67.2,False,True,False
node/1279742061,13,164.1,67.2,False,False,True
node/1279742063,13,164.1,67.2,False,True,False
node/1279742065,13,164.1,67.2,False,False,True
node/1279742073,13,164.1,67.2,False,True,False
node/1283536253,13,164.1,67.2,False,False,True
node/1283536254,13,164.1,67.2,False,False,True
node/1284581959,13,164.1,67.2,False,True,False
node/1284582060,13,164.1,67.2,False,False,True
node/1284926939,13,164.1,67.2,False,False,True
node/1284926944,13,164.1,67.2,False,True,False
node/1284926961,13,164.1,67.2,False,True,False
node/1284926963,13,164.1,67.2,False,True,False
node/1284926984,13,164.1,67.2,False,False,True
node/1284926985,13,164.1,67.2,False,False,True
node/1284926996,13,164.1,67.2,False,False,True
node/1284927009,13,164.1,67.2,False,True,False
node/1284927034,13,164.1,67.2,False,False,True
node/1284927074,13,164.1,67.2,False,True,False
node/1284927083,13,164.1,67.2,False,False,True
node/1284927093,13,164.1,67.2,False,True,False
node/1284927099,13,164.1,67.2,False,True,False
node/1284927115,13,164.1,67.2,False,True,False
node/1284927124,13,164.1,67.2,False,True,False
node/1284927131,13,164.1,67.2,False,True,False
node/1284927139,13,164.1,67.2,False,True,False
node/1286915409,13,164.1,67.2,False,True,False
node/1286915419,13,164.1,67.2,False,True,False
node/1286915421,13,164.1,67.2,False,True,False
node/1289529721,13,164.1,67.2,False,True,False
node/1289529758,13,164.1,67.2,False,True,False
node/1293986598,13,164.1,67.2,False,True,False
node/1293986601,13,164.1,67.2,False,True,False
node/1293986603,13,164.1,67.2,False,True,False
node/1294003447,13,164.1,67.2,False,False,True
node/1294003448,13,164.1,67.2,False,False,True
node/1294003450,13,164.1,67.2,False,False,True
node/1294003452,13,164.1,67.2,False,True,False
node/1294003453,13,164.1,67.2,False,True,False
node/1294003454,13,164.1,67.2,False,False,True
node/1294003461,13,164.1,67.2,False,False,True
node/1294003462,13,164.1,67.2,False,False,True
node/1295136729,13,164.1,67.2,False,True,False
node/1295150682,13,164.1,67.2,False,True,False
node/1295159013,13,164.1,67.2,False,False,True
node/1295159014,13,164.1,67.2,False,False,True
node/1295276479,13,164.1,67.2,False,True,False
node/1295312638,13,164.1,67.2,False,False,True
node/1295312640,13,164.1,67.2,False,False,True
node/1295312642,13,164.1,67.2,False,False,True
node/1295312646,13,164.1,67.2,False,False,True
node/1295312650,13,164.1,67.2,False,False,True
node/1295312655,13,164.1,67.2,False,False,True
node/1295312656,13,164.1,67.2,False,False,True
node/1295312657,13,164.1,67.2,False,False,True
node/1295343768,13,164.1,67.2,False,False,True
node/1295406453,13,164.1,67.2,False,False,True
node/1295406518,13,164.1,67.2,False,False,True
node/1295523738,13,164.1,67.2,False,True,False
node/1295523740,13,164.1,67.2,False,True,False
node/1295523743,13,164.1,67.2,False,False,True
node/1295523744,13,164.1,67.2,False,True,False
node/1295523757,13,164.1,67.2,True,False,False
node/1295523759,13,164.1,67.2,False,True,False
node/1295523760,13,164.1,67.2,False,True,False
node/1295523761,13,164.1,67.2,False,False,True
node/1295523762,13,164.1,67.2,False,True,False
node/1295523766,13,164.1,67.2,False,True,False
node/1295523767,13,164.1,67.2,False,True,False
node/1295523769,13,164.1,67.2,False,True,False
node/1295531541,13,164.1,67.2,False,False,True
node/1316610234,13,164.1,67.2,False,False,True
node/1316610236,13,164.1,67.2,False,False,True
node/1316610237,13,164.1,67.2,False,True,False
node/1316610238,13,164.1,67.2,True,False,False
node/1316610240,13,164.1,67.2,False,False,True
node/1316610242,13,164.1,67.2,False,True,False
node/1316610243,13,164.1,67.2,True,False,False
node/1316610245,13,164.1,67.2,False,False,True
node/1322862540,13,164.1,67.2,False,False,True
node/1322862545,13,164.1,67.2,True,True,False
node/1322862633,13,164.1,67.2,False,True,False
node/1322862663,13,164.1,67.2,False,True,False
node/1322862715,13,164.1,67.2,False,True,False
node/1322862749,13,164.1,67.2,False,False,True
node/1335607719,13,164.1,67.2,False,False,True
node/1335607722,13,164.1,67.2,False,True,False
node/1335607723,13,164.1,67.2,False,True,False
node/1335607726,13,164.1,67.2,False,False,True
node/1335607728,13,164.1,67.2,False,True,False
node/1335607730,13,164.1,67.2,False,False,True
node/1335607732,13,164.1,67.2,False,False,True
node/1362090001,13,164.1,67.2,False,False,True
node/1473295091,13,164.1,67.2,False,False,True
node/1473306609,13,164.1,67.2,False,True,False
node/1473306610,13,164.1,67.2,False,False,True
node/1474688192,13,164.1,67.2,False,True,False
node/1475413557,13,164.1,67.2,False,True,False
node/1475413558,13,164.1,67.2,False,True,False
node/1475413560,13,164.1,67.2,False,True,False
node/1475429792,13,164.1,67.2,False,True,False
node/1497152885,13,164.1,67.2,False,True,False
node/1497152886,13,164.1,67.2,False,True,False
node/1502802078,13,164.1,67.2,False,False,True
node/1518738714,13,164.1,67.2,False,True,False
node/1518738715,13,164.1,67.2,False,False,True
node/1518866593,13,164.1,67.2,False,True,False
node/1518866598,13,164.1,67.2,False,False,True
node/1518866601,13,164.1,67.2,False,True,False
node/1518866613,13,164.1,67.2,False,True,False
node/1518866616,13,164.1,67.2,False,False,True
node/1537450915,13,164.1,67.2,False,False,True
node/1539516740,13,164.1,67.2,False,False,True
node/1539534959,13,164.1,67.2,False,False,True
node/1539534962,13,164.1,67.2,False,False,True
node/1539534967,13,164.1,67.2,False,True,False
node/1539547355,13,164.1,67.2,False,False,True
node/1539547356,13,164.1,67.2,False,False,True
node/1539547361,13,164.1,67.2,False,False,True
node/1539562850,13,164.1,67.2,False,False,True
node/1539562852,13,164.1,67.2,False,True,False
node/1539562853,13,164.1,67.2,False,True,False
node/1539562854,13,164.1,67.2,False,True,False
node/1539583173,13,164.1,67.2,False,False,True
node/1539597590,13,164.1,67.2,False,False,True
node/1539597616,13,164.1,67.2,False,True,False
node/1539678548,13,164.1,67.2,False,False,True
node/1539678558,13,164.1,67.2,False,True,False
node/1544841003,13,164.1,67.2,False,False,True
node/1545845574,13,164.1,67.2,False,True,False
node/1545845576,13,164.1,67.2,False,False,True
node/1545845580,13,164.1,67.2,False,False,True
node/1545846262,13,164.1,67.2,False,False,True
node/1545847888,13,164.1,67.2,True,False,False
node/1545848949,13,164.1,67.2,False,False,True
node/1545849902,13,164.1,67.2,False,False,True
node/1545851487,13,164.1,67.2,False,True,False
node/1545851489,13,164.1,67.2,False,False,True
node/1545851972,13,164.1,67.2,False,False,True
node/1545852463,13,164.1,67.2,False,False,True
node/1545853114,13,164.1,67.2,False,False,True
node/1545853893,13,164.1,67.2,False,False,True
node/1546437496,13,164.1,67.2,False,True,False
node/1547068643,13,164.1,67.2,False,True,False
node/1547080406,13,164.1,67.2,False,True,False
node/1547084482,13,164.1,67.2,False,True,False
node/1547085681,13,164.1,67.2,False,True,False
node/1547090441,13,164.1,67.2,False,True,False
node/1547091135,13,164.1,67.2,False,False,True
node/1547092080,13,164.1,67.2,False,True,False
node/1547093044,13,164.1,67.2,False,False,True
node/1547094139,13,164.1,67.2,False,False,True
node/1547095073,13,164.1,67.2,False,False,True
node/1547097088,13,164.1,67.2,False,False,True
node/1547098418,13,164.1,67.2,False,False,True
node/1547099219,13,164.1,67.2,False,True,False
node/1547099890,13,164.1,67.2,False,True,False
node/1547100713,13,164.1,67.2,False,True,False
node/1547101216,13,164.1,67.2,False,False,True
node/1547101542,13,164.1,67.2,False,True,False
node/1547102325,13,164.1,67.2,False,False,True
node/1547103089,13,164.1,67.2,False,False,True
node/1547961077,13,164.1,67.2,False,True,False
node/1547961082,13,164.1,67.2,False,False,True
node/1547961083,13,164.1,67.2,False,False,True
node/1547961122,13,164.1,67.2,True,True,False
node/1547961128,13,164.1,67.2,False,False,True
node/1547961129,13,164.1,67.2,False,False,True
node/1547961130,13,164.1,67.2,False,False,True
node/1547961131,13,164.1,67.2,False,True,False
node/1547961134,13,164.1,67.2,False,False,True
node/1547961136,13,164.1,67.2,False,False,True
node/1547961140,13,164.1,67.2,False,False,True
node/1548015810,13,164.1,67.2,False,False,True
node/1548018877,13,164.1,67.2,False,False,True
node/1548019979,13,164.1,67.2,False,False,True
node/1548020871,13,164.1,67.2,False,False,True
node/1548022428,13,164.1,67.2,False,True,False
node/1548045188,13,164.1,67.2,False,False,True
node/1548046401,13,164.1,67.2,False,False,True
node/1548046768,13,164.1,67.2,False,False,True
node/1548550224,13,164.1,67.2,False,False,True
node/1557202178,13,164.1,67.2,False,True,False
node/1566286256,13,164.1,67.2,False,True,False
node/1566286258,13,164.1,67.2,False,False,True
node/1568171880,13,164.1,67.2,False,False,True
node/1568189550,13,164.1,67.2,False,True,False
node/1568189556,13,164.1,67.2,False,True,False
node/1568190839,13,164.1,67.2,False,True,False
node/1568191884,13,164.1,67.2,False,False,True
node/1596105515,13,164.1,67.2,False,False,True
node/1596105520,13,164.1,67.2,False,False,True
node/1598229853,13,164.1,67.2,False,True,False
node/1598229892,13,164.1,67.2,False,True,False
node/1614792198,13,164.1,67.2,True,False,False
node/1618961808,13,164.1,67.2,False,False,True
node/1627126724,13,164.1,67.2,False,False,True
node/1627175135,13,164.1,67.2,False,True,False
node/1627175170,13,164.1,67.2,False,False,True
node/1627175189,13,164.1,67.2,False,True,False
node/1627175192,13,164.1,67.2,False,True,False
node/1627175196,13,164.1,67.2,False,False,True
node/1627175209,13,164.1,67.2,False,False,True
node/1627175219,13,164.1,67.2,False,False,True
node/1630392450,13,164.1,67.2,False,True,False
node/1630392475,13,164.1,67.2,True,True,False
node/1630392476,13,164.1,67.2,False,True,False
node/1722078721,13,164.1,67.2,False,False,True
node/1725942660,13,164.1,67.2,False,False,True
node/1726338739,13,164.1,67.2,False,False,True
node/1741645047,13,164.1,67.2,False,True,False
node/1755319252,13,164.1,67.2,False,False,True
node/1759975493,13,164.1,67.2,True,True,False
node/1760433108,13,164.1,67.2,False,True,False
node/1772533650,13,164.1,67.2,False,True,False
node/1829091889,13,164.1,67.2,True,True,False
node/1855655660,13,164.1,67.2,False,False,True
node/1860891777,13,164.1,67.2,False,True,False
node/1860891778,13,164.1,67.2,False,False,True
node/1861526781,13,164.1,67.2,False,True,False
node/1861526787,13,164.1,67.2,False,False,True
node/1861526788,13,164.1,67.2,False,True,False
node/1861526789,13,164.1,67.2,False,True,False
node/1861554261,13,164.1,67.2,False,True,False
node/1861554267,13,164.1,67.2,False,True,False
node/1896236935,13,164.1,67.2,False,True,False
node/1918467028,13,164.1,67.2,False,True,False
node/1918467030,13,164.1,67.2,False,True,False
node/1918467032,13,164.1,67.2,True,True,False
node/1918467038,13,164.1,67.2,False,True,False
node/1918467042,13,164.1,67.2,False,True,False
node/1918467044,13,164.1,67.2,False,True,False
node/1918467045,13,164.1,67.2,False,True,False
node/1918467046,13,164.1,67.2,False,True,False
node/1918467049,13,164.1,67.2,False,True,False
node/1918467050,13,164.1,67.2,False,True,False
node/1918467051,13,164.1,67.2,False,False,True
node/1918467053,13,164.1,67.2,False,False,True
node/1918467054,13,164.1,67.2,False,True,False
node/1918467055,13,164.1,67.2,True,False,False
node/1918480815,13,164.1,67.2,False,False,True
node/1918488179,13,164.1,67.2,False,False,True
node/1918505665,13,164.1,67.2,False,False,True
node/1923996586,13,164.1,67.2,False,True,False
node/1923997018,13,164.1,67.2,False,True,False
node/1923997019,13,164.1,67.2,False,True,False
node/1923999678,13,164.1,67.2,False,True,False
node/1923999680,13,164.1,67.2,False,True,False
node/1924009113,13,164.1,67.2,False,True,False
node/1924009596,13,164.1,67.2,False,True,False
node/1924011395,13,164.1,67.2,False,True,False
node/1924011398,13,164.1,67.2,False,True,False
node/1930722216,13,164.1,67.2,False,False,True
node/1930722222,13,164.1,67.2,False,False,True
node/1930722228,13,164.1,67.2,False,False,True
node/1930730805,13,164.1,67.2,False,False,True
node/1930730808,13,164.1,67.2,False,False,True
node/1930730811,13,164.1,67.2,False,False,True
node/1932890437,13,164.1,67.2,False,False,True
node/1934423140,13,164.1,67.2,False,False,True
node/1937224299,13,164.1,67.2,False,True,False
node/1937305778,13,164.1,67.2,False,False,True
node/1937305782,13,164.1,67.2,False,False,True
node/1937305786,13,164.1,67.2,True,False,False
node/1938479893,13,164.1,67.2,False,False,True
node/1948113489,13,164.1,67.2,False,True,False
node/1953124118,13,164.1,67.2,False,True,False
node/1953124142,13,164.1,67.2,False,True,False
node/1953124146,13,164.1,67.2,False,True,False
node/1953124147,13,164.1,67.2,False,True,False
node/1965093067,13,164.1,67.2,False,False,True
node/1965093084,13,164.1,67.2,False,True,False
node/1989004811,13,164.1,67.2,False,False,True
node/1989004813,13,164.1,67.2,False,True,False
node/1989004814,13,164.1,67.2,False,True,False
node/1993694164,13,164.1,67.2,False,True,False
node/1999319832,13,164.1,67.2,False,True,False
node/1999319835,13,164.1,67.2,False,True,False
node/1999319836,13,164.1,67.2,False,False,True
node/1999319841,13,164.1,67.2,False,True,False
node/2015156309,13,164.1,67.2,True,True,False
node/2017318693,13,164.1,67.2,False,False,True
node/2017318698,13,164.1,67.2,False,False,True
node/2035541438,13,164.1,67.2,False,True,False
node/2035541439,13,164.1,67.2,False,False,True
node/2035541440,13,164.1,67.2,True,False,False
node/2051364322,13,164.1,67.2,True,False,False
node/2051364324,13,164.1,67.2,False,True,False
node/2051364325,13,164.1,67.2,False,True,False
node/2051364328,13,164.1,67.2,True,True,False
node/2055285208,13,164.1,67.2,False,True,False
node/2065192433,13,164.1,67.2,False,False,True
node/2065222332,13,164.1,67.2,False,False,True
node/2065222333,13,164.1,67.2,False,False,True
node/2065266872,13,164.1,67.2,False,True,False
node/2072182666,13,164.1,67.2,False,False,True
node/2072182667,13,164.1,67.2,False,False,True
node/2073827079,13,164.1,67.2,False,False,True
node/2073903610,13,164.1,67.2,False,True,False
node/2098398133,13,164.1,67.2,False,False,True
node/2106295907,13,164.1,67.2,False,False,True
node/2106383022,13,164.1,67.2,True,False,False
node/2106383023,13,164.1,67.2,False,True,False
node/2140750247,13,164.1,67.2,False,False,True
node/2140750248,13,164.1,67.2,False,False,True
node/2153344669,13,164.1,67.2,False,True,False
node/2153344670,13,164.1,67.2,False,False,True
node/2193287724,13,164.1,67.2,False,False,True
node/2193287727,13,164.1,67.2,False,False,True
node/2193330937,13,164.1,67.2,False,False,True
node/2195525294,13,164.1,67.2,False,False,True
node/2203322037,13,164.1,67.2,False,True,False
node/2208067335,13,164.1,67.2,False,True,False
node/2208585974,13,164.1,67.2,False,True,False
node/2208623408,13,164.1,67.2,False,False,True
node/2208630568,13,164.1,67.2,False,False,True
node/2208630571,13,164.1,67.2,False,False,True
node/2208630573,13,164.1,67.2,False,False,True
node/2208652334,13,164.1,67.2,False,True,False
node/2208662025,13,164.1,67.2,False,False,True
node/2215015137,13,164.1,67.2,True,False,False
node/2286139662,13,164.1,67.2,False,True,False
node/2286139669,13,164.1,67.2,False,True,False
node/2286139677,13,164.1,67.2,False,True,False
node/2286139682,13,164.1,67.2,False,True,False
node/2286139686,13,164.1,67.2,False,True,False
node/2286139690,13,164.1,67.2,False,False,True
node/2286139693,13,164.1,67.2,False,False,True
node/2286139702,13,164.1,67.2,False,True,False
node/2286139705,13,164.1,67.2,False,True,False
node/2286139707,13,164.1,67.2,False,True,False
node/2286139708,13,164.1,67.2,False,False,True
node/2286177771,13,164.1,67.2,False,True,False
node/2286177772,13,164.1,67.2,False,True,False
node/2294678465,13,164.1,67.2,False,True,False
node/2294678470,13,164.1,67.2,False,True,False
node/2294693273,13,164.1,67.2,True,True,False
node/2294693275,13,164.1,67.2,False,True,False
node/2294693276,13,164.1,67.2,False,True,False
node/2294693277,13,164.1,67.2,False,False,True
node/2294701897,13,164.1,67.2,True,True,False
node/2294701898,13,164.1,67.2,False,False,True
node/2296408188,13,164.1,67.2,False,False,True
node/2296408198,13,164.1,67.2,False,True,False
node/2296408226,13,164.1,67.2,False,True,False
node/2296423208,13,164.1,67.2,False,True,False
node/2296423210,13,164.1,67.2,False,True,False
node/2296423211,13,164.1,67.2,False,True,False
node/2301075384,13,164.1,67.2,False,False,True
node/2317639999,13,164.1,67.2,False,True,False
node/2329193234,13,164.1,67.2,False,True,False
node/2353678188,13,164.1,67.2,True,True,False
node/2353678191,13,164.1,67.2,False,True,False
node/2360434224,13,164.1,67.2,False,False,True
node/2363249181,13,164.1,67.2,False,True,False
node/2363249195,13,164.1,67.2,False,True,False
node/2363249210,13,164.1,67.2,False,True,False
node/2395077524,13,164.1,67.2,False,True,False
node/2400614076,13,164.1,67.2,True,False,False
node/2403785852,13,164.1,67.2,False,True,False
node/2403785857,13,164.1,67.2,False,True,False
node/2403785859,13,164.1,67.2,False,True,False
node/2404020692,13,164.1,67.2,False,True,False
node/2404101218,13,164.1,67.2,False,True,False
node/2406983946,13,164.1,67.2,True,False,False
node/2411169383,13,164.1,67.2,False,True,False
node/2411169384,13,164.1,67.2,False,True,False
node/2411184701,13,164.1,67.2,False,True,False
node/2411184721,13,164.1,67.2,False,True,False
node/2411481251,13,164.1,67.2,False,True,False
node/2411481253,13,164.1,67.2,False,True,False
node/2411513132,13,164.1,67.2,False,True,False
node/2415182284,13,164.1,67.2,False,True,False
node/2415182285,13,164.1,67.2,False,True,False
node/2419304189,13,164.1,67.2,False,False,True
node/2419311329,13,164.1,67.2,False,False,True
node/2420264565,13,164.1,67.2,False,False,True
node/2420779243,13,164.1,67.2,False,False,True
node/2425602959,13,164.1,67.2,False,False,True
node/2425602960,13,164.1,67.2,False,True,False
node/2430052872,13,164.1,67.2,False,True,False
node/2430052878,13,164.1,67.2,False,False,True
node/2430052881,13,164.1,67.2,False,False,True
node/2430052891,13,164.1,67.2,False,False,True
node/2430094940,13,164.1,67.2,False,True,False
node/2430094942,13,164.1,67.2,False,True,False
node/2430094943,13,164.1,67.2,False,False,True
node/2430107030,13,164.1,67.2,False,True,False
node/2430107032,13,164.1,67.2,False,False,True
node/2430118086,13,164.1,67.2,False,False,True
node/2430118089,13,164.1,67.2,False,False,True
node/2446591586,13,164.1,67.2,False,True,False
node/2446591590,13,164.1,67.2,False,True,False
node/2454003720,13,164.1,67.2,False,False,True
node/2454367769,13,164.1,67.2,False,True,False
node/2461220917,13,164.1,67.2,False,True,False
node/2471413129,13,164.1,67.2,False,True,False
node/2471413139,13,164.1,67.2,False,True,False
node/2471413159,13,164.1,67.2,False,True,False
node/2476362894,13,164.1,67.2,False,True,False
node/2477037398,13,164.1,67.2,False,False,True
node/2477037400,13,164.1,67.2,False,True,False
node/2477037401,13,164.1,67.2,False,False,True
node/2477037402,13,164.1,67.2,False,True,False
node/2477037403,13,164.1,67.2,False,False,True
node/2477060423,13,164.1,67.2,False,True,False
node/2477060431,13,164.1,67.2,False,True,False
node/2480091091,13,164.1,67.2,False,True,False
node/2480091096,13,164.1,67.2,False,False,True
node/2485511088,13,164.1,67.2,False,False,True
node/2486627817,13,164.1,67.2,False,True,False
node/2486627825,13,164.1,67.2,False,True,False
node/2486694059,13,164.1,67.2,False,True,False
node/2493833605,13,164.1,67.2,False,True,False
node/2501698688,13,164.1,67.2,False,True,False
node/2505950544,13,164.1,67.2,False,True,False
node/2505950560,13,164.1,67.2,False,True,False
node/2506015556,13,164.1,67.2,False,False,True
node/2512698134,13,164.1,67.2,True,False,False
node/2512698333,13,164.1,67.2,True,False,False
node/2514370015,13,164.1,67.2,False,True,False
node/2514370016,13,164.1,67.2,False,True,False
node/2514370020,13,164.1,67.2,False,True,False
node/2514370021,13,164.1,67.2,False,True,False
node/2514370024,13,164.1,67.2,False,True,False
node/2514370025,13,164.1,67.2,False,True,False
node/2514370028,13,164.1,67.2,False,True,False
node/2514370029,13,164.1,67.2,False,True,False
node/2514370031,13,164.1,67.2,False,True,False
node/2514370033,13,164.1,67.2,False,True,False
node/2514370034,13,164.1,67.2,False,True,False
node/2514370036,13,164.1,67.2,False,True,False
node/2518949173,13,164.1,67.2,False,False,True
node/2519017877,13,164.1,67.2,False,False,True
node/2529130118,13,164.1,67.2,False,False,True
node/2529588241,13,164.1,67.2,False,True,False
node/2529588265,13,164.1,67.2,False,True,False
node/2529588297,13,164.1,67.2,False,True,False
node/2529853669,13,164.1,67.2,False,True,False
node/2535325123,13,164.1,67.2,True,True,False
node/2535325127,13,164.1,67.2,False,True,False
node/2535381184,13,164.1,67.2,False,True,False
node/2535381201,13,164.1,67.2,False,False,True
node/2543430048,13,164.1,67.2,True,True,False
node/2544824842,13,164.1,67.2,False,False,True
node/2548806283,13,164.1,67.2,False,True,False
node/2548806285,13,164.1,67.2,False,True,False
node/2548820055,13,164.1,67.2,False,True,False
node/2548820056,13,164.1,67.2,False,False,True
node/2548832867,13,164.1,67.2,False,True,False
node/2550239720,13,164.1,67.2,False,True,False
node/2550350554,13,164.1,67.2,False,True,False
node/2550350560,13,164.1,67.2,False,True,False
node/2550363775,13,164.1,67.2,False,False,True
node/2550369646,13,164.1,67.2,True,True,False
node/2550369647,13,164.1,67.2,False,True,False
node/2550371587,13,164.1,67.2,False,False,True
node/2552386604,13,164.1,67.2,False,False,True
node/2552386606,13,164.1,67.2,False,True,False
node/2552386607,13,164.1,67.2,False,True,False
node/2552386608,13,164.1,67.2,False,False,True
node/2552386611,13,164.1,67.2,False,False,True
node/2552386613,13,164.1,67.2,False,False,True
node/2552386615,13,164.1,67.2,False,False,True
node/2552386617,13,164.1,67.2,False,True,False
node/2552386620,13,164.1,67.2,False,True,False
node/2552386621,13,164.1,67.2,False,True,False
node/2552386623,13,164.1,67.2,False,True,False
node/2552397560,13,164.1,67.2,False,True,False
node/2552397569,13,164.1,67.2,False,True,False
node/2552397579,13,164.1,67.2,False,True,False
node/2557705900,13,164.1,67.2,False,True,False
node/2557705901,13,164.1,67.2,False,True,False
node/2557705902,13,164.1,67.2,False,False,True
node/2558370099,13,164.1,67.2,False,True,False
node/2558385819,13,164.1,67.2,False,True,False
node/2559088012,13,164.1,67.2,False,False,True
node/2562158864,13,164.1,67.2,False,True,False
node/2564409414,13,164.1,67.2,False,False,True
node/2564423006,13,164.1,67.2,False,False,True
node/2564432541,13,164.1,67.2,False,True,False
node/2564448047,13,164.1,67.2,False,True,False
node/2564448048,13,164.1,67.2,False,True,False
node/2564448049,13,164.1,67.2,False,True,False
node/2564795419,13,164.1,67.2,False,False,True
node/2566152661,13,164.1,67.2,False,True,False
node/2566152663,13,164.1,67.2,False,False,True
node/2566152665,13,164.1,67.2,False,True,False
node/2566152668,13,164.1,67.2,False,False,True
node/2566656677,13,164.1,67.2,True,False,False
node/2566656687,13,164.1,67.2,False,True,False
node/2568950459,13,164.1,67.2,False,True,False
node/2569777539,13,164.1,67.2,False,False,True
node/2569917218,13,164.1,67.2,False,False,True
node/2570294500,13,164.1,67.2,False,True,False
node/2575832359,13,164.1,67.2,False,False,True
node/2606330407,13,164.1,67.2,False,True,False
node/2606331448,13,164.1,67.2,False,True,False
node/2606331546,13,164.1,67.2,False,True,False
node/2608051029,13,164.1,67.2,False,True,False
node/2608091514,13,164.1,67.2,False,False,True
node/2608634440,13,164.1,67.2,False,True,False
node/2609195844,13,164.1,67.2,False,False,True
node/2609222331,13,164.1,67.2,False,True,False
node/2609222332,13,164.1,67.2,False,True,False
node/2609222333,13,164.1,67.2,False,False,True
node/2609222334,13,164.1,67.2,False,True,False
node/2609224353,13,164.1,67.2,False,True,False
node/2609227364,13,164.1,67.2,True,False,False
node/2609227365,13,164.1,67.2,True,False,False
node/2609244196,13,164.1,67.2,False,False,True
node/2609287291,13,164.1,67.2,False,False,True
node/2609287292,13,164.1,67.2,False,True,False
node/2609287293,13,164.1,67.2,False,True,False
node/2609287294,13,164.1,67.2,True,False,False
node/2609287295,13,164.1,67.2,False,True,False
node/2609287297,13,164.1,67.2,False,True,False
node/2609287298,13,164.1,67.2,False,True,False
node/2609287300,13,164.1,67.2,False,True,False
node/2609319753,13,164.1,67.2,False,False,True
node/2609456195,13,164.1,67.2,False,True,False
node/2609456203,13,164.1,67.2,False,False,True
node/2610182511,13,164.1,67.2,False,False,True
node/2610487133,13,164.1,67.2,False,True,False
node/2610487134,13,164.1,67.2,False,True,False
node/2610487135,13,164.1,67.2,False,False,True
node/2610487136,13,164.1,67.2,False,False,True
node/2610487137,13,164.1,67.2,False,True,False
node/2610487138,13,164.1,67.2,True,True,False
node/2610487140,13,164.1,67.2,False,True,False
node/2610487141,13,164.1,67.2,False,False,True
node/2610487142,13,164.1,67.2,False,False,True
node/2610487143,13,164.1,67.2,False,False,True
node/2610487144,13,164.1,67.2,False,False,True
node/2610487145,13,164.1,67.2,False,True,False
node/2610487146,13,164.1,67.2,False,True,False
node/2610487147,13,164.1,67.2,False,True,False
node/2610487149,13,164.1,67.2,False,True,False
node/2610487151,13,164.1,67.2,False,True,False
node/2610487152,13,164.1,67.2,False,False,True
node/2613161145,13,164.1,67.2,False,True,False
node/2613161147,13,164.1,67.2,False,True,False
node/2613168362,13,164.1,67.2,False,False,True
node/2613168363,13,164.1,67.2,False,False,True
node/2613168365,13,164.1,67.2,False,True,False
node/2613168366,13,164.1,67.2,False,True,False
node/2613168367,13,164.1,67.2,False,True,False
node/2613183476,13,164.1,67.2,False,False,True
node/2613183477,13,164.1,67.2,False,False,True
node/2613183478,13,164.1,67.2,True,False,False
node/2613183479,13,164.1,67.2,True,True,False
node/2613183480,13,164.1,67.2,True,False,False
node/2613183481,13,164.1,67.2,True,False,False
node/2613229354,13,164.1,67.2,False,True,False
node/2613236650,13,164.1,67.2,False,True,False
node/2613247651,13,164.1,67.2,False,True,False
node/2613254699,13,164.1,67.2,False,True,False
node/2616310814,13,164.1,67.2,False,False,True
node/2616310815,13,164.1,67.2,False,True,False
node/2616310816,13,164.1,67.2,False,True,False
node/2616310817,13,164.1,67.2,False,True,False
node/2616310818,13,164.1,67.2,False,True,False
node/2616310820,13,164.1,67.2,False,True,False
node/2616310821,13,164.1,67.2,False,False,True
node/2616310822,13,164.1,67.2,False,True,False
node/2616310823,13,164.1,67.2,False,True,False
node/2616310828,13,164.1,67.2,False,False,True
node/2616310833,13,164.1,67.2,False,False,True
node/2616310837,13,164.1,67.2,False,False,True
node/2616331666,13,164.1,67.2,False,False,True
node/2616331667,13,164.1,67.2,False,True,False
node/2616331669,13,164.1,67.2,False,False,True
node/2616331670,13,164.1,67.2,False,True,False
node/2616331671,13,164.1,67.2,False,False,True
node/2616331672,13,164.1,67.2,False,True,False
node/2616331673,13,164.1,67.2,False,True,False
node/2616331674,13,164.1,67.2,False,True,False
node/2616331676,13,164.1,67.2,False,True,False
node/2616331677,13,164.1,67.2,False,True,False
node/2616331678,13,164.1,67.2,True,False,False
node/2616331679,13,164.1,67.2,False,False,True
node/2616331680,13,164.1,67.2,False,True,False
node/2616331681,13,164.1,67.2,False,False,True
node/2616339079,13,164.1,67.2,True,False,False
node/2616339081,13,164.1,67.2,False,False,True
node/2617569033,13,164.1,67.2,False,False,True
node/2617569034,13,164.1,67.2,False,True,False
node/2617575259,13,164.1,67.2,False,False,True
node/2617575260,13,164.1,67.2,False,True,False
node/2617880174,13,164.1,67.2,False,False,True
node/2617880183,13,164.1,67.2,False,True,False
node/2617880190,13,164.1,67.2,False,False,True
node/2617880197,13,164.1,67.2,True,True,False
node/2617880202,13,164.1,67.2,True,True,False
node/2617892086,13,164.1,67.2,False,True,False
node/2617892095,13,164.1,67.2,False,True,False
node/2617892104,13,164.1,67.2,False,True,False
node/2617892112,13,164.1,67.2,False,False,True
node/2617892121,13,164.1,67.2,False,False,True
node/2617892128,13,164.1,67.2,False,True,False
node/2617892136,13,164.1,67.2,False,False,True
node/2617892144,13,164.1,67.2,False,True,False
node/2617895513,13,164.1,67.2,False,True,False
node/2617895518,13,164.1,67.2,False,False,True
node/2617953959,13,164.1,67.2,False,True,False
node/2624837103,13,164.1,67.2,False,False,True
node/2624837110,13,164.1,67.2,False,False,True
node/2625780869,13,164.1,67.2,False,False,True
node/2625780870,13,164.1,67.2,False,False,True
node/2625780872,13,164.1,67.2,False,True,False
node/2625780873,13,164.1,67.2,False,False,True
node/2625780874,13,164.1,67.2,False,False,True
node/2625780876,13,164.1,67.2,False,False,True
node/2625780877,13,164.1,67.2,False,True,False
node/2625780878,13,164.1,67.2,False,False,True
node/2625785828,13,164.1,67.2,False,False,True
node/2625785833,13,164.1,67.2,False,False,True
node/2625785837,13,164.1,67.2,False,False,True
node/2625785842,13,164.1,67.2,False,False,True
node/2625785846,13,164.1,67.2,False,False,True
node/2625785850,13,164.1,67.2,False,True,False
node/2625786658,13,164.1,67.2,False,False,True
node/2625786659,13,164.1,67.2,False,True,False
node/2625787776,13,164.1,67.2,False,False,True
node/2625787777,13,164.1,67.2,False,True,False
node/2627188431,13,164.1,67.2,False,True,False
node/2627201344,13,164.1,67.2,False,True,False
node/2627201353,13,164.1,67.2,False,True,False
node/2631032334,13,164.1,67.2,False,False,True
node/2631032335,13,164.1,67.2,False,False,True
node/2631039385,13,164.1,67.2,False,False,True
node/2631039386,13,164.1,67.2,False,True,False
node/2631039387,13,164.1,67.2,False,True,False
node/2631039388,13,164.1,67.2,False,True,False
node/2631039389,13,164.1,67.2,False,True,False
node/2631039393,13,164.1,67.2,False,False,True
node/2631527781,13,164.1,67.2,False,True,False
node/2631756552,13,164.1,67.2,False,True,False
node/2631756553,13,164.1,67.2,False,False,True
node/2631756554,13,164.1,67.2,False,True,False
node/2631756555,13,164.1,67.2,False,False,True
node/2632468940,13,164.1,67.2,False,True,False
node/2632468948,13,164.1,67.2,False,False,True
node/2632468954,13,164.1,67.2,False,False,True
node/2632516492,13,164.1,67.2,False,False,True
node/2632516497,13,164.1,67.2,False,False,True
node/2632516502,13,164.1,67.2,False,False,True
node/2632516503,13,164.1,67.2,False,True,False
node/2632516505,13,164.1,67.2,False,True,False
node/2632516506,13,164.1,67.2,False,False,True
node/2632516507,13,164.1,67.2,False,False,True
node/2632516508,13,164.1,67.2,False,False,True
node/2632516511,13,164.1,67.2,False,True,False
node/2632516512,13,164.1,67.2,False,False,True
node/2632516514,13,164.1,67.2,False,False,True
node/2632516522,13,164.1,67.2,False,True,False
node/2632527072,13,164.1,67.2,False,False,True
node/2632527073,13,164.1,67.2,False,False,True
node/2632527074,13,164.1,67.2,False,True,False
node/2632527077,13,164.1,67.2,False,False,True
node/2632527082,13,164.1,67.2,False,True,False
node/2632554931,13,164.1,67.2,False,True,False
node/2632554938,13,164.1,67.2,False,True,False
node/2632554943,13,164.1,67.2,False,False,True
node/2632554948,13,164.1,67.2,False,True,False
node/2633469511,13,164.1,67.2,False,True,False
node/2633469513,13,164.1,67.2,False,True,False
node/2633469514,13,164.1,67.2,False,True,False
node/2633484153,13,164.1,67.2,False,False,True
node/2633484154,13,164.1,67.2,False,True,False
node/2633484156,13,164.1,67.2,False,True,False
node/2633484160,13,164.1,67.2,False,True,False
node/2633484163,13,164.1,67.2,False,True,False
node/2633488031,13,164.1,67.2,False,True,False
node/2633488032,13,164.1,67.2,False,True,False
node/2633488034,13,164.1,67.2,False,True,False
node/2633488035,13,164.1,67.2,False,True,False
node/2633489850,13,164.1,67.2,False,True,False
node/2633499506,13,164.1,67.2,False,True,False
node/2633499507,13,164.1,67.2,False,True,False
node/2633501124,13,164.1,67.2,False,True,False
node/2633501125,13,164.1,67.2,False,True,False
node/2633501126,13,164.1,67.2,False,False,True
node/2633502957,13,164.1,67.2,False,False,True
node/2634028279,13,164.1,67.2,False,True,False
node/2634028999,13,164.1,67.2,False,False,True
node/2634029628,13,164.1,67.2,False,False,True
node/2634030510,13,164.1,67.2,False,False,True
node/2634032303,13,164.1,67.2,False,True,False
node/2634035179,13,164.1,67.2,False,False,True
node/2634036911,13,164.1,67.2,False,False,True
node/2634039227,13,164.1,67.2,False,True,False
node/2634039972,13,164.1,67.2,False,True,False
node/2634040663,13,164.1,67.2,False,True,False
node/2634041075,13,164.1,67.2,False,True,False
node/2634042268,13,164.1,67.2,False,False,True
node/2634043774,13,164.1,67.2,False,False,True
node/2634844753,13,164.1,67.2,False,False,True
node/2634846075,13,164.1,67.2,False,True,False
node/2634847265,13,164.1,67.2,False,True,False
node/2634848724,13,164.1,67.2,False,False,True
node/2634850212,13,164.1,67.2,False,True,False
node/2634851336,13,164.1,67.2,False,True,False
node/2634852908,13,164.1,67.2,False,True,False
node/2634854438,13,164.1,67.2,False,True,False
node/2634855102,13,164.1,67.2,False,True,False
node/2634859534,13,164.1,67.2,False,True,False
node/2634862903,13,164.1,67.2,False,True,False
node/2634862904,13,164.1,67.2,False,True,False
node/2634862908,13,164.1,67.2,False,True,False
node/2634865385,13,164.1,67.2,False,True,False
node/2634866389,13,164.1,67.2,False,True,False
node/2634866390,13,164.1,67.2,False,True,False
node/2634867851,13,164.1,67.2,False,False,True
node/2634897688,13,164.1,67.2,True,False,False
node/2635330493,13,164.1,67.2,False,True,False
node/2639687114,13,164.1,67.2,False,False,True
node/2639688189,13,164.1,67.2,False,False,True
node/2639689855,13,164.1,67.2,False,True,False
node/2639692427,13,164.1,67.2,False,False,True
node/2639692432,13,164.1,67.2,False,True,False
node/2639692436,13,164.1,67.2,False,True,False
node/2639696198,13,164.1,67.2,False,True,False
node/2639699090,13,164.1,67.2,False,True,False
node/2639699364,13,164.1,67.2,False,True,False
node/2639702342,13,164.1,67.2,False,False,True
node/2639702343,13,164.1,67.2,False,True,False
node/2639703129,13,164.1,67.2,False,False,True
node/2639704177,13,164.1,67.2,False,False,True
node/2639708393,13,164.1,67.2,False,True,False
node/2639746328,13,164.1,67.2,False,False,True
node/2639749378,13,164.1,67.2,False,True,False
node/2639749379,13,164.1,67.2,False,False,True
node/2639749380,13,164.1,67.2,False,True,False
node/2639751837,13,164.1,67.2,False,False,True
node/2639752285,13,164.1,67.2,False,True,False
node/2639752932,13,164.1,67.2,False,True,False
node/2639753753,13,164.1,67.2,False,True,False
node/2639754519,13,164.1,67.2,False,False,True
node/2639757139,13,164.1,67.2,False,False,True
node/2639758109,13,164.1,67.2,False,False,True
node/2639758492,13,164.1,67.2,False,True,False
node/2639759479,13,164.1,67.2,False,True,False
node/2639762351,13,164.1,67.2,False,False,True
node/2645436023,13,164.1,67.2,True,True,False
node/2651683562,13,164.1,67.2,False,True,False
node/2651683563,13,164.1,67.2,False,True,False
node/2651684228,13,164.1,67.2,False,False,True
node/2651685650,13,164.1,67.2,False,False,True
node/2651685974,13,164.1,67.2,False,False,True
node/2651687847,13,164.1,67.2,False,False,True
node/2651688413,13,164.1,67.2,False,False,True
node/2651690853,13,164.1,67.2,False,False,True
node/2651716329,13,164.1,67.2,False,True,False
node/2651717273,13,164.1,67.2,False,True,False
node/2651719576,13,164.1,67.2,False,False,True
node/2651722607,13,164.1,67.2,False,True,False
node/2651722630,13,164.1,67.2,False,True,False
node/2651723071,13,164.1,67.2,False,True,False
node/2651723072,13,164.1,67.2,False,True,False
node/2651723433,13,164.1,67.2,False,False,True
node/2651750041,13,164.1,67.2,False,True,False
node/2651750042,13,164.1,67.2,False,True,False
node/2651751914,13,164.1,67.2,False,True,False
node/2651754334,13,164.1,67.2,False,True,False
node/2651754685,13,164.1,67.2,False,True,False
node/2651759822,13,164.1,67.2,False,False,True
node/2651759844,13,164.1,67.2,False,True,False
node/2651759850,13,164.1,67.2,False,True,False
node/2651764637,13,164.1,67.2,False,True,False
node/2651765054,13,164.1,67.2,False,True,False
node/2651767002,13,164.1,67.2,False,True,False
node/2651767007,13,164.1,67.2,True,False,False
node/2651768359,13,164.1,67.2,False,False,True
node/2651769006,13,164.1,67.2,False,True,False
node/2653803192,13,164.1,67.2,False,True,False
node/2653804621,13,164.1,67.2,False,True,False
node/2653813817,13,164.1,67.2,False,True,False
node/2653813818,13,164.1,67.2,False,True,False
node/2653814460,13,164.1,67.2,False,True,False
node/2653824863,13,164.1,67.2,False,True,False
node/2653825749,13,164.1,67.2,False,False,True
node/2653863599,13,164.1,67.2,False,True,False
node/2653869319,13,164.1,67.2,False,False,True
node/2653871049,13,164.1,67.2,True,False,False
node/2653871625,13,164.1,67.2,False,True,False
node/2653887470,13,164.1,67.2,False,True,False
node/2655759127,13,164.1,67.2,False,True,False
node/2655760267,13,164.1,67.2,False,True,False
node/2655760270,13,164.1,67.2,False,True,False
node/2655761685,13,164.1,67.2,False,False,True
node/2655761841,13,164.1,67.2,False,True,False
node/2655763313,13,164.1,67.2,False,False,True
node/2655765534,13,164.1,67.2,True,True,False
node/2655767049,13,164.1,67.2,False,False,True
node/2655767050,13,164.1,67.2,False,False,True
node/2655767105,13,164.1,67.2,False,False,True
node/2655767410,13,164.1,67.2,False,True,False
node/2655768678,13,164.1,67.2,False,False,True
node/2655784984,13,164.1,67.2,False,True,False
node/2655784985,13,164.1,67.2,False,False,True
node/2655784986,13,164.1,67.2,False,False,True
node/2655784987,13,164.1,67.2,False,True,False
node/2655784988,13,164.1,67.2,False,False,True
node/2655787647,13,164.1,67.2,False,True,False
node/2655787658,13,164.1,67.2,False,True,False
node/2655787670,13,164.1,67.2,False,False,True
node/2655790968,13,164.1,67.2,False,True,False
node/2655790976,13,164.1,67.2,False,False,True
node/2655791330,13,164.1,67.2,False,False,True
node/2655813144,13,164.1,67.2,True,False,False
node/2655814103,13,164.1,67.2,False,False,True
node/2655814108,13,164.1,67.2,False,False,True
node/2655815607,13,164.1,67.2,False,False,True
node/2655815608,13,164.1,67.2,False,True,False
node/2655817999,13,164.1,67.2,False,True,False
node/2655819182,13,164.1,67.2,False,True,False
node/2655819183,13,164.1,67.2,False,True,False
node/2655819671,13,164.1,67.2,False,True,False
node/2655820401,13,164.1,67.2,False,False,True
node/2655820410,13,164.1,67.2,False,True,False
node/2655823568,13,164.1,67.2,False,False,True
node/2655827135,13,164.1,67.2,False,False,True
node/2655827824,13,164.1,67.2,False,False,True
node/2655827825,13,164.1,67.2,False,False,True
node/2655827826,13,164.1,67.2,False,True,False
node/2655827842,13,164.1,67.2,False,False,True
node/2655829297,13,164.1,67.2,False,False,True
node/2655829298,13,164.1,67.2,False,True,False
node/2655830447,13,164.1,67.2,False,True,False
node/2655830455,13,164.1,67.2,False,True,False
node/2655835417,13,164.1,67.2,False,True,False
node/2655836478,13,164.1,67.2,False,False,True
node/2659231278,13,164.1,67.2,False,True,False
node/2659360764,13,164.1,67.2,False,True,False
node/2659362311,13,164.1,67.2,False,True,False
node/2662811502,13,164.1,67.2,False,True,False
node/2662815867,13,164.1,67.2,False,True,False
node/2662818263,13,164.1,67.2,False,True,False
node/2662820234,13,164.1,67.2,False,True,False
node/2662820621,13,164.1,67.2,False,True,False
node/2662828661,13,164.1,67.2,False,True,False
node/2662838180,13,164.1,67.2,False,True,False
node/2662840694,13,164.1,67.2,False,False,True
node/2662843884,13,164.1,67.2,False,False,True
node/2662847374,13,164.1,67.2,False,True,False
node/2662849222,13,164.1,67.2,False,True,False
node/2664120596,13,164.1,67.2,False,True,False
node/2664120877,13,164.1,67.2,False,True,False
node/2664137046,13,164.1,67.2,False,True,False
node/2664152347,13,164.1,67.2,False,True,False
node/2664153098,13,164.1,67.2,True,True,False
node/2664153220,13,164.1,67.2,False,True,False
node/2665597586,13,164.1,67.2,False,False,True
node/2665599980,13,164.1,67.2,False,True,False
node/2665610047,13,164.1,67.2,False,False,True
node/2665611536,13,164.1,67.2,False,False,True
node/2665612322,13,164.1,67.2,False,True,False
node/2665617638,13,164.1,67.2,False,True,False
node/2665624752,13,164.1,67.2,False,True,False
node/2665628422,13,164.1,67.2,False,True,False
node/2665629447,13,164.1,67.2,False,True,False
node/2665657134,13,164.1,67.2,False,True,False
node/2665661664,13,164.1,67.2,False,True,False
node/2665720151,13,164.1,67.2,False,False,True
node/2665721436,13,164.1,67.2,False,True,False
node/2665729560,13,164.1,67.2,False,True,False
node/2665782703,13,164.1,67.2,False,False,True
node/2665785610,13,164.1,67.2,False,True,False
node/2665788104,13,164.1,67.2,False,False,True
node/2665789145,13,164.1,67.2,False,False,True
node/2666147343,13,164.1,67.2,False,True,False
node/2666935033,13,164.1,67.2,False,False,True
node/2667005368,13,164.1,67.2,False,False,True
node/2667005369,13,164.1,67.2,False,False,True
node/2667005370,13,164.1,67.2,False,False,True
node/2668421266,13,164.1,67.2,False,True,False
node/2668421267,13,164.1,67.2,False,True,False
node/2668424488,13,164.1,67.2,False,True,False
node/2668430722,13,164.1,67.2,False,True,False
node/2668430728,13,164.1,67.2,False,True,False
node/2668452933,13,164.1,67.2,False,True,False
node/2668452935,13,164.1,67.2,False,True,False
node/2668455763,13,164.1,67.2,False,True,False
node/2668467396,13,164.1,67.2,False,False,True
node/2668505483,13,164.1,67.2,False,True,False
node/2668517864,13,164.1,67.2,True,True,False
node/2668517874,13,164.1,67.2,True,True,False
node/2668517881,13,164.1,67.2,False,True,False
node/2668517891,13,164.1,67.2,True,True,False
node/2707129442,13,164.1,67.2,False,False,True
node/2707129452,13,164.1,67.2,False,True,False
node/2707204585,13,164.1,67.2,True,False,False
node/2707210897,13,164.1,67.2,False,True,False
node/2707212224,13,164.1,67.2,False,False,True
node/2707223596,13,164.1,67.2,False,False,True
node/2707224402,13,164.1,67.2,False,False,True
node/2711706935,13,164.1,67.2,False,False,True
node/2762341491,13,164.1,67.2,False,False,True
node/2810719946,13,164.1,67.2,False,True,False
node/2820769012,13,164.1,67.2,False,True,False
node/2856773444,13,164.1,67.2,False,True,False
node/2856773445,13,164.1,67.2,False,True,False
node/2859842830,13,164.1,67.2,False,True,False
node/2859872048,13,164.1,67.2,False,False,True
node/2859878218,13,164.1,67.2,False,False,True
node/2859881743,13,164.1,67.2,False,True,False
node/2859881744,13,164.1,67.2,False,True,False
node/2859881745,13,164.1,67.2,False,True,False
node/2859883816,13,164.1,67.2,False,True,False
node/2859889328,13,164.1,67.2,False,False,True
node/2859891239,13,164.1,67.2,False,False,True
node/2859894501,13,164.1,67.2,False,False,True
node/2859906856,13,164.1,67.2,False,True,False
node/2859912035,13,164.1,67.2,False,False,True
node/2859912153,13,164.1,67.2,False,True,False
node/2860037788,13,164.1,67.2,False,True,False
node/2860037790,13,164.1,67.2,False,True,False
node/2860061583,13,164.1,67.2,False,True,False
node/2860061584,13,164.1,67.2,False,False,True
node/2860065379,13,164.1,67.2,False,False,True
node/2860065380,13,164.1,67.2,False,False,True
node/2860065381,13,164.1,67.2,False,False,True
node/2860065382,13,164.1,67.2,False,True,False
node/2860066520,13,164.1,67.2,True,False,False
node/2862131629,13,164.1,67.2,False,True,False
node/2862183667,13,164.1,67.2,False,True,False
node/2862183668,13,164.1,67.2,False,False,True
node/2862207916,13,164.1,67.2,False,False,True
node/2862282747,13,164.1,67.2,False,False,True
node/2868399805,13,164.1,67.2,False,True,False
node/2868407742,13,164.1,67.2,False,True,False
node/2868407743,13,164.1,67.2,False,True,False
node/2870175902,13,164.1,67.2,False,True,False
node/2870175903,13,164.1,67.2,False,False,True
node/2870196120,13,164.1,67.2,False,True,False
node/2886845058,13,164.1,67.2,True,True,False
node/2886845060,13,164.1,67.2,False,False,True
node/2886903239,13,164.1,67.2,True,True,False
node/2886907973,13,164.1,67.2,False,True,False
node/2886907974,13,164.1,67.2,False,True,False
node/2886907975,13,164.1,67.2,False,True,False
node/2886925986,13,164.1,67.2,False,False,True
node/2886956717,13,164.1,67.2,False,False,True
node/2887017262,13,164.1,67.2,False,True,False
node/2887079094,13,164.1,67.2,False,False,True
node/2887079666,13,164.1,67.2,False,False,True
node/2887383937,13,164.1,67.2,False,True,False
node/2923126645,13,164.1,67.2,False,True,False
node/2924350291,13,164.1,67.2,False,True,False
node/2924350292,13,164.1,67.2,False,False,True
node/2924350377,13,164.1,67.2,False,True,False
node/2924350395,13,164.1,67.2,False,True,False
node/2924360256,13,164.1,67.2,False,True,False
node/2924360279,13,164.1,67.2,False,True,False
node/2924372002,13,164.1,67.2,False,True,False
node/2924372022,13,164.1,67.2,False,True,False
node/2924372034,13,164.1,67.2,False,True,False
node/2943609225,13,164.1,67.2,False,True,False
node/2947251443,13,164.1,67.2,False,False,True
node/2977882640,13,164.1,67.2,False,False,True
node/2988500054,13,164.1,67.2,False,False,True
node/2989246792,13,164.1,67.2,False,False,True
node/2997509000,13,164.1,67.2,False,False,True
node/2997509002,13,164.1,67.2,False,False,True
node/2997509003,13,164.1,67.2,False,True,False
node/2997509008,13,164.1,67.2,False,False,True
node/2997509011,13,164.1,67.2,False,True,False
node/2997509012,13,164.1,67.2,False,True,False
node/2998129806,13,164.1,67.2,False,True,False
node/2998129809,13,164.1,67.2,False,False,True
node/2998129811,13,164.1,67.2,False,True,False
node/2998129813,13,164.1,67.2,False,True,False
node/2998183224,13,164.1,67.2,False,True,False
node/2998183226,13,164.1,67.2,False,True,False
node/2998183228,13,164.1,67.2,False,True,False
node/2998183230,13,164.1,67.2,False,True,False
node/2998183232,13,164.1,67.2,False,True,False
node/2998184134,13,164.1,67.2,False,False,True
node/2998184136,13,164.1,67.2,False,True,False
node/2998184138,13,164.1,67.2,False,True,False
node/2998393385,13,164.1,67.2,False,True,False
node/2998583701,13,164.1,67.2,False,False,True
node/3003594978,13,164.1,67.2,False,True,False
node/3004237497,13,164.1,67.2,False,False,True
node/3004237498,13,164.1,67.2,False,True,False
node/3004237499,13,164.1,67.2,False,True,False
node/3005158302,13,164.1,67.2,False,True,False
node/3005158303,13,164.1,67.2,True,False,False
node/3005194063,13,164.1,67.2,False,True,False
node/3012120995,13,164.1,67.2,False,False,True
node/3012140701,13,164.1,67.2,False,False,True
node/3012222971,13,164.1,67.2,False,True,False
node/3012431711,13,164.1,67.2,False,False,True
node/3012431713,13,164.1,67.2,False,True,False
node/3012431723,13,164.1,67.2,False,True,False
node/3012431725,13,164.1,67.2,False,True,False
node/3012431726,13,164.1,67.2,False,True,False
node/3012431728,13,164.1,67.2,False,True,False
node/3012431730,13,164.1,67.2,False,True,False
node/3012431732,13,164.1,67.2,False,True,False
node/3012433135,13,164.1,67.2,False,True,False
node/3012433137,13,164.1,67.2,False,True,False
node/3013077540,13,164.1,67.2,False,False,True
node/3016472376,13,164.1,67.2,False,True,False
node/3016472378,13,164.1,67.2,False,True,False
node/3016472382,13,164.1,67.2,False,True,False
node/3016472384,13,164.1,67.2,False,True,False
node/3016472387,13,164.1,67.2,False,True,False
node/3016472392,13,164.1,67.2,False,False,True
node/3016582659,13,164.1,67.2,False,True,False
node/3016582662,13,164.1,67.2,False,False,True
node/3016582663,13,164.1,67.2,False,True,False
node/3016582666,13,164.1,67.2,False,True,False
node/3016582671,13,164.1,67.2,False,False,True
node/3016582672,13,164.1,67.2,False,False,True
node/3016600596,13,164.1,67.2,False,True,False
node/3016600597,13,164.1,67.2,False,True,False
node/3016600599,13,164.1,67.2,False,True,False
node/3019007373,13,164.1,67.2,False,False,True
node/3019007375,13,164.1,67.2,False,True,False
node/3019007376,13,164.1,67.2,False,False,True
node/3019007377,13,164.1,67.2,False,False,True
node/3019037302,13,164.1,67.2,True,False,False
node/3019037303,13,164.1,67.2,False,False,True
node/3019037304,13,164.1,67.2,False,False,True
node/3020888382,13,164.1,67.2,False,False,True
node/3021854035,13,164.1,67.2,False,False,True
node/3021854038,13,164.1,67.2,False,False,True
node/3022882348,13,164.1,67.2,False,False,True
node/3022882349,13,164.1,67.2,False,True,False
node/3028081934,13,164.1,67.2,False,False,True
node/3028366657,13,164.1,67.2,False,True,False
node/3035842803,13,164.1,67.2,False,False,True
node/3036649482,13,164.1,67.2,False,True,False
node/3036649483,13,164.1,67.2,False,True,False
node/3036649484,13,164.1,67.2,False,True,False
node/3036649485,13,164.1,67.2,False,True,False
node/3036649486,13,164.1,67.2,False,True,False
node/3036649487,13,164.1,67.2,False,True,False
node/3036666259,13,164.1,67.2,False,False,True
node/3041929151,13,164.1,67.2,False,False,True
node/3041929152,13,164.1,67.2,False,False,True
node/3041929155,13,164.1,67.2,False,False,True
node/3050921307,13,164.1,67.2,False,False,True
node/3050921308,13,164.1,67.2,False,False,True
node/3059689204,13,164.1,67.2,False,True,False
node/3059793358,13,164.1,67.2,False,False,True
node/3096115845,13,164.1,67.2,False,False,True
node/3106096237,13,164.1,67.2,False,False,True
node/3115184429,13,164.1,67.2,False,True,False
node/3127491126,13,164.1,67.2,False,False,True
node/3139739588,13,164.1,67.2,False,False,True
node/3149270079,13,164.1,67.2,False,True,False
node/3152346117,13,164.1,67.2,False,False,True
node/3178775169,13,164.1,67.2,False,False,True
node/3178775170,13,164.1,67.2,False,False,True
node/3178775173,13,164.1,67.2,False,False,True
node/3178775174,13,164.1,67.2,False,False,True
node/3200725396,13,164.1,67.2,False,False,True
node/3224062590,13,164.1,67.2,False,False,True
node/3224062593,13,164.1,67.2,False,False,True
node/3224062596,13,164.1,67.2,False,False,True
node/3236536366,13,164.1,67.2,False,False,True
node/3236536367,13,164.1,67.2,False,False,True
node/3254078124,13,164.1,67.2,False,True,False
node/3254078125,13,164.1,67.2,False,True,False
node/3263986607,13,164.1,67.2,False,False,True
node/3309932310,13,164.1,67.2,False,False,True
node/3312832841,13,164.1,67.2,False,False,True
node/3338613447,13,164.1,67.2,False,False,True
node/3341528120,13,164.1,67.2,False,False,True
node/3348364710,13,164.1,67.2,True,False,False
node/3348364711,13,164.1,67.2,False,True,False
node/3362155108,13,164.1,67.2,False,True,False
node/3370698715,13,164.1,67.2,False,True,False
node/3371795958,13,164.1,67.2,False,True,False
node/3371795959,13,164.1,67.2,False,True,False
node/3372962161,13,164.1,67.2,False,True,False
node/3373060056,13,164.1,67.2,False,True,False
node/3373440443,13,164.1,67.2,False,True,False
node/3376598376,13,164.1,67.2,False,True,False
node/3377118662,13,164.1,67.2,False,True,False
node/3378110325,13,164.1,67.2,False,True,False
node/3378447632,13,164.1,67.2,False,True,False
node/3387897732,13,164.1,67.2,True,True,False
node/3410546250,13,164.1,67.2,False,True,False
node/3425093493,13,164.1,67.2,False,True,False
node/3425093495,13,164.1,67.2,False,True,False
node/3429335811,13,164.1,67.2,False,True,False
node/3458303207,13,164.1,67.2,False,False,True
node/3458303213,13,164.1,67.2,False,False,True
node/3458303214,13,164.1,67.2,False,False,True
node/3458303223,13,164.1,67.2,False,False,True
node/3458303224,13,164.1,67.2,False,False,True
node/3458303225,13,164.1,67.2,False,False,True
node/3458303227,13,164.1,67.2,False,False,True
node/3458303232,13,164.1,67.2,False,False,True
node/3501065010,13,164.1,67.2,False,True,False
node/3501065011,13,164.1,67.2,False,True,False
node/3612316539,13,164.1,67.2,False,True,False
node/3624945317,13,164.1,67.2,False,False,True
node/3628864690,13,164.1,67.2,False,False,True
node/3701299048,13,164.1,67.2,False,False,True
node/3702639733,13,164.1,67.2,False,False,True
node/3704614993,13,164.1,67.2,False,False,True
node/3704614998,13,164.1,67.2,False,False,True
node/3707878984,13,164.1,67.2,False,True,False
node/3707878986,13,164.1,67.2,False,True,False
node/3709071960,13,164.1,67.2,False,True,False
node/3716873809,13,164.1,67.2,False,True,False
node/3716873810,13,164.1,67.2,False,False,True
node/3717587927,13,164.1,67.2,False,False,True
node/3717587929,13,164.1,67.2,False,False,True
node/3717587931,13,164.1,67.2,False,False,True
node/3717587934,13,164.1,67.2,False,False,True
node/3720096881,13,164.1,67.2,False,True,False
node/3720096914,13,164.1,67.2,False,True,False
node/3720303412,13,164.1,67.2,False,True,False
node/3720303418,13,164.1,67.2,False,True,False
node/3731257157,13,164.1,67.2,False,False,True
node/3752972249,13,164.1,67.2,False,False,True
node/3752972250,13,164.1,67.2,False,False,True
node/3753012028,13,164.1,67.2,False,False,True
node/3758949027,13,164.1,67.2,False,False,True
node/3758949054,13,164.1,67.2,False,False,True
node/3758949055,13,164.1,67.2,False,False,True
node/3758949367,13,164.1,67.2,False,True,False
node/3758949375,13,164.1,67.2,False,False,True
node/3758949387,13,164.1,67.2,False,True,False
node/3758958225,13,164.1,67.2,False,True,False
node/3759179957,13,164.1,67.2,False,True,False
node/3759179960,13,164.1,67.2,False,False,True
node/3773487102,13,164.1,67.2,False,True,False
node/3773487103,13,164.1,67.2,False,False,True
node/3773574431,13,164.1,67.2,False,False,True
node/3773574434,13,164.1,67.2,False,True,False
node/3773574435,13,164.1,67.2,False,False,True
node/3773574436,13,164.1,67.2,False,False,True
node/3775316414,13,164.1,67.2,False,False,True
node/3775316417,13,164.1,67.2,False,False,True
node/3778783745,13,164.1,67.2,False,True,False
node/3778783746,13,164.1,67.2,False,True,False
node/3778783749,13,164.1,67.2,False,False,True
node/3778783750,13,164.1,67.2,False,True,False
node/3778783752,13,164.1,67.2,False,False,True
node/3778783755,13,164.1,67.2,False,False,True
node/3778790463,13,164.1,67.2,False,False,True
node/3778790466,13,164.1,67.2,False,True,False
node/3779600228,13,164.1,67.2,False,True,False
node/3780381641,13,164.1,67.2,True,True,False
node/3780381642,13,164.1,67.2,False,True,False
node/3780581690,13,164.1,67.2,False,False,True
node/3780582515,13,164.1,67.2,False,False,True
node/3780584592,13,164.1,67.2,False,False,True
node/3780909786,13,164.1,67.2,False,False,True
node/3782055701,13,164.1,67.2,False,False,True
node/3782496411,13,164.1,67.2,False,False,True
node/3782654737,13,164.1,67.2,False,True,False
node/3782677184,13,164.1,67.2,False,False,True
node/3782677223,13,164.1,67.2,False,False,True
node/3782677644,13,164.1,67.2,False,False,True
node/3782682702,13,164.1,67.2,False,False,True
node/3782682703,13,164.1,67.2,False,False,True
node/3783192571,13,164.1,67.2,False,False,True
node/3783192572,13,164.1,67.2,False,False,True
node/3785016551,13,164.1,67.2,False,True,False
node/3785016552,13,164.1,67.2,False,False,True
node/3785016555,13,164.1,67.2,False,True,False
node/3785018498,13,164.1,67.2,False,True,False
node/3785026057,13,164.1,67.2,False,True,False
node/3785026064,13,164.1,67.2,False,False,True
node/3785026066,13,164.1,67.2,False,True,False
node/3785026070,13,164.1,67.2,False,False,True
node/3785026074,13,164.1,67.2,False,False,True
node/3785026083,13,164.1,67.2,False,True,False
node/3785026084,13,164.1,67.2,False,True,False
node/3785026086,13,164.1,67.2,False,False,True
node/3785190648,13,164.1,67.2,False,False,True
node/3785436827,13,164.1,67.2,True,True,False
node/3786057232,13,164.1,67.2,False,True,False
node/3786057238,13,164.1,67.2,False,True,False
node/3786057240,13,164.1,67.2,False,True,False
node/3786067896,13,164.1,67.2,False,False,True
node/3786067901,13,164.1,67.2,False,False,True
node/3786067902,13,164.1,67.2,False,False,True
node/3786072201,13,164.1,67.2,False,False,True
node/3786072202,13,164.1,67.2,False,False,True
node/3786072203,13,164.1,67.2,False,False,True
node/3786087263,13,164.1,67.2,False,True,False
node/3786087265,13,164.1,67.2,False,True,False
node/3786087266,13,164.1,67.2,False,True,False
node/3786087267,13,164.1,67.2,True,True,False
node/3786087268,13,164.1,67.2,False,True,False
node/3786087273,13,164.1,67.2,False,True,False
node/3786651044,13,164.1,67.2,False,False,True
node/3786669546,13,164.1,67.2,False,True,False
node/3786669547,13,164.1,67.2,False,True,False
node/3786669548,13,164.1,67.2,False,False,True
node/3786669549,13,164.1,67.2,False,True,False
node/3786719323,13,164.1,67.2,False,False,True
node/3786719325,13,164.1,67.2,False,True,False
node/3786719326,13,164.1,67.2,False,False,True
node/3787404038,13,164.1,67.2,False,True,False
node/3787404039,13,164.1,67.2,False,True,False
node/3787404041,13,164.1,67.2,False,False,True
node/3787404043,13,164.1,67.2,False,False,True
node/3787404046,13,164.1,67.2,False,False,True
node/3787404047,13,164.1,67.2,False,True,False
node/3787492257,13,164.1,67.2,False,False,True
node/3787492261,13,164.1,67.2,False,False,True
node/3787492263,13,164.1,67.2,False,True,False
node/3787515583,13,164.1,67.2,False,False,True
node/3787515590,13,164.1,67.2,False,False,True
node/3787561579,13,164.1,67.2,False,False,True
node/3787561580,13,164.1,67.2,False,False,True
node/3787561581,13,164.1,67.2,False,False,True
node/3787613716,13,164.1,67.2,False,True,False
node/3787613717,13,164.1,67.2,False,True,False
node/3787665759,13,164.1,67.2,False,True,False
node/3787665768,13,164.1,67.2,False,True,False
node/3787901073,13,164.1,67.2,False,False,True
node/3788667384,13,164.1,67.2,False,True,False
node/3788722359,13,164.1,67.2,False,False,True
node/3788722361,13,164.1,67.2,False,False,True
node/3788722362,13,164.1,67.2,False,True,False
node/3788722363,13,164.1,67.2,False,False,True
node/3788722365,13,164.1,67.2,True,False,False
node/3788722366,13,164.1,67.2,False,True,False
node/3788722367,13,164.1,67.2,False,False,True
node/3788722368,13,164.1,67.2,False,False,True
node/3789567789,13,164.1,67.2,False,True,False
node/3789624734,13,164.1,67.2,False,True,False
node/3789624735,13,164.1,67.2,False,True,False
node/3789624736,13,164.1,67.2,False,True,False
node/3789624737,13,164.1,67.2,False,True,False
node/3789624738,13,164.1,67.2,False,True,False
node/3789624740,13,164.1,67.2,False,True,False
node/3789624741,13,164.1,67.2,False,True,False
node/3789624742,13,164.1,67.2,False,False,True
node/3790545075,13,164.1,67.2,False,False,True
node/3790545076,13,164.1,67.2,False,False,True
node/3790545077,13,164.1,67.2,False,True,False
node/3790545078,13,164.1,67.2,False,True,False
node/3790545079,13,164.1,67.2,False,True,False
node/3790545080,13,164.1,67.2,False,False,True
node/3790545081,13,164.1,67.2,False,False,True
node/3790545083,13,164.1,67.2,False,False,True
node/3790545084,13,164.1,67.2,False,True,False
node/3790545085,13,164.1,67.2,False,False,True
node/3790545086,13,164.1,67.2,False,False,True
node/3790547698,13,164.1,67.2,False,False,True
node/3790779433,13,164.1,67.2,False,True,False
node/3790779435,13,164.1,67.2,False,True,False
node/3790779441,13,164.1,67.2,False,True,False
node/3790779442,13,164.1,67.2,False,True,False
node/3790779444,13,164.1,67.2,False,True,False
node/3790779446,13,164.1,67.2,False,True,False
node/3790779447,13,164.1,67.2,False,True,False
node/3790779449,13,164.1,67.2,False,True,False
node/3790779450,13,164.1,67.2,False,True,False
node/3790779451,13,164.1,67.2,False,True,False
node/3791785050,13,164.1,67.2,False,True,False
node/3806894854,13,164.1,67.2,True,False,False
node/3806894856,13,164.1,67.2,False,True,False
node/3806895657,13,164.1,67.2,False,False,True
node/3808056722,13,164.1,67.2,False,False,True
node/3808056723,13,164.1,67.2,False,False,True
node/3808100251,13,164.1,67.2,False,False,True
node/3808366787,13,164.1,67.2,False,True,False
node/3808366789,13,164.1,67.2,False,True,False
node/3808366793,13,164.1,67.2,False,True,False
node/3808366795,13,164.1,67.2,False,True,False
node/3808366796,13,164.1,67.2,False,False,True
node/3808544749,13,164.1,67.2,False,True,False
node/3808544750,13,164.1,67.2,False,True,False
node/3808544751,13,164.1,67.2,False,True,False
node/3808544752,13,164.1,67.2,False,True,False
node/3808544753,13,164.1,67.2,False,True,False
node/3808544754,13,164.1,67.2,False,True,False
node/3808544755,13,164.1,67.2,False,True,False
node/3808554257,13,164.1,67.2,False,False,True
node/3823152620,13,164.1,67.2,False,True,False
node/3823152623,13,164.1,67.2,False,True,False
node/3823152631,13,164.1,67.2,False,True,False
node/3823152636,13,164.1,67.2,False,True,False
node/3823152653,13,164.1,67.2,False,True,False
node/3823152760,13,164.1,67.2,False,True,False
node/3823152762,13,164.1,67.2,False,True,False
node/3823152789,13,164.1,67.2,False,True,False
node/3825603158,13,164.1,67.2,False,False,True
node/3886301889,13,164.1,67.2,False,False,True
node/3893104707,13,164.1,67.2,False,False,True
node/3898715839,13,164.1,67.2,False,False,True
node/3984824935,13,164.1,67.2,True,False,False
node/3988010391,13,164.1,67.2,False,True,False
node/4041812652,13,164.1,67.2,False,False,True
node/4041812653,13,164.1,67.2,False,False,True
node/4041812654,13,164.1,67.2,False,False,True
node/4041812885,13,164.1,67.2,False,True,False
node/4041812886,13,164.1,67.2,False,False,True
node/4080244174,13,164.1,67.2,False,False,True
node/4092138538,13,164.1,67.2,False,False,True
node/4092140237,13,164.1,67.2,False,True,False
node/4092140238,13,164.1,67.2,False,False,True
node/4092142657,13,164.1,67.2,False,True,False
node/4092142658,13,164.1,67.2,False,True,False
node/4092143105,13,164.1,67.2,False,False,True
node/4098009012,13,164.1,67.2,False,True,False
node/4112825570,13,164.1,67.2,True,True,False
node/4142388098,13,164.1,67.2,False,False,True
node/4142388099,13,164.1,67.2,False,False,True
node/4142393672,13,164.1,67.2,False,True,False
node/4171387732,13,164.1,67.2,False,False,True
node/4193106133,13,164.1,67.2,False,False,True
node/4193136328,13,164.1,67.2,False,False,True
node/4193136330,13,164.1,67.2,False,False,True
node/4193136331,13,164.1,67.2,False,False,True
node/4193143533,13,164.1,67.2,False,False,True
node/4193161889,13,164.1,67.2,False,False,True
node/4193161890,13,164.1,67.2,False,False,True
node/4193179568,13,164.1,67.2,False,False,True
node/4193188215,13,164.1,67.2,False,True,False
node/4193208464,13,164.1,67.2,False,False,True
node/4193208465,13,164.1,67.2,False,False,True
node/4193215078,13,164.1,67.2,False,False,True
node/4193215079,13,164.1,67.2,False,True,False
node/4193216816,13,164.1,67.2,False,True,False
node/4194146586,13,164.1,67.2,False,False,True
node/4194146587,13,164.1,67.2,False,True,False
node/4194146588,13,164.1,67.2,False,False,True
node/4194150189,13,164.1,67.2,False,True,False
node/4194150190,13,164.1,67.2,False,False,True
node/4194156248,13,164.1,67.2,False,False,True
node/4194156249,13,164.1,67.2,False,True,False
node/4194167377,13,164.1,67.2,False,False,True
node/4194167378,13,164.1,67.2,True,False,False
node/4194172133,13,164.1,67.2,True,True,False
node/4194972032,13,164.1,67.2,False,False,True
node/4194981100,13,164.1,67.2,False,True,False
node/4194998394,13,164.1,67.2,False,True,False
node/4195580734,13,164.1,67.2,False,False,True
node/4195580735,13,164.1,67.2,False,False,True
node/4195580736,13,164.1,67.2,False,False,True
node/4195580737,13,164.1,67.2,False,False,True
node/4195580738,13,164.1,67.2,False,True,False
node/4195587789,13,164.1,67.2,False,False,True
node/4195587790,13,164.1,67.2,False,True,False
node/4210787008,13,164.1,67.2,False,False,True
node/4215676309,13,164.1,67.2,False,False,True
node/4239035808,13,164.1,67.2,False,False,True
node/4239035809,13,164.1,67.2,True,False,False
node/4239035810,13,164.1,67.2,False,True,False
node/4239035811,13,164.1,67.2,False,False,True
node/4242926832,13,164.1,67.2,False,False,True
node/4243522528,13,164.1,67.2,True,True,False
node/4252333548,13,164.1,67.2,False,False,True
node/4252333549,13,164.1,67.2,False,False,True
node/4252333550,13,164.1,67.2,False,False,True
node/4252360817,13,164.1,67.2,False,False,True
node/4252360818,13,164.1,67.2,False,False,True
node/4253445390,13,164.1,67.2,False,False,True
node/4337326010,13,164.1,67.2,False,False,True
node/4337326011,13,164.1,67.2,False,False,True
node/4339591470,13,164.1,67.2,False,False,True
node/4355937750,13,164.1,67.2,False,False,True
node/4362472195,13,164.1,67.2,False,True,False
node/4374347653,13,164.1,67.2,False,True,False
node/4374788663,13,164.1,67.2,False,False,True
node/4386308014,13,164.1,67.2,False,False,True
node/4424654969,13,164.1,67.2,False,False,True
node/4424657665,13,164.1,67.2,False,False,True
node/4424657666,13,164.1,67.2,False,True,False
node/4425378039,13,164.1,67.2,False,False,True
node/4426436695,13,164.1,67.2,False,True,False
node/4426442193,13,164.1,67.2,False,False,True
node/4426482290,13,164.1,67.2,False,False,True
node/4456582562,13,164.1,67.2,False,True,False
node/4456582565,13,164.1,67.2,False,True,False
node/4473561091,13,164.1,67.2,False,False,True
node/4473769189,13,164.1,67.2,False,False,True
node/4487292403,13,164.1,67.2,False,False,True
node/4487343173,13,164.1,67.2,False,True,False
node/4487343174,13,164.1,67.2,False,True,False
node/4487344995,13,164.1,67.2,False,True,False
node/4487344996,13,164.1,67.2,False,True,False
node/4487346505,13,164.1,67.2,False,True,False
node/4487346506,13,164.1,67.2,False,True,False
node/4487347141,13,164.1,67.2,False,True,False
node/4487347142,13,164.1,67.2,False,True,False
node/4487348056,13,164.1,67.2,False,True,False
node/4487348057,13,164.1,67.2,False,True,False
node/4487350518,13,164.1,67.2,False,True,False
node/4487351146,13,164.1,67.2,False,True,False
node/4487353302,13,164.1,67.2,False,False,True
node/4487358726,13,164.1,67.2,False,True,False
node/4487367446,13,164.1,67.2,False,False,True
node/4487419608,13,164.1,67.2,False,False,True
node/4487419769,13,164.1,67.2,False,True,False
node/4487472020,13,164.1,67.2,False,False,True
node/4487478836,13,164.1,67.2,False,True,False
node/4512720078,13,164.1,67.2,False,True,False
node/4524796538,13,164.1,67.2,False,False,True
node/4540215835,13,164.1,67.2,False,False,True
node/4551348007,13,164.1,67.2,False,False,True
node/4553717072,13,164.1,67.2,False,False,True
node/4560348361,13,164.1,67.2,False,True,False
node/4560348362,13,164.1,67.2,False,True,False
node/4560348363,13,164.1,67.2,False,True,False
node/4560348364,13,164.1,67.2,False,True,False
node/4560348365,13,164.1,67.2,False,True,False
node/4560348366,13,164.1,67.2,False,True,False
node/4560348367,13,164.1,67.2,True,False,False
node/4560348368,13,164.1,67.2,False,False,True
node/4568359909,13,164.1,67.2,False,False,True
node/4568362314,13,164.1,67.2,False,False,True
node/4570534699,13,164.1,67.2,True,False,False
node/4608459918,13,164.1,67.2,False,True,False
node/4608531377,13,164.1,67.2,False,False,True
node/4621725801,13,164.1,67.2,False,False,True
node/4654764836,13,164.1,67.2,False,False,True
node/4662947772,13,164.1,67.2,False,True,False
node/4697111064,13,164.1,67.2,False,False,True
node/4843517235,13,164.1,67.2,False,False,True
node/4843517239,13,164.1,67.2,False,False,True
node/4843767716,13,164.1,67.2,False,False,True
node/4863923321,13,164.1,67.2,False,False,True
node/4889206188,13,164.1,67.2,False,False,True
node/4889206189,13,164.1,67.2,False,False,True
node/4889234645,13,164.1,67.2,True,False,False
node/4889234647,13,164.1,67.2,False,True,False
node/4889234648,13,164.1,67.2,False,True,False
node/4889403490,13,164.1,67.2,False,False,True
node/4889403492,13,164.1,67.2,False,True,False
node/4889403494,13,164.1,67.2,False,True,False
node/4889403500,13,164.1,67.2,False,True,False
node/4889473571,13,164.1,67.2,False,False,True
node/4889473572,13,164.1,67.2,False,False,True
node/4889473573,13,164.1,67.2,False,False,True
node/4889473577,13,164.1,67.2,False,False,True
node/4889473581,13,164.1,67.2,False,True,False
node/4889473587,13,164.1,67.2,False,False,True
node/4889473588,13,164.1,67.2,False,True,False
node/4889473589,13,164.1,67.2,False,False,True
node/4889473590,13,164.1,67.2,False,True,False
node/4889473592,13,164.1,67.2,False,True,False
node/4889662234,13,164.1,67.2,False,False,True
node/4889662235,13,164.1,67.2,False,False,True
node/4889662237,13,164.1,67.2,False,False,True
node/4889789447,13,164.1,67.2,False,True,False
node/4889789453,13,164.1,67.2,False,False,True
node/4889789454,13,164.1,67.2,True,False,False
node/4889789455,13,164.1,67.2,False,False,True
node/4889789456,13,164.1,67.2,False,True,False
node/4889789487,13,164.1,67.2,False,False,True
node/4889789488,13,164.1,67.2,False,False,True
node/4889789494,13,164.1,67.2,False,False,True
node/4889789495,13,164.1,67.2,False,False,True
node/4889919233,13,164.1,67.2,True,False,False
node/4889919251,13,164.1,67.2,False,False,True
node/4889919253,13,164.1,67.2,False,True,False
node/4889919298,13,164.1,67.2,False,True,False
node/4889919299,13,164.1,67.2,False,True,False
node/4889919300,13,164.1,67.2,False,True,False
node/4890108670,13,164.1,67.2,False,True,False
node/4890108683,13,164.1,67.2,False,True,False
node/4891272623,13,164.1,67.2,True,True,False
node/4891272633,13,164.1,67.2,False,False,True
node/4891272634,13,164.1,67.2,False,True,False
node/4893995307,13,164.1,67.2,False,False,True
node/4898290186,13,164.1,67.2,False,False,True
node/4898290194,13,164.1,67.2,False,True,False
node/4898290203,13,164.1,67.2,False,True,False
node/4899160641,13,164.1,67.2,False,False,True
node/4899160645,13,164.1,67.2,False,False,True
node/4899160672,13,164.1,67.2,False,True,False
node/4899160693,13,164.1,67.2,False,True,False
node/4903310230,13,164.1,67.2,False,True,False
node/4903310233,13,164.1,67.2,False,True,False
node/4903310235,13,164.1,67.2,False,False,True
node/4903310236,13,164.1,67.2,True,True,False
node/4903310237,13,164.1,67.2,True,True,False
node/4903310239,13,164.1,67.2,True,True,False
node/4903310240,13,164.1,67.2,True,True,False
node/4992102606,13,164.1,67.2,False,True,False
node/5026213522,13,164.1,67.2,False,False,True
node/5064259820,13,164.1,67.2,False,False,True
node/5081364232,13,164.1,67.2,False,False,True
node/5081364233,13,164.1,67.2,False,False,True
node/5081364236,13,164.1,67.2,False,False,True
node/5081364237,13,164.1,67.2,False,False,True
node/5081364239,13,164.1,67.2,False,False,True
node/5081364240,13,164.1,67.2,False,False,True
node/5081364241,13,164.1,67.2,False,False,True
node/5081364242,13,164.1,67.2,False,False,True
node/5081364243,13,164.1,67.2,False,False,True
node/5081364244,13,164.1,67.2,False,False,True
node/5081379378,13,164.1,67.2,False,False,True
node/5081379380,13,164.1,67.2,False,False,True
node/5111433087,13,164.1,67.2,False,True,False
node/5111687993,13,164.1,67.2,False,True,False
node/5216559622,13,164.1,67.2,True,False,False
node/5316455423,13,164.1,67.2,False,False,True
node/5316455424,13,164.1,67.2,False,False,True
node/5316455426,13,164.1,67.2,False,True,False
node/5316455427,13,164.1,67.2,False,True,False
node/5316455428,13,164.1,67.2,False,False,True
node/5316484435,13,164.1,67.2,False,False,True
node/5316484436,13,164.1,67.2,False,False,True
node/5316484437,13,164.1,67.2,True,False,False
node/5316484438,13,164.1,67.2,False,False,True
node/5316484439,13,164.1,67.2,False,False,True
node/5368403844,13,164.1,67.2,False,True,False
node/5368403855,13,164.1,67.2,False,True,False
node/5368438797,13,164.1,67.2,False,True,False
node/5368438799,13,164.1,67.2,False,True,False
node/5403073723,13,164.1,67.2,False,False,True
node/5418905623,13,164.1,67.2,False,True,False
node/5462381426,13,164.1,67.2,False,True,False
node/5527705621,13,164.1,67.2,False,False,True
node/5593411954,13,164.1,67.2,False,False,True
node/5678403949,13,164.1,67.2,False,False,True
node/5743615987,13,164.1,67.2,False,False,True
node/5796551026,13,164.1,67.2,False,False,True
node/5996557765,13,164.1,67.2,False,False,True
node/6004558476,13,164.1,67.2,False,False,True
node/6004558478,13,164.1,67.2,False,False,True
node/6004558480,13,164.1,67.2,False,False,True
node/6004558481,13,164.1,67.2,False,False,True
node/6004558482,13,164.1,67.2,False,False,True
node/6090069009,13,164.1,67.2,False,True,False
node/6296219968,13,164.1,67.2,False,False,True
node/6296219969,13,164.1,67.2,False,False,True
node/6349597364,13,164.1,67.2,False,False,True
node/6351757089,13,164.1,67.2,False,False,True
node/6363762843,13,164.1,67.2,False,True,False
node/6753442263,13,164.1,67.2,False,True,False
node/6812085822,13,164.1,67.2,False,True,False
node/6988405352,13,164.1,67.2,False,False,True
node/6988405353,13,164.1,67.2,False,False,True
node/6988405354,13,164.1,67.2,False,False,True
node/6988405355,13,164.1,67.2,False,False,True
node/6988405357,13,164.1,67.2,False,False,True
node/6988405359,13,164.1,67.2,False,True,False
node/6988568582,13,164.1,67.2,False,False,True
node/6988568583,13,164.1,67.2,False,True,False
node/6988568584,13,164.1,67.2,False,False,True
node/6988569285,13,164.1,67.2,False,False,True
node/6988569286,13,164.1,67.2,False,False,True
node/7117392386,13,164.1,67.2,False,False,True
node/7221409716,13,164.1,67.2,False,False,True
node/7523062100,13,164.1,67.2,False,True,False
node/8138571319,13,164.1,67.2,False,True,False
node/8397306827,13,164.1,67.2,False,True,False
node/8404480139,13,164.1,67.2,False,False,True
node/8404480140,13,164.1,67.2,False,True,False
node/8500711611,13,164.1,67.2,False,True,False
node/8615074676,13,164.1,67.2,False,False,True
node/8712721886,13,164.1,67.2,False,False,True
node/8712721888,13,164.1,67.2,False,False,True
node/8712721890,13,164.1,67.2,False,False,True
node/8712721892,13,164.1,67.2,False,False,True
node/8712721894,13,164.1,67.2,False,False,True
node/8712721901,13,164.1,67.2,False,False,True
node/8718907948,13,164.1,67.2,False,True,False
node/8718907950,13,164.1,67.2,False,True,False
node/8754224147,13,164.1,67.2,False,False,True
node/8754224150,13,164.1,67.2,False,False,True
node/9021294461,13,164.1,67.2,False,False,True
node/9022370340,13,164.1,67.2,False,False,True
node/9022370341,13,164.1,67.2,False,False,True
node/9031432377,13,164.1,67.2,False,True,False
node/9248045252,13,164.1,67.2,False,True,False
node/9248045256,13,164.1,67.2,False,False,True
node/9250830301,13,164.1,67.2,False,False,True
node/9250830304,13,164.1,67.2,False,False,True
node/9296818002,13,164.1,67.2,False,False,True
node/9353402328,13,164.1,67.2,False,True,False
node/9424085228,13,164.1,67.2,False,False,True
node/9424085231,13,164.1,67.2,False,True,False
node/9424085236,13,164.1,67.2,False,False,True
node/9424085238,13,164.1,67.2,False,False,True
node/9424085240,13,164.1,67.2,False,False,True
node/9424085242,13,164.1,67.2,False,True,False
node/9426374619,13,164.1,67.2,False,False,True
node/9426374621,13,164.1,67.2,False,False,True
node/9426374626,13,164.1,67.2,False,True,False
node/9426374629,13,164.1,67.2,False,False,True
node/9436677648,13,164.1,67.2,False,False,True
node/9436677650,13,164.1,67.2,False,False,True
node/9436677652,13,164.1,67.2,False,False,True
node/9436677658,13,164.1,67.2,False,False,True
node/9436677660,13,164.1,67.2,False,False,True
node/9436677664,13,164.1,67.2,False,False,True
node/9436677666,13,164.1,67.2,False,False,True
node/9436677668,13,164.1,67.2,False,False,True
node/9436677673,13,164.1,67.2,False,False,True
node/9436677675,13,164.1,67.2,False,True,False
node/9455340734,13,164.1,67.2,False,True,False
node/9455340735,13,164.1,67.2,False,True,False
node/9455340736,13,164.1,67.2,False,False,True
node/9455340737,13,164.1,67.2,False,True,False
node/9457632139,13,164.1,67.2,False,True,False
node/9458578380,13,164.1,67.2,False,True,False
node/9471105464,13,164.1,67.2,False,True,False
node/9471105465,13,164.1,67.2,False,True,False
node/9471270836,13,164.1,67.2,False,True,False
node/9471611824,13,164.1,67.2,False,True,False
node/9471611825,13,164.1,67.2,False,True,False
node/9471611827,13,164.1,67.2,False,True,False
node/9471611828,13,164.1,67.2,False,True,False
node/9471611829,13,164.1,67.2,False,True,False
node/9471611830,13,164.1,67.2,False,True,False
node/9471840470,13,164.1,67.2,False,True,False
node/9471840471,13,164.1,67.2,False,False,True
node/9471915759,13,164.1,67.2,False,True,False
node/9471915760,13,164.1,67.2,False,False,True
node/9471915761,13,164.1,67.2,False,True,False
node/9471915763,13,164.1,67.2,False,True,False
node/9471915764,13,164.1,67.2,False,True,False
node/9472043398,13,164.1,67.2,False,True,False
node/9474161479,13,164.1,67.2,False,False,True
node/9474161480,13,164.1,67.2,False,True,False
node/9474161481,13,164.1,67.2,False,True,False
node/9474161482,13,164.1,67.2,False,True,False
node/9474161483,13,164.1,67.2,False,True,False
node/9474161484,13,164.1,67.2,False,True,False
node/9474161485,13,164.1,67.2,False,True,False
node/9474161486,13,164.1,67.2,False,True,False
node/9474161487,13,164.1,67.2,False,True,False
node/9474161488,13,164.1,67.2,False,True,False
node/9474161489,13,164.1,67.2,False,True,False
node/9474161490,13,164.1,67.2,False,True,False
node/9474161491,13,164.1,67.2,False,False,True
node/9474255789,13,164.1,67.2,False,True,False
node/9483807053,13,164.1,67.2,False,False,True
node/9486912224,13,164.1,67.2,False,True,False
node/9486912225,13,164.1,67.2,False,True,False
node/9486912226,13,164.1,67.2,False,True,False
node/9487060567,13,164.1,67.2,False,False,True
node/9487060568,13,164.1,67.2,True,True,False
node/9487060569,13,164.1,67.2,False,True,False
node/9487060570,13,164.1,67.2,True,True,False
node/9487060571,13,164.1,67.2,False,True,False
node/9487060572,13,164.1,67.2,False,True,False
node/9487060573,13,164.1,67.2,False,False,True
node/9487060574,13,164.1,67.2,False,True,False
node/9487060575,13,164.1,67.2,False,True,False
node/9487060576,13,164.1,67.2,True,True,False
node/9489106792,13,164.1,67.2,False,False,True
node/9489394997,13,164.1,67.2,False,False,True
node/9489394998,13,164.1,67.2,False,True,False
node/9489394999,13,164.1,67.2,False,True,False
node/9489395000,13,164.1,67.2,False,True,False
node/9489395001,13,164.1,67.2,False,True,False
node/9489395002,13,164.1,67.2,False,True,False
node/9489395005,13,164.1,67.2,False,True,False
node/9489395007,13,164.1,67.2,False,True,False
node/9489395008,13,164.1,67.2,False,True,False
node/9489395009,13,164.1,67.2,False,True,False
node/9489395010,13,164.1,67.2,False,True,False
node/9489395011,13,164.1,67.2,False,True,False
node/9489395013,13,164.1,67.2,False,True,False
node/9489395014,13,164.1,67.2,False,False,True
node/9489395015,13,164.1,67.2,False,False,True
node/9489395016,13,164.1,67.2,False,True,False
node/9490704152,13,164.1,67.2,False,False,True
node/9491868997,13,164.1,67.2,False,True,False
node/9497948304,13,164.1,67.2,False,False,True
node/9498129791,13,164.1,67.2,False,False,True
node/9498129793,13,164.1,67.2,False,True,False
node/9525581152,13,164.1,67.2,False,True,False
node/9525601821,13,164.1,67.2,False,True,False
node/9525670315,13,164.1,67.2,False,False,True
node/9545043130,13,164.1,67.2,False,True,False
node/9545067603,13,164.1,67.2,False,True,False
node/9565757000,13,164.1,67.2,False,False,True
node/9611795082,13,164.1,67.2,False,False,True
node/9626862549,13,164.1,67.2,False,True,False
node/9626869393,13,164.1,67.2,False,True,False
node/9626869394,13,164.1,67.2,False,False,True
node/9626869395,13,164.1,67.2,False,True,False
node/9626930589,13,164.1,67.2,False,True,False
node/9626942260,13,164.1,67.2,False,True,False
node/9626942263,13,164.1,67.2,False,True,False
node/9628627535,13,164.1,67.2,False,False,True
node/9628627536,13,164.1,67.2,False,True,False
node/9628627537,13,164.1,67.2,False,True,False
node/9628627538,13,164.1,67.2,False,True,False
node/9649426472,13,164.1,67.2,False,True,False
node/9649426473,13,164.1,67.2,False,True,False
node/9649426474,13,164.1,67.2,False,True,False
node/9649426475,13,164.1,67.2,False,False,True
node/9649543534,13,164.1,67.2,False,True,False
node/9649543535,13,164.1,67.2,False,True,False
node/9649543536,13,164.1,67.2,False,True,False
node/9649543537,13,164.1,67.2,True,False,False
node/9649543538,13,164.1,67.2,False,False,True
node/9649543539,13,164.1,67.2,False,False,True
node/9649543540,13,164.1,67.2,False,False,True
node/9649543541,13,164.1,67.2,False,False,True
node/9657605909,13,164.1,67.2,False,False,True
node/9738415468,13,164.1,67.2,False,True,False
node/9783507189,13,164.1,67.2,False,False,True
node/9850072032,13,164.1,67.2,False,False,True
node/9888166829,13,164.1,67.2,False,False,True
node/9895185440,13,164.1,67.2,False,True,False
node/9895316684,13,164.1,67.2,False,False,True
node/9901788302,13,164.1,67.2,False,False,True
node/9975298517,13,164.1,67.2,False,False,True
node/9975325597,13,164.1,67.2,False,False,True
node/9975993052,13,164.1,67.2,False,False,True
node/9979439490,13,164.1,67.2,False,False,True
node/9979453966,13,164.1,67.2,False,False,True
node/9979453968,13,164.1,67.2,False,False,True
node/9979889993,13,164.1,67.2,True,False,False
node/9985667275,13,164.1,67.2,False,True,False
node/9986170316,13,164.1,67.2,False,False,True
node/9986175704,13,164.1,67.2,False,False,True
node/9994996600,13,164.1,67.2,False,False,True
node/9995010587,13,164.1,67.2,False,False,True
node/9995012057,13,164.1,67.2,False,False,True
node/10004309776,13,164.1,67.2,False,False,True
node/10004319991,13,164.1,67.2,False,False,True
node/10006171601,13,164.1,67.2,False,True,False
node/10006173918,13,164.1,67.2,False,False,True
node/10006207182,13,164.1,67.2,False,True,False
node/10006452198,13,164.1,67.2,False,False,True
node/10008868525,13,164.1,67.2,False,False,True
node/10008868528,13,164.1,67.2,False,False,True
node/10008889273,13,164.1,67.2,False,False,True
node/10009011030,13,164.1,67.2,False,False,True
node/10009064543,13,164.1,67.2,False,False,True
node/10044383302,13,164.1,67.2,False,False,True
node/10056597632,13,164.1,67.2,False,False,True
node/10103394740,13,164.1,67.2,False,False,True
node/10103394741,13,164.1,67.2,False,False,True
node/10103394742,13,164.1,67.2,False,True,False
node/10175760858,13,164.1,67.2,False,False,True
node/10175900841,13,164.1,67.2,False,False,True
node/10189375756,13,164.1,67.2,False,False,True
node/10199274347,13,164.1,67.2,False,False,True
node/10199887329,13,164.1,67.2,False,True,False
node/10199887330,13,164.1,67.2,False,True,False
node/10204153342,13,164.1,67.2,False,True,False
node/10204153343,13,164.1,67.2,True,True,False
node/10204153345,13,164.1,67.2,False,True,False
node/10207442018,13,164.1,67.2,False,False,True
node/10207442023,13,164.1,67.2,False,False,True
node/10207587794,13,164.1,67.2,False,True,False
node/10207587797,13,164.1,67.2,False,True,False
node/10207587798,13,164.1,67.2,False,False,True
node/10207587803,13,164.1,67.2,False,True,False
node/10207587805,13,164.1,67.2,False,False,True
node/10207587807,13,164.1,67.2,False,False,True
node/10207587809,13,164.1,67.2,False,False,True
node/10207587811,13,164.1,67.2,False,False,True
node/10212096588,13,164.1,67.2,False,False,True
node/10212096590,13,164.1,67.2,False,False,True
node/10212096594,13,164.1,67.2,False,False,True
node/10214454559,13,164.1,67.2,False,False,True
node/10214557894,13,164.1,67.2,True,False,False
node/10214557897,13,164.1,67.2,False,True,False
node/10220186990,13,164.1,67.2,False,True,False
node/10221647123,13,164.1,67.2,False,True,False
node/10221706211,13,164.1,67.2,False,True,False
node/10233145912,13,164.1,67.2,False,True,False
node/10233145916,13,164.1,67.2,False,False,True
node/10233193117,13,164.1,67.2,False,False,True
node/10233193118,13,164.1,67.2,False,False,True
node/10233193119,13,164.1,67.2,False,False,True
node/10246496584,13,164.1,67.2,False,True,False
node/10259286009,13,164.1,67.2,False,False,True
node/10262640853,13,164.1,67.2,False,True,False
node/10267146386,13,164.1,67.2,False,False,True
node/10294911755,13,164.1,67.2,False,False,True
node/10297955289,13,164.1,67.2,False,True,False
node/10298363397,13,164.1,67.2,False,True,False
node/10298363398,13,164.1,67.2,False,True,False
node/10300849766,13,164.1,67.2,False,False,True
node/10302138467,13,164.1,67.2,False,False,True
node/10302140400,13,164.1,67.2,False,True,False
node/10313084094,13,164.1,67.2,False,False,True
node/10550642607,13,164.1,67.2,False,False,True
node/10550695909,13,164.1,67.2,False,False,True
node/10570800426,13,164.1,67.2,False,True,False
node/10572781594,13,164.1,67.2,False,False,True
node/10572819518,13,164.1,67.2,False,False,True
node/10582303877,13,164.1,67.2,False,False,True
node/10582303878,13,164.1,67.2,False,True,False
node/10582303879,13,164.1,67.2,False,False,True
node/10582303880,13,164.1,67.2,False,True,False
node/10582303881,13,164.1,67.2,False,True,False
node/10582303882,13,164.1,67.2,False,True,False
node/10582303883,13,164.1,67.2,False,True,False
node/10587112992,13,164.1,67.2,False,True,False
node/10587112993,13,164.1,67.2,False,True,False
node/10587112994,13,164.1,67.2,False,False,True
node/10589033362,13,164.1,67.2,False,True,False
node/10589033363,13,164.1,67.2,False,True,False
node/10589033364,13,164.1,67.2,False,True,False
node/10589033365,13,164.1,67.2,False,True,False
node/10589132886,13,164.1,67.2,True,False,False
node/10589132887,13,164.1,67.2,True,False,False
node/10589132888,13,164.1,67.2,False,False,True
node/10594645101,13,164.1,67.2,False,True,False
node/10594645102,13,164.1,67.2,False,True,False
node/10596848258,13,164.1,67.2,False,True,False
node/10596848259,13,164.1,67.2,False,True,False
node/10598917409,13,164.1,67.2,False,True,False
node/10601614184,13,164.1,67.2,False,False,True
node/10601614187,13,164.1,67.2,False,False,True
node/10601614188,13,164.1,67.2,False,True,False
node/10601614189,13,164.1,67.2,False,False,True
node/10601614190,13,164.1,67.2,False,False,True
node/10601614191,13,164.1,67.2,False,True,False
node/10601614192,13,164.1,67.2,False,False,True
node/10601614193,13,164.1,67.2,True,False,False
node/10601655681,13,164.1,67.2,False,True,False
node/10644975558,13,164.1,67.2,False,True,False
node/10644975559,13,164.1,67.2,False,True,False
node/10644975560,13,164.1,67.2,False,True,False
node/10644975562,13,164.1,67.2,False,True,False
node/10646561671,13,164.1,67.2,False,False,True
node/10646561672,13,164.1,67.2,False,True,False
node/10652163790,13,164.1,67.2,False,True,False
node/10652163791,13,164.1,67.2,False,False,True
node/10652163792,13,164.1,67.2,False,True,False
node/10669969858,13,164.1,67.2,True,False,False
node/10681358588,13,164.1,67.2,False,True,False
node/10686312725,13,164.1,67.2,False,False,True
node/10686367822,13,164.1,67.2,False,False,True
node/10695062076,13,164.1,67.2,False,False,True
node/10695066052,13,164.1,67.2,False,False,True
node/10700086556,13,164.1,67.2,False,False,True
node/10707344667,13,164.1,67.2,False,False,True
node/10707454078,13,164.1,67.2,False,False,True
node/10716585952,13,164.1,67.2,False,False,True
node/10719056688,13,164.1,67.2,False,False,True
node/10735512681,13,164.1,67.2,False,True,False
node/10737009427,13,164.1,67.2,False,False,True
node/10737066739,13,164.1,67.2,False,False,True
node/10737067372,13,164.1,67.2,False,False,True
node/10737088551,13,164.1,67.2,False,False,True
node/10737241564,13,164.1,67.2,False,False,True
node/10737334789,13,164.1,67.2,False,False,True
node/10745394912,13,164.1,67.2,False,True,False
node/10745394915,13,164.1,67.2,False,True,False
node/10745477593,13,164.1,67.2,False,True,False
node/10746364332,13,164.1,67.2,False,True,False
node/10748907091,13,164.1,67.2,False,True,False
node/10750421773,13,164.1,67.2,False,False,True
node/10750447195,13,164.1,67.2,False,False,True
node/10750477450,13,164.1,67.2,False,False,True
node/10750548873,13,164.1,67.2,False,False,True
node/10750780153,13,164.1,67.2,False,False,True
node/10755995859,13,164.1,67.2,False,True,False
node/10771358655,13,164.1,67.2,False,False,True
node/10776067841,13,164.1,67.2,False,False,True
node/10776067844,13,164.1,67.2,False,False,True
node/10778025660,13,164.1,67.2,False,False,True
node/10778202585,13,164.1,67.2,False,False,True
node/10778202587,13,164.1,67.2,False,False,True
node/10778270047,13,164.1,67.2,False,False,True
node/10778270050,13,164.1,67.2,False,False,True
node/10778270052,13,164.1,67.2,False,False,True
node/10779337539,13,164.1,67.2,False,False,True
node/10788398292,13,164.1,67.2,False,True,False
node/10794950621,13,164.1,67.2,False,True,False
node/10798943982,13,164.1,67.2,False,False,True
node/10822353650,13,164.1,67.2,False,False,True
node/10822353652,13,164.1,67.2,False,False,True
node/10824717317,13,164.1,67.2,False,False,True
node/10824717320,13,164.1,67.2,False,False,True
node/10837089318,13,164.1,67.2,False,False,True
node/10857691408,13,164.1,67.2,False,False,True
node/10860641329,13,164.1,67.2,False,False,True
node/10860641334,13,164.1,67.2,False,True,False
node/10865419978,13,164.1,67.2,False,False,True
node/10873797461,13,164.1,67.2,False,True,False
node/10891354579,13,164.1,67.2,False,False,True
node/10891354591,13,164.1,67.2,False,False,True
node/10899634896,13,164.1,67.2,False,False,True
node/10919471213,13,164.1,67.2,True,False,False
node/10919471215,13,164.1,67.2,False,False,True
node/10926618869,13,164.1,67.2,False,True,False
node/10942429363,13,164.1,67.2,False,True,False
node/10942429365,13,164.1,67.2,False,True,False
node/10949109054,13,164.1,67.2,False,True,False
node/10961887135,13,164.1,67.2,False,False,True
node/10971486940,13,164.1,67.2,False,True,False
node/10977261284,13,164.1,67.2,False,True,False
node/10981051285,13,164.1,67.2,False,False,True
node/10981051304,13,164.1,67.2,False,False,True
node/10989741468,13,164.1,67.2,False,False,True
node/10995041777,13,164.1,67.2,False,False,True
node/10995041779,13,164.1,67.2,False,False,True
node/10995041788,13,164.1,67.2,False,False,True
node/10995041791,13,164.1,67.2,False,False,True
node/10995041793,13,164.1,67.2,False,True,False
node/11001907246,13,164.1,67.2,True,False,False
node/11001907253,13,164.1,67.2,False,True,False
node/11003348984,13,164.1,67.2,False,True,False
node/11007907456,13,164.1,67.2,False,False,True
node/11007907458,13,164.1,67.2,False,False,True
node/11007907459,13,164.1,67.2,False,True,False
node/11007907462,13,164.1,67.2,False,False,True
node/11007907464,13,164.1,67.2,False,False,True
node/11016695336,13,164.1,67.2,False,False,True
node/11037609725,13,164.1,67.2,False,False,True
node/11097291306,13,164.1,67.2,False,False,True
node/11097291905,13,164.1,67.2,False,False,True
node/11136559005,13,164.1,67.2,False,False,True
node/11149491868,13,164.1,67.2,False,True,False
node/11150977085,13,164.1,67.2,False,True,False
node/11193187175,13,164.1,67.2,False,True,False
node/11193187179,13,164.1,67.2,False,False,True
node/11193187186,13,164.1,67.2,False,False,True
node/11193187188,13,164.1,67.2,False,True,False
node/11193751093,13,164.1,67.2,False,False,True
node/11193751102,13,164.1,67.2,False,True,False
node/11197446155,13,164.1,67.2,False,False,True
node/11203052910,13,164.1,67.2,False,False,True
node/11210550551,13,164.1,67.2,False,True,False
node/11210550553,13,164.1,67.2,False,True,False
node/11212456302,13,164.1,67.2,False,True,False
node/11212456304,13,164.1,67.2,False,False,True
node/11212456308,13,164.1,67.2,False,False,True
node/11215559275,13,164.1,67.2,False,False,True
node/11220604093,13,164.1,67.2,False,False,True
node/11222480993,13,164.1,67.2,False,True,False
node/11222848438,13,164.1,67.2,False,False,True
node/11233627569,13,164.1,67.2,False,False,True
node/11235388391,13,164.1,67.2,False,True,False
node/11235405379,13,164.1,67.2,False,True,False
node/11235408065,13,164.1,67.2,False,True,False
node/11235412827,13,164.1,67.2,False,True,False
node/11235430799,13,164.1,67.2,False,True,False
node/11235430874,13,164.1,67.2,False,False,True
node/11236573939,13,164.1,67.2,False,False,True
node/11238499756,13,164.1,67.2,False,False,True
node/11238499757,13,164.1,67.2,False,False,True
node/11244138190,13,164.1,67.2,False,True,False
node/11248475435,13,164.1,67.2,False,True,False
node/11274012885,13,164.1,67.2,False,False,True
node/11281776284,13,164.1,67.2,False,False,True
node/11283160956,13,164.1,67.2,False,False,True
node/11283184445,13,164.1,67.2,False,False,True
node/11283889164,13,164.1,67.2,False,False,True
node/11283910670,13,164.1,67.2,False,True,False
node/11283956785,13,164.1,67.2,False,True,False
node/11286211754,13,164.1,67.2,False,True,False
node/11286558768,13,164.1,67.2,False,False,True
node/11286572070,13,164.1,67.2,False,False,True
node/11286572071,13,164.1,67.2,False,False,True
node/11286572074,13,164.1,67.2,False,True,False
node/11286572077,13,164.1,67.2,False,True,False
node/11286751086,13,164.1,67.2,False,False,True
node/11286751090,13,164.1,67.2,False,False,True
node/11286751091,13,164.1,67.2,False,False,True
node/11286751094,13,164.1,67.2,False,False,True
node/11289186733,13,164.1,67.2,False,False,True
node/11290916361,13,164.1,67.2,False,False,True
node/11293706011,13,164.1,67.2,False,False,True
node/11293706013,13,164.1,67.2,False,False,True
node/11293706015,13,164.1,67.2,False,False,True
node/11293706017,13,164.1,67.2,False,False,True
node/11293706019,13,164.1,67.2,False,False,True
node/11293706022,13,164.1,67.2,False,False,True
node/11297604116,13,164.1,67.2,False,False,True
node/11297604125,13,164.1,67.2,False,False,True
node/11299621037,13,164.1,67.2,False,False,True
node/11299621038,13,164.1,67.2,False,False,True
node/11299621041,13,164.1,67.2,False,False,True
node/11299621042,13,164.1,67.2,False,False,True
node/11299621045,13,164.1,67.2,False,False,True
node/11299621046,13,164.1,67.2,False,False,True
node/11300078683,13,164.1,67.2,False,True,False
node/11300078685,13,164.1,67.2,False,True,False
node/11300078687,13,164.1,67.2,False,False,True
node/11300078690,13,164.1,67.2,False,False,True
node/11300078692,13,164.1,67.2,False,False,True
node/11300078700,13,164.1,67.2,False,False,True
node/11302894301,13,164.1,67.2,False,False,True
node/11302894305,13,164.1,67.2,False,True,False
node/11302894308,13,164.1,67.2,False,False,True
node/11305046919,13,164.1,67.2,False,False,True
node/11305046922,13,164.1,67.2,False,False,True
node/11307860004,13,164.1,67.2,False,True,False
node/11307860007,13,164.1,67.2,False,True,False
node/11309345425,13,164.1,67.2,True,False,False
node/11309345427,13,164.1,67.2,False,False,True
node/11309345430,13,164.1,67.2,False,False,True
node/11309793360,13,164.1,67.2,False,False,True
node/11309793362,13,164.1,67.2,False,False,True
node/11309895064,13,164.1,67.2,False,False,True
node/11314917558,13,164.1,67.2,False,False,True
node/11323343363,13,164.1,67.2,False,False,True
node/11323343365,13,164.1,67.2,False,False,True
node/11328986976,13,164.1,67.2,True,True,False
node/11328986977,13,164.1,67.2,False,False,True
node/11329310178,13,164.1,67.2,False,False,True
node/11329310180,13,164.1,67.2,False,False,True
node/11329310182,13,164.1,67.2,False,False,True
node/11329310184,13,164.1,67.2,True,True,False
node/11330897293,13,164.1,67.2,False,False,True
node/11331078189,13,164.1,67.2,False,False,True
node/11331221297,13,164.1,67.2,False,False,True
node/11331221302,13,164.1,67.2,False,True,False
node/11333439775,13,164.1,67.2,False,False,True
node/11333439779,13,164.1,67.2,False,False,True
node/11338249480,13,164.1,67.2,False,False,True
node/11341444243,13,164.1,67.2,False,False,True
node/11343157437,13,164.1,67.2,True,False,False
node/11343157441,13,164.1,67.2,False,True,False
node/11346416968,13,164.1,67.2,False,True,False
node/11346523975,13,164.1,67.2,False,True,False
node/11351141167,13,164.1,67.2,False,False,True
node/11360278411,13,164.1,67.2,False,False,True
node/11363940916,13,164.1,67.2,False,False,True
node/11368105980,13,164.1,67.2,False,False,True
node/11368588671,13,164.1,67.2,False,False,True
node/11375700083,13,164.1,67.2,False,False,True
node/11381441089,13,164.1,67.2,False,False,True
node/11394201826,13,164.1,67.2,False,False,True
node/11394201828,13,164.1,67.2,False,False,True
node/11394201830,13,164.1,67.2,False,False,True
node/11394201832,13,164.1,67.2,False,False,True
node/11394201834,13,164.1,67.2,False,False,True
node/11394506647,13,164.1,67.2,False,False,True
node/11396119821,13,164.1,67.2,False,False,True
node/11409602394,13,164.1,67.2,False,True,False
node/11409602397,13,164.1,67.2,False,True,False
node/11409602398,13,164.1,67.2,False,True,False
node/11449233173,13,164.1,67.2,False,False,True
node/11479066355,13,164.1,67.2,False,True,False
node/11486928221,13,164.1,67.2,False,False,True
node/11671805825,13,164.1,67.2,False,True,False
node/11910143361,13,164.1,67.2,False,False,True
node/12119676991,13,164.1,67.2,False,False,True
node/12172779822,13,164.1,67.2,False,False,True
node/12172781205,13,164.1,67.2,False,False,True
node/12190210046,13,164.1,67.2,False,False,True
node/12192793806,13,164.1,67.2,False,False,True
node/12199115379,13,164.1,67.2,False,False,True
node/12282173654,13,164.1,67.2,False,True,False
node/12288248548,13,164.1,67.2,False,True,False
node/12293672165,13,164.1,67.2,False,True,False
node/12294106887,13,164.1,67.2,False,True,False
node/12294241027,13,164.1,67.2,False,True,False
node/12348483124,13,164.1,67.2,False,False,True
node/12348483127,13,164.1,67.2,False,False,True
node/12367986198,13,164.1,67.2,False,False,True
node/12367986200,13,164.1,67.2,False,False,True
node/12371264418,13,164.1,67.2,False,False,True
node/12371264420,13,164.1,67.2,False,False,True
node/12371264422,13,164.1,67.2,False,True,False
node/12371264424,13,164.1,67.2,False,True,False
node/12371264426,13,164.1,67.2,False,True,False
node/12371264428,13,164.1,67.2,False,False,True
node/12384729380,13,164.1,67.2,False,False,True
node/12384729382,13,164.1,67.2,False,False,True
node/12384973717,13,164.1,67.2,False,False,True
node/12384973719,13,164.1,67.2,False,True,False
node/12384973720,13,164.1,67.2,True,False,False
node/12384973723,13,164.1,67.2,True,False,False
node/12384973725,13,164.1,67.2,False,True,False
node/12384973726,13,164.1,67.2,True,True,False
node/12384973729,13,164.1,67.2,True,True,False
node/12388466673,13,164.1,67.2,False,False,True
node/12416572526,13,164.1,67.2,False,False,True
node/12453116220,13,164.1,67.2,False,False,True
node/12453144002,13,164.1,67.2,False,True,False
node/12527905018,13,164.1,67.2,False,False,True
node/12529678839,13,164.1,67.2,False,False,True
node/12531539666,13,164.1,67.2,False,True,False
node/12616221007,13,164.1,67.2,False,False,True
node/12616221009,13,164.1,67.2,False,True,False
node/12620653917,13,164.1,67.2,False,False,True
node/12623557021,13,164.1,67.2,False,False,True
node/12625947814,13,164.1,67.2,False,False,True
node/12625947816,13,164.1,67.2,False,False,True
node/12633396728,13,164.1,67.2,False,False,True
node/12760074395,13,164.1,67.2,False,False,True
node/12760074400,13,164.1,67.2,False,False,True
node/12760085602,13,164.1,67.2,False,False,True
node/12898594759,13,164.1,67.2,True,False,False
node/12949650911,13,164.1,67.2,False,False,True
node/12961190801,13,164.1,67.2,False,False,True
node/12961190802,13,164.1,67.2,False,False,True
node/12961249305,13,164.1,67.2,False,False,True
node/13335422720,13,164.1,67.2,True,False,False
node/13335422721,13,164.1,67.2,False,False,True
node/13338205713,13,164.1,67.2,False,True,False
node/13338205726,13,164.1,67.2,False,True,False
node/13358645044,13,164.1,67.2,False,False,True
node/13390489892,13,164.1,67.2,False,False,True
node/13462282699,13,164.1,67.2,True,False,False
node/13462423720,13,164.1,67.2,False,False,True
node/13463687345,13,164.1,67.2,False,True,False
node/13463687346,13,164.1,67.2,False,True,False
node/13463687349,13,164.1,67.2,False,True,False
node/13463687352,13,164.1,67.2,False,True,False
node/13474226814,13,164.1,67.2,False,True,False
node/13474226815,13,164.1,67.2,False,False,True
node/13523874202,13,164.1,67.2,True,False,False
node/13566135712,13,164.1,67.2,False,False,True
node/13570114678,13,164.1,67.2,False,True,False
node/13585814422,13,164.1,67.2,False,False,True
node/13585814424,13,164.1,67.2,False,False,True
node/13585814425,13,164.1,67.2,False,False,True
node/13607465023,13,164.1,67.2,False,True,False
node/13645258115,13,164.1,67.2,False,False,True
node/13651994145,13,164.1,67.2,False,True,False
node/13655204277,13,164.1,67.2,False,True,False
node/13725165459,13,164.1,67.2,False,False,True
node/13786920938,13,164.1,67.2,False,False,True
node/13786920939,13,164.1,67.2,False,False,True
node/13787007025,13,164.1,67.2,False,True,False
node/13794370691,13,164.1,67.2,False,False,True
node/13795016030,13,164.1,67.2,False,True,False
node/13795300298,13,164.1,67.2,False,False,True
node/13795390647,13,164.1,67.2,False,False,True
node/13795390648,13,164.1,67.2,False,False,True
node/13798463596,13,164.1,67.2,True,False,False
node/13798524124,13,164.1,67.2,False,True,False
node/13798576354,13,164.1,67.2,True,False,False
node/13828018057,13,164.1,67.2,False,False,True
node/13867225722,13,164.1,67.2,False,False,True
node/13911832401,13,164.1,67.2,False,False,True
node/14029009015,13,164.1,67.2,False,False,True
node/21298371,14,199.8,66.8,False,False,True
node/95760547,14,199.8,66.8,False,True,False
node/95760548,14,199.8,66.8,False,False,True
node/95760550,14,199.8,66.8,True,False,False
node/95766440,14,199.8,66.8,True,True,False
node/95766815,14,199.8,66.8,False,False,True
node/102254906,14,199.8,66.8,False,True,False
node/114340464,14,199.8,66.8,False,True,False
node/114359530,14,199.8,66.8,False,True,False
node/114359538,14,199.8,66.8,False,False,True
node/114359562,14,199.8,66.8,False,True,False
node/114359572,14,199.8,66.8,False,True,False
node/245477294,14,199.8,66.8,True,True,False
node/245557029,14,199.8,66.8,False,True,False
node/245557039,14,199.8,66.8,True,True,False
node/245557048,14,199.8,66.8,True,True,False
node/245557054,14,199.8,66.8,True,True,False
node/245566207,14,199.8,66.8,True,False,False
node/248225549,14,199.8,66.8,False,True,False
node/251745095,14,199.8,66.8,False,True,False
node/260349632,14,199.8,66.8,False,False,True
node/260349654,14,199.8,66.8,False,True,False
node/260350380,14,199.8,66.8,False,True,False
node/260350384,14,199.8,66.8,False,True,False
node/260350759,14,199.8,66.8,False,True,False
node/268403389,14,199.8,66.8,False,True,False
node/268403390,14,199.8,66.8,False,True,False
node/268403415,14,199.8,66.8,False,True,False
node/268403421,14,199.8,66.8,False,True,False
node/271199334,14,199.8,66.8,False,False,True
node/281014139,14,199.8,66.8,False,False,True
node/281014594,14,199.8,66.8,False,True,False
node/282012567,14,199.8,66.8,False,True,False
node/282014871,14,199.8,66.8,False,True,False
node/292089713,14,199.8,66.8,False,True,False
node/306412919,14,199.8,66.8,False,True,False
node/306596480,14,199.8,66.8,False,True,False
node/343365115,14,199.8,66.8,False,True,False
node/345361935,14,199.8,66.8,True,False,False
node/345361940,14,199.8,66.8,False,True,False
node/345361945,14,199.8,66.8,False,False,True
node/345361952,14,199.8,66.8,False,True,False
node/365547378,14,199.8,66.8,False,True,False
node/365561354,14,199.8,66.8,False,False,True
node/428296354,14,199.8,66.8,False,True,False
node/428787332,14,199.8,66.8,False,True,False
node/428791961,14,199.8,66.8,False,True,False
node/429185332,14,199.8,66.8,False,True,False
node/429187148,14,199.8,66.8,False,False,True
node/429187149,14,199.8,66.8,False,True,False
node/432845451,14,199.8,66.8,False,True,False
node/432845456,14,199.8,66.8,False,True,False
node/441590515,14,199.8,66.8,False,True,False
node/441590516,14,199.8,66.8,False,True,False
node/506111737,14,199.8,66.8,False,True,False
node/540813432,14,199.8,66.8,False,False,True
node/583399850,14,199.8,66.8,False,True,False
node/615041486,14,199.8,66.8,False,False,True
node/634639449,14,199.8,66.8,False,True,False
node/634639645,14,199.8,66.8,False,True,False
node/642433231,14,199.8,66.8,False,True,False
node/642433232,14,199.8,66.8,False,True,False
node/642433233,14,199.8,66.8,False,True,False
node/643630956,14,199.8,66.8,False,True,False
node/643630958,14,199.8,66.8,False,False,True
node/645389866,14,199.8,66.8,False,True,False
node/645389873,14,199.8,66.8,False,False,True
node/645389878,14,199.8,66.8,False,False,True
node/645389913,14,199.8,66.8,False,True,False
node/645389918,14,199.8,66.8,False,True,False
node/645389928,14,199.8,66.8,False,True,False
node/647201933,14,199.8,66.8,False,True,False
node/647201935,14,199.8,66.8,False,True,False
node/648626763,14,199.8,66.8,False,True,False
node/648626772,14,199.8,66.8,False,True,False
node/648626781,14,199.8,66.8,False,True,False
node/648626782,14,199.8,66.8,False,True,False
node/648626783,14,199.8,66.8,False,True,False
node/648626786,14,199.8,66.8,False,True,False
node/648653672,14,199.8,66.8,False,False,True
node/648653719,14,199.8,66.8,False,True,False
node/649739307,14,199.8,66.8,False,True,False
node/649739313,14,199.8,66.8,False,True,False
node/649739318,14,199.8,66.8,False,True,False
node/649739404,14,199.8,66.8,False,True,False
node/649739407,14,199.8,66.8,False,True,False
node/649739411,14,199.8,66.8,False,True,False
node/649739415,14,199.8,66.8,False,True,False
node/649739510,14,199.8,66.8,False,True,False
node/649739564,14,199.8,66.8,False,True,False
node/649739566,14,199.8,66.8,False,True,False
node/650781102,14,199.8,66.8,False,True,False
node/650781127,14,199.8,66.8,False,False,True
node/650781131,14,199.8,66.8,False,True,False
node/653771340,14,199.8,66.8,False,True,False
node/654538356,14,199.8,66.8,False,True,False
node/654538374,14,199.8,66.8,False,True,False
node/654538375,14,199.8,66.8,False,True,False
node/654538389,14,199.8,66.8,False,True,False
node/654538397,14,199.8,66.8,False,True,False
node/654538401,14,199.8,66.8,False,True,False
node/654538411,14,199.8,66.8,False,True,False
node/654538442,14,199.8,66.8,False,True,False
node/654538443,14,199.8,66.8,False,False,True
node/654538451,14,199.8,66.8,False,True,False
node/654538454,14,199.8,66.8,False,True,False
node/654538457,14,199.8,66.8,False,True,False
node/654538460,14,199.8,66.8,False,True,False
node/654538463,14,199.8,66.8,False,True,False
node/654538466,14,199.8,66.8,False,True,False
node/654538473,14,199.8,66.8,False,False,True
node/654538490,14,199.8,66.8,False,True,False
node/655335119,14,199.8,66.8,False,True,False
node/655335152,14,199.8,66.8,False,True,False
node/655335180,14,199.8,66.8,False,True,False
node/655335182,14,199.8,66.8,True,False,False
node/655335201,14,199.8,66.8,False,True,False
node/656735044,14,199.8,66.8,False,True,False
node/656735048,14,199.8,66.8,False,True,False
node/656735052,14,199.8,66.8,False,False,True
node/656735055,14,199.8,66.8,False,True,False
node/656735065,14,199.8,66.8,False,True,False
node/656735070,14,199.8,66.8,False,True,False
node/656735073,14,199.8,66.8,True,True,False
node/656735077,14,199.8,66.8,False,False,True
node/656735078,14,199.8,66.8,False,True,False
node/656735081,14,199.8,66.8,False,True,False
node/656735085,14,199.8,66.8,False,False,True
node/656863421,14,199.8,66.8,False,True,False
node/656863425,14,199.8,66.8,False,True,False
node/656863430,14,199.8,66.8,False,True,False
node/656863433,14,199.8,66.8,True,True,False
node/656863437,14,199.8,66.8,False,True,False
node/656863438,14,199.8,66.8,False,True,False
node/656863440,14,199.8,66.8,False,True,False
node/656863441,14,199.8,66.8,False,True,False
node/656863442,14,199.8,66.8,False,True,False
node/656863443,14,199.8,66.8,False,True,False
node/656863444,14,199.8,66.8,False,True,False
node/656863445,14,199.8,66.8,False,True,False
node/658877712,14,199.8,66.8,False,False,True
node/658877713,14,199.8,66.8,False,False,True
node/658877718,14,199.8,66.8,False,True,False
node/658911165,14,199.8,66.8,False,True,False
node/658911193,14,199.8,66.8,False,False,True
node/658911195,14,199.8,66.8,True,False,False
node/658911196,14,199.8,66.8,False,True,False
node/658911197,14,199.8,66.8,False,True,False
node/659563415,14,199.8,66.8,False,False,True
node/659563416,14,199.8,66.8,False,False,True
node/660867285,14,199.8,66.8,False,True,False
node/660867286,14,199.8,66.8,False,True,False
node/660867287,14,199.8,66.8,False,True,False
node/660867288,14,199.8,66.8,False,False,True
node/660867289,14,199.8,66.8,False,True,False
node/660867290,14,199.8,66.8,False,True,False
node/660867292,14,199.8,66.8,False,False,True
node/660867293,14,199.8,66.8,False,True,False
node/660867294,14,199.8,66.8,False,True,False
node/660867295,14,199.8,66.8,False,False,True
node/660867296,14,199.8,66.8,False,True,False
node/660867298,14,199.8,66.8,False,True,False
node/660867299,14,199.8,66.8,False,True,False
node/660867300,14,199.8,66.8,False,False,True
node/660867304,14,199.8,66.8,False,True,False
node/660867305,14,199.8,66.8,False,False,True
node/660867312,14,199.8,66.8,False,False,True
node/660867313,14,199.8,66.8,False,False,True
node/660867314,14,199.8,66.8,False,True,False
node/660867315,14,199.8,66.8,False,True,False
node/660867316,14,199.8,66.8,False,False,True
node/660867317,14,199.8,66.8,False,True,False
node/660867318,14,199.8,66.8,False,True,False
node/660867324,14,199.8,66.8,False,True,False
node/660867325,14,199.8,66.8,False,True,False
node/660867326,14,199.8,66.8,False,True,False
node/660867327,14,199.8,66.8,False,False,True
node/660867339,14,199.8,66.8,False,True,False
node/660867340,14,199.8,66.8,False,True,False
node/660867344,14,199.8,66.8,False,True,False
node/660867345,14,199.8,66.8,False,True,False
node/660867346,14,199.8,66.8,False,True,False
node/660867347,14,199.8,66.8,False,True,False
node/660867349,14,199.8,66.8,False,False,True
node/660880366,14,199.8,66.8,False,True,False
node/660880367,14,199.8,66.8,False,True,False
node/661288871,14,199.8,66.8,False,False,True
node/661288898,14,199.8,66.8,False,True,False
node/661288904,14,199.8,66.8,False,False,True
node/661288911,14,199.8,66.8,False,False,True
node/661288915,14,199.8,66.8,False,True,False
node/661288930,14,199.8,66.8,False,False,True
node/661288941,14,199.8,66.8,False,True,False
node/661288968,14,199.8,66.8,False,False,True
node/661757871,14,199.8,66.8,False,False,True
node/661757872,14,199.8,66.8,False,True,False
node/661757877,14,199.8,66.8,False,True,False
node/661757879,14,199.8,66.8,False,False,True
node/661757880,14,199.8,66.8,False,True,False
node/661757882,14,199.8,66.8,False,True,False
node/661757898,14,199.8,66.8,False,True,False
node/661757908,14,199.8,66.8,False,True,False
node/661757910,14,199.8,66.8,False,True,False
node/661757912,14,199.8,66.8,False,True,False
node/661757915,14,199.8,66.8,False,True,False
node/661757917,14,199.8,66.8,False,True,False
node/661757918,14,199.8,66.8,False,True,False
node/661773006,14,199.8,66.8,False,True,False
node/661773007,14,199.8,66.8,False,True,False
node/661773011,14,199.8,66.8,False,True,False
node/661829363,14,199.8,66.8,False,True,False
node/661829364,14,199.8,66.8,False,False,True
node/661829365,14,199.8,66.8,False,True,False
node/661829366,14,199.8,66.8,False,True,False
node/661829367,14,199.8,66.8,False,True,False
node/661829369,14,199.8,66.8,False,False,True
node/661829371,14,199.8,66.8,False,True,False
node/661829374,14,199.8,66.8,False,True,False
node/661829376,14,199.8,66.8,False,True,False
node/661902193,14,199.8,66.8,False,False,True
node/661902212,14,199.8,66.8,False,True,False
node/662188142,14,199.8,66.8,False,False,True
node/662249354,14,199.8,66.8,False,True,False
node/662249355,14,199.8,66.8,False,False,True
node/662287133,14,199.8,66.8,False,False,True
node/662287136,14,199.8,66.8,False,False,True
node/662287137,14,199.8,66.8,False,True,False
node/662287139,14,199.8,66.8,True,False,False
node/662287141,14,199.8,66.8,True,True,False
node/662287142,14,199.8,66.8,False,False,True
node/662300553,14,199.8,66.8,False,False,True
node/662300555,14,199.8,66.8,False,True,False
node/662300556,14,199.8,66.8,False,True,False
node/662300559,14,199.8,66.8,False,True,False
node/662300561,14,199.8,66.8,False,True,False
node/662300562,14,199.8,66.8,False,True,False
node/662300563,14,199.8,66.8,False,True,False
node/662300564,14,199.8,66.8,False,False,True
node/662300565,14,199.8,66.8,False,False,True
node/662344054,14,199.8,66.8,False,True,False
node/662344055,14,199.8,66.8,False,False,True
node/662344057,14,199.8,66.8,False,True,False
node/662438476,14,199.8,66.8,False,True,False
node/662585054,14,199.8,66.8,False,False,True
node/662585056,14,199.8,66.8,False,True,False
node/662585059,14,199.8,66.8,False,True,False
node/662585063,14,199.8,66.8,False,False,True
node/662585066,14,199.8,66.8,True,True,False
node/662585070,14,199.8,66.8,False,True,False
node/662585073,14,199.8,66.8,False,True,False
node/662585078,14,199.8,66.8,False,False,True
node/662585081,14,199.8,66.8,False,True,False
node/662585084,14,199.8,66.8,False,True,False
node/663389725,14,199.8,66.8,False,True,False
node/663389729,14,199.8,66.8,False,False,True
node/663825165,14,199.8,66.8,False,False,True
node/663825168,14,199.8,66.8,False,False,True
node/663825170,14,199.8,66.8,False,True,False
node/663868617,14,199.8,66.8,False,True,False
node/663868618,14,199.8,66.8,False,False,True
node/663868619,14,199.8,66.8,False,True,False
node/664389964,14,199.8,66.8,False,False,True
node/667196516,14,199.8,66.8,False,True,False
node/674736277,14,199.8,66.8,False,True,False
node/676643327,14,199.8,66.8,False,True,False
node/676643331,14,199.8,66.8,False,True,False
node/676643332,14,199.8,66.8,False,True,False
node/676643334,14,199.8,66.8,True,True,False
node/676691581,14,199.8,66.8,False,True,False
node/676691586,14,199.8,66.8,False,True,False
node/676691589,14,199.8,66.8,False,True,False
node/676691594,14,199.8,66.8,False,False,True
node/676691598,14,199.8,66.8,False,False,True
node/676691604,14,199.8,66.8,False,False,True
node/676700279,14,199.8,66.8,False,True,False
node/676738424,14,199.8,66.8,False,True,False
node/676738427,14,199.8,66.8,False,True,False
node/676738429,14,199.8,66.8,False,True,False
node/676738431,14,199.8,66.8,False,True,False
node/676738433,14,199.8,66.8,False,False,True
node/676745533,14,199.8,66.8,False,False,True
node/678880586,14,199.8,66.8,False,True,False
node/678880588,14,199.8,66.8,False,True,False
node/678880589,14,199.8,66.8,False,True,False
node/678880590,14,199.8,66.8,False,False,True
node/678880591,14,199.8,66.8,True,False,False
node/678880592,14,199.8,66.8,False,True,False
node/678880593,14,199.8,66.8,True,False,False
node/678880594,14,199.8,66.8,False,False,True
node/678880595,14,199.8,66.8,True,False,False
node/678880597,14,199.8,66.8,True,True,False
node/678880608,14,199.8,66.8,False,True,False
node/678880610,14,199.8,66.8,False,False,True
node/678880612,14,199.8,66.8,False,False,True
node/678880613,14,199.8,66.8,False,False,True
node/679447426,14,199.8,66.8,False,True,False
node/679475723,14,199.8,66.8,False,False,True
node/679475726,14,199.8,66.8,False,True,False
node/679475728,14,199.8,66.8,False,True,False
node/679475731,14,199.8,66.8,True,False,False
node/679479311,14,199.8,66.8,False,True,False
node/680299285,14,199.8,66.8,False,True,False
node/680377132,14,199.8,66.8,False,True,False
node/680520275,14,199.8,66.8,False,True,False
node/680520281,14,199.8,66.8,False,True,False
node/680520285,14,199.8,66.8,False,False,True
node/680520294,14,199.8,66.8,False,True,False
node/680520299,14,199.8,66.8,True,False,False
node/680520328,14,199.8,66.8,False,False,True
node/680520333,14,199.8,66.8,False,True,False
node/680520338,14,199.8,66.8,False,False,True
node/680520342,14,199.8,66.8,False,False,True
node/680520360,14,199.8,66.8,False,True,False
node/687864649,14,199.8,66.8,False,False,True
node/692073197,14,199.8,66.8,False,True,False
node/692073222,14,199.8,66.8,False,False,True
node/693683785,14,199.8,66.8,False,False,True
node/693933529,14,199.8,66.8,False,True,False
node/693933532,14,199.8,66.8,False,False,True
node/705535132,14,199.8,66.8,False,True,False
node/705664753,14,199.8,66.8,False,True,False
node/705685629,14,199.8,66.8,False,False,True
node/705704754,14,199.8,66.8,False,False,True
node/705704795,14,199.8,66.8,False,False,True
node/705704828,14,199.8,66.8,False,False,True
node/705722195,14,199.8,66.8,False,True,False
node/705722196,14,199.8,66.8,False,False,True
node/705722197,14,199.8,66.8,False,True,False
node/705722198,14,199.8,66.8,False,True,False
node/705722199,14,199.8,66.8,False,False,True
node/705722205,14,199.8,66.8,False,True,False
node/705722208,14,199.8,66.8,False,False,True
node/705722221,14,199.8,66.8,False,True,False
node/706725638,14,199.8,66.8,False,True,False
node/708087631,14,199.8,66.8,False,False,True
node/708087634,14,199.8,66.8,False,True,False
node/708087640,14,199.8,66.8,True,True,False
node/708087642,14,199.8,66.8,False,True,False
node/708087644,14,199.8,66.8,False,False,True
node/708087647,14,199.8,66.8,False,False,True
node/708087651,14,199.8,66.8,False,True,False
node/708123785,14,199.8,66.8,False,True,False
node/708123787,14,199.8,66.8,True,True,False
node/708123789,14,199.8,66.8,False,True,False
node/708123793,14,199.8,66.8,False,True,False
node/714175316,14,199.8,66.8,False,True,False
node/714175323,14,199.8,66.8,False,False,True
node/714175327,14,199.8,66.8,False,False,True
node/714175330,14,199.8,66.8,False,False,True
node/714175333,14,199.8,66.8,False,True,False
node/714175337,14,199.8,66.8,False,True,False
node/714175341,14,199.8,66.8,False,True,False
node/714307639,14,199.8,66.8,False,True,False
node/714307640,14,199.8,66.8,False,True,False
node/714307641,14,199.8,66.8,False,True,False
node/714307642,14,199.8,66.8,False,True,False
node/714307643,14,199.8,66.8,False,True,False
node/714307644,14,199.8,66.8,False,True,False
node/714307646,14,199.8,66.8,False,True,False
node/714307653,14,199.8,66.8,False,True,False
node/714307655,14,199.8,66.8,False,True,False
node/714331149,14,199.8,66.8,False,True,False
node/714331150,14,199.8,66.8,False,True,False
node/715795985,14,199.8,66.8,False,True,False
node/715795988,14,199.8,66.8,False,True,False
node/715795997,14,199.8,66.8,False,True,False
node/715795999,14,199.8,66.8,False,True,False
node/715796009,14,199.8,66.8,False,True,False
node/715796017,14,199.8,66.8,False,True,False
node/715796020,14,199.8,66.8,False,False,True
node/715827009,14,199.8,66.8,False,True,False
node/715827015,14,199.8,66.8,False,True,False
node/715948229,14,199.8,66.8,True,False,False
node/715948266,14,199.8,66.8,True,False,False
node/715987136,14,199.8,66.8,False,True,False
node/715987152,14,199.8,66.8,False,True,False
node/715987155,14,199.8,66.8,False,True,False
node/715987157,14,199.8,66.8,False,True,False
node/715987159,14,199.8,66.8,False,True,False
node/715987161,14,199.8,66.8,False,True,False
node/716008478,14,199.8,66.8,False,True,False
node/716008561,14,199.8,66.8,False,True,False
node/716008564,14,199.8,66.8,False,True,False
node/716008566,14,199.8,66.8,False,False,True
node/716008568,14,199.8,66.8,False,True,False
node/716008570,14,199.8,66.8,False,True,False
node/716015766,14,199.8,66.8,False,True,False
node/716023939,14,199.8,66.8,False,True,False
node/716023940,14,199.8,66.8,False,True,False
node/716023943,14,199.8,66.8,False,True,False
node/716023944,14,199.8,66.8,False,True,False
node/716023945,14,199.8,66.8,False,True,False
node/716023947,14,199.8,66.8,False,True,False
node/717641269,14,199.8,66.8,False,False,True
node/717641278,14,199.8,66.8,False,True,False
node/717641294,14,199.8,66.8,False,True,False
node/717641295,14,199.8,66.8,False,True,False
node/717641335,14,199.8,66.8,False,True,False
node/717641337,14,199.8,66.8,False,False,True
node/723173231,14,199.8,66.8,True,False,False
node/723278918,14,199.8,66.8,False,True,False
node/723278937,14,199.8,66.8,False,False,True
node/723278949,14,199.8,66.8,True,False,False
node/723278960,14,199.8,66.8,False,True,False
node/726880667,14,199.8,66.8,True,False,False
node/726880696,14,199.8,66.8,False,False,True
node/726880711,14,199.8,66.8,False,True,False
node/726880721,14,199.8,66.8,False,True,False
node/726880760,14,199.8,66.8,False,False,True
node/726899485,14,199.8,66.8,False,True,False
node/726905052,14,199.8,66.8,False,False,True
node/726923443,14,199.8,66.8,True,False,False
node/726927282,14,199.8,66.8,False,True,False
node/726927283,14,199.8,66.8,False,True,False
node/727781189,14,199.8,66.8,False,False,True
node/727781213,14,199.8,66.8,False,True,False
node/727781214,14,199.8,66.8,False,True,False
node/727802743,14,199.8,66.8,False,False,True
node/727802745,14,199.8,66.8,False,False,True
node/729049314,14,199.8,66.8,False,False,True
node/729049328,14,199.8,66.8,False,True,False
node/729049334,14,199.8,66.8,False,True,False
node/729049339,14,199.8,66.8,False,True,False
node/729049346,14,199.8,66.8,False,True,False
node/729049367,14,199.8,66.8,False,True,False
node/729049373,14,199.8,66.8,False,True,False
node/729049377,14,199.8,66.8,False,True,False
node/729049383,14,199.8,66.8,False,True,False
node/729049385,14,199.8,66.8,False,True,False
node/729049388,14,199.8,66.8,False,True,False
node/729049391,14,199.8,66.8,False,True,False
node/729049395,14,199.8,66.8,False,True,False
node/729049397,14,199.8,66.8,False,True,False
node/729313995,14,199.8,66.8,False,True,False
node/729313996,14,199.8,66.8,False,True,False
node/729313999,14,199.8,66.8,False,True,False
node/729314003,14,199.8,66.8,False,True,False
node/729314006,14,199.8,66.8,False,True,False
node/729314009,14,199.8,66.8,False,True,False
node/729314010,14,199.8,66.8,True,True,False
node/729314013,14,199.8,66.8,False,True,False
node/729314014,14,199.8,66.8,False,True,False
node/729314016,14,199.8,66.8,False,True,False
node/729314017,14,199.8,66.8,False,True,False
node/729314018,14,199.8,66.8,True,True,False
node/729314022,14,199.8,66.8,False,True,False
node/729314023,14,199.8,66.8,False,True,False
node/729314024,14,199.8,66.8,False,True,False
node/729314025,14,199.8,66.8,False,True,False
node/729314026,14,199.8,66.8,False,True,False
node/729314027,14,199.8,66.8,False,True,False
node/729314028,14,199.8,66.8,False,True,False
node/729314029,14,199.8,66.8,False,True,False
node/729314030,14,199.8,66.8,True,True,False
node/729314031,14,199.8,66.8,False,True,False
node/729314034,14,199.8,66.8,False,True,False
node/729314035,14,199.8,66.8,False,True,False
node/729314036,14,199.8,66.8,False,True,False
node/729314038,14,199.8,66.8,False,True,False
node/729314039,14,199.8,66.8,False,True,False
node/729314040,14,199.8,66.8,False,False,True
node/729314041,14,199.8,66.8,False,True,False
node/729314042,14,199.8,66.8,False,True,False
node/729314043,14,199.8,66.8,False,True,False
node/729314044,14,199.8,66.8,False,False,True
node/729314045,14,199.8,66.8,False,True,False
node/729314046,14,199.8,66.8,False,True,False
node/729314047,14,199.8,66.8,False,True,False
node/729314048,14,199.8,66.8,False,True,False
node/729314050,14,199.8,66.8,False,True,False
node/729314052,14,199.8,66.8,False,True,False
node/729314064,14,199.8,66.8,False,True,False
node/729314066,14,199.8,66.8,False,False,True
node/729314068,14,199.8,66.8,False,True,False
node/729314070,14,199.8,66.8,False,True,False
node/736901117,14,199.8,66.8,False,False,True
node/736901118,14,199.8,66.8,False,True,False
node/745843278,14,199.8,66.8,False,False,True
node/745843542,14,199.8,66.8,False,False,True
node/745843545,14,199.8,66.8,False,False,True
node/745843563,14,199.8,66.8,False,False,True
node/745843569,14,199.8,66.8,False,False,True
node/745843571,14,199.8,66.8,False,False,True
node/745843576,14,199.8,66.8,False,False,True
node/745843585,14,199.8,66.8,False,False,True
node/745843596,14,199.8,66.8,False,False,True
node/745843602,14,199.8,66.8,False,False,True
node/745843611,14,199.8,66.8,False,True,False
node/745843617,14,199.8,66.8,False,True,False
node/745843620,14,199.8,66.8,False,False,True
node/745843621,14,199.8,66.8,False,True,False
node/745843639,14,199.8,66.8,False,True,False
node/745843644,14,199.8,66.8,False,False,True
node/745843650,14,199.8,66.8,False,False,True
node/745843653,14,199.8,66.8,False,False,True
node/745843668,14,199.8,66.8,False,True,False
node/745843686,14,199.8,66.8,False,True,False
node/745843689,14,199.8,66.8,False,False,True
node/745843700,14,199.8,66.8,False,False,True
node/745843718,14,199.8,66.8,False,True,False
node/745843722,14,199.8,66.8,False,True,False
node/745843747,14,199.8,66.8,False,False,True
node/745843781,14,199.8,66.8,False,True,False
node/745843793,14,199.8,66.8,False,True,False
node/745843795,14,199.8,66.8,False,True,False
node/745843804,14,199.8,66.8,False,True,False
node/745843817,14,199.8,66.8,False,False,True
node/747373723,14,199.8,66.8,False,True,False
node/749915461,14,199.8,66.8,False,False,True
node/749915469,14,199.8,66.8,False,True,False
node/749915496,14,199.8,66.8,False,True,False
node/749915501,14,199.8,66.8,False,True,False
node/776998377,14,199.8,66.8,False,False,True
node/776998421,14,199.8,66.8,False,True,False
node/776998536,14,199.8,66.8,False,True,False
node/776998611,14,199.8,66.8,False,True,False
node/776998622,14,199.8,66.8,False,True,False
node/776998653,14,199.8,66.8,False,True,False
node/776998658,14,199.8,66.8,False,True,False
node/776998702,14,199.8,66.8,False,True,False
node/776998708,14,199.8,66.8,False,True,False
node/785897777,14,199.8,66.8,False,True,False
node/785897978,14,199.8,66.8,False,True,False
node/793812415,14,199.8,66.8,False,True,False
node/886417884,14,199.8,66.8,False,True,False
node/886547417,14,199.8,66.8,False,True,False
node/886547790,14,199.8,66.8,False,True,False
node/895947217,14,199.8,66.8,False,True,False
node/935738120,14,199.8,66.8,False,True,False
node/935738124,14,199.8,66.8,False,True,False
node/935738170,14,199.8,66.8,False,True,False
node/959824618,14,199.8,66.8,False,True,False
node/959824625,14,199.8,66.8,False,False,True
node/959824630,14,199.8,66.8,False,True,False
node/959824634,14,199.8,66.8,False,True,False
node/959824649,14,199.8,66.8,False,True,False
node/959824652,14,199.8,66.8,False,True,False
node/959824653,14,199.8,66.8,False,True,False
node/959824656,14,199.8,66.8,False,True,False
node/959824657,14,199.8,66.8,False,False,True
node/959824659,14,199.8,66.8,False,False,True
node/959824660,14,199.8,66.8,False,True,False
node/959824663,14,199.8,66.8,False,True,False
node/959824666,14,199.8,66.8,True,True,False
node/959824668,14,199.8,66.8,False,True,False
node/959824671,14,199.8,66.8,False,False,True
node/981872291,14,199.8,66.8,False,True,False
node/981872301,14,199.8,66.8,False,True,False
node/981872303,14,199.8,66.8,False,True,False
node/981872304,14,199.8,66.8,False,True,False
node/982682845,14,199.8,66.8,False,False,True
node/982682846,14,199.8,66.8,False,False,True
node/982682847,14,199.8,66.8,False,True,False
node/982855592,14,199.8,66.8,False,True,False
node/983814549,14,199.8,66.8,False,True,False
node/992112751,14,199.8,66.8,False,True,False
node/992112753,14,199.8,66.8,False,True,False
node/992113410,14,199.8,66.8,False,True,False
node/994009755,14,199.8,66.8,False,True,False
node/994089720,14,199.8,66.8,False,True,False
node/994089728,14,199.8,66.8,False,True,False
node/994089735,14,199.8,66.8,False,False,True
node/994118008,14,199.8,66.8,False,False,True
node/994118017,14,199.8,66.8,False,True,False
node/994132203,14,199.8,66.8,False,False,True
node/994147890,14,199.8,66.8,False,False,True
node/994147892,14,199.8,66.8,False,True,False
node/994147895,14,199.8,66.8,False,False,True
node/994147905,14,199.8,66.8,False,False,True
node/994147907,14,199.8,66.8,False,False,True
node/994183875,14,199.8,66.8,False,False,True
node/994183913,14,199.8,66.8,False,True,False
node/994183921,14,199.8,66.8,False,False,True
node/994183929,14,199.8,66.8,False,False,True
node/996118014,14,199.8,66.8,False,True,False
node/996118054,14,199.8,66.8,False,True,False
node/996190138,14,199.8,66.8,False,True,False
node/996572168,14,199.8,66.8,False,False,True
node/996572180,14,199.8,66.8,False,False,True
node/996572322,14,199.8,66.8,False,True,False
node/997306488,14,199.8,66.8,False,False,True
node/998207278,14,199.8,66.8,False,False,True
node/998638141,14,199.8,66.8,False,True,False
node/998638179,14,199.8,66.8,False,True,False
node/998759971,14,199.8,66.8,False,False,True
node/998807645,14,199.8,66.8,False,True,False
node/998807657,14,199.8,66.8,False,True,False
node/1003229677,14,199.8,66.8,False,True,False
node/1003229681,14,199.8,66.8,False,True,False
node/1003229692,14,199.8,66.8,False,True,False
node/1003229702,14,199.8,66.8,False,True,False
node/1003229707,14,199.8,66.8,False,True,False
node/1003229715,14,199.8,66.8,False,True,False
node/1003229718,14,199.8,66.8,False,True,False
node/1003229728,14,199.8,66.8,False,True,False
node/1003229735,14,199.8,66.8,False,True,False
node/1003229737,14,199.8,66.8,False,True,False
node/1003229752,14,199.8,66.8,False,True,False
node/1003276458,14,199.8,66.8,False,True,False
node/1003276459,14,199.8,66.8,False,True,False
node/1003276463,14,199.8,66.8,False,True,False
node/1003276465,14,199.8,66.8,False,True,False
node/1003276466,14,199.8,66.8,False,True,False
node/1003276473,14,199.8,66.8,False,True,False
node/1004444450,14,199.8,66.8,False,True,False
node/1004444476,14,199.8,66.8,False,False,True
node/1004444491,14,199.8,66.8,False,True,False
node/1006057366,14,199.8,66.8,False,True,False
node/1006057367,14,199.8,66.8,False,True,False
node/1006057386,14,199.8,66.8,False,True,False
node/1006191591,14,199.8,66.8,False,False,True
node/1009311669,14,199.8,66.8,False,True,False
node/1009311749,14,199.8,66.8,False,True,False
node/1009311797,14,199.8,66.8,False,False,True
node/1009311852,14,199.8,66.8,False,False,True
node/1009311915,14,199.8,66.8,False,True,False
node/1009311952,14,199.8,66.8,False,True,False
node/1009311965,14,199.8,66.8,False,True,False
node/1009311968,14,199.8,66.8,False,False,True
node/1009312027,14,199.8,66.8,False,True,False
node/1009312067,14,199.8,66.8,False,True,False
node/1009312095,14,199.8,66.8,False,False,True
node/1009312121,14,199.8,66.8,False,False,True
node/1011790277,14,199.8,66.8,False,True,False
node/1011790316,14,199.8,66.8,True,True,False
node/1011790353,14,199.8,66.8,False,True,False
node/1011790361,14,199.8,66.8,False,True,False
node/1011790364,14,199.8,66.8,False,True,False
node/1011790393,14,199.8,66.8,False,False,True
node/1011790396,14,199.8,66.8,False,True,False
node/1011790409,14,199.8,66.8,False,False,True
node/1011790418,14,199.8,66.8,False,True,False
node/1011790481,14,199.8,66.8,False,True,False
node/1011790502,14,199.8,66.8,False,True,False
node/1018022682,14,199.8,66.8,False,False,True
node/1018022684,14,199.8,66.8,False,True,False
node/1027462220,14,199.8,66.8,False,False,True
node/1028229243,14,199.8,66.8,False,True,False
node/1028305084,14,199.8,66.8,False,False,True
node/1028305247,14,199.8,66.8,False,False,True
node/1028830776,14,199.8,66.8,False,False,True
node/1028830979,14,199.8,66.8,False,False,True
node/1030280352,14,199.8,66.8,False,True,False
node/1030280471,14,199.8,66.8,False,True,False
node/1030280474,14,199.8,66.8,False,True,False
node/1097841709,14,199.8,66.8,False,False,True
node/1097841716,14,199.8,66.8,False,True,False
node/1097841737,14,199.8,66.8,False,True,False
node/1097841741,14,199.8,66.8,False,False,True
node/1097841742,14,199.8,66.8,False,True,False
node/1097841743,14,199.8,66.8,False,True,False
node/1097841752,14,199.8,66.8,False,False,True
node/1103678784,14,199.8,66.8,False,False,True
node/1112456261,14,199.8,66.8,False,False,True
node/1119024747,14,199.8,66.8,False,True,False
node/1134256752,14,199.8,66.8,False,True,False
node/1137794310,14,199.8,66.8,False,True,False
node/1137802570,14,199.8,66.8,False,False,True
node/1137802579,14,199.8,66.8,False,False,True
node/1137818886,14,199.8,66.8,False,False,True
node/1137818887,14,199.8,66.8,False,False,True
node/1137830092,14,199.8,66.8,False,True,False
node/1137830094,14,199.8,66.8,False,False,True
node/1137830095,14,199.8,66.8,False,False,True
node/1137872245,14,199.8,66.8,False,False,True
node/1137872285,14,199.8,66.8,False,True,False
node/1137958736,14,199.8,66.8,False,True,False
node/1137973396,14,199.8,66.8,False,True,False
node/1137973399,14,199.8,66.8,False,True,False
node/1138006269,14,199.8,66.8,False,True,False
node/1138006277,14,199.8,66.8,False,False,True
node/1138036121,14,199.8,66.8,False,True,False
node/1272557317,14,199.8,66.8,False,False,True
node/1272557326,14,199.8,66.8,False,True,False
node/1272557340,14,199.8,66.8,False,True,False
node/1272557344,14,199.8,66.8,False,False,True
node/1272557365,14,199.8,66.8,False,True,False
node/1272557389,14,199.8,66.8,False,False,True
node/1272557552,14,199.8,66.8,False,True,False
node/1272557584,14,199.8,66.8,True,False,False
node/1272557592,14,199.8,66.8,False,True,False
node/1272557608,14,199.8,66.8,False,True,False
node/1272557630,14,199.8,66.8,False,True,False
node/1272557684,14,199.8,66.8,False,True,False
node/1272557722,14,199.8,66.8,False,True,False
node/1272557753,14,199.8,66.8,True,True,False
node/1272557793,14,199.8,66.8,False,True,False
node/1272557798,14,199.8,66.8,False,True,False
node/1272557812,14,199.8,66.8,False,True,False
node/1272557834,14,199.8,66.8,False,True,False
node/1273595512,14,199.8,66.8,False,True,False
node/1273595518,14,199.8,66.8,False,True,False
node/1273595527,14,199.8,66.8,False,True,False
node/1273595530,14,199.8,66.8,False,True,False
node/1273595532,14,199.8,66.8,False,True,False
node/1273595537,14,199.8,66.8,False,True,False
node/1273595542,14,199.8,66.8,False,True,False
node/1273595550,14,199.8,66.8,False,False,True
node/1273595555,14,199.8,66.8,False,True,False
node/1273633817,14,199.8,66.8,False,False,True
node/1273655589,14,199.8,66.8,False,True,False
node/1273655591,14,199.8,66.8,False,True,False
node/1273655598,14,199.8,66.8,False,True,False
node/1273665587,14,199.8,66.8,False,True,False
node/1273702741,14,199.8,66.8,False,True,False
node/1273702747,14,199.8,66.8,False,True,False
node/1273702764,14,199.8,66.8,False,True,False
node/1273702767,14,199.8,66.8,True,False,False
node/1273702784,14,199.8,66.8,False,True,False
node/1273702791,14,199.8,66.8,False,True,False
node/1273702802,14,199.8,66.8,False,True,False
node/1273736294,14,199.8,66.8,False,True,False
node/1273736296,14,199.8,66.8,False,True,False
node/1273736302,14,199.8,66.8,False,True,False
node/1273736308,14,199.8,66.8,False,True,False
node/1273742525,14,199.8,66.8,False,True,False
node/1273749690,14,199.8,66.8,False,False,True
node/1276273393,14,199.8,66.8,False,True,False
node/1276273403,14,199.8,66.8,False,True,False
node/1276273408,14,199.8,66.8,False,True,False
node/1276273411,14,199.8,66.8,False,True,False
node/1276273423,14,199.8,66.8,False,True,False
node/1276273425,14,199.8,66.8,False,True,False
node/1276320492,14,199.8,66.8,False,True,False
node/1276320582,14,199.8,66.8,False,True,False
node/1276400883,14,199.8,66.8,False,False,True
node/1276400897,14,199.8,66.8,False,True,False
node/1276400927,14,199.8,66.8,False,True,False
node/1276417089,14,199.8,66.8,False,True,False
node/1276417092,14,199.8,66.8,False,True,False
node/1276417093,14,199.8,66.8,False,True,False
node/1276478031,14,199.8,66.8,False,False,True
node/1276478077,14,199.8,66.8,False,False,True
node/1276478093,14,199.8,66.8,False,False,True
node/1276478094,14,199.8,66.8,False,True,False
node/1276478112,14,199.8,66.8,False,True,False
node/1276478121,14,199.8,66.8,False,False,True
node/1276478123,14,199.8,66.8,False,False,True
node/1276502116,14,199.8,66.8,False,False,True
node/1277721731,14,199.8,66.8,False,True,False
node/1277721734,14,199.8,66.8,False,True,False
node/1277721737,14,199.8,66.8,False,False,True
node/1277721740,14,199.8,66.8,False,True,False
node/1277721745,14,199.8,66.8,False,False,True
node/1277721746,14,199.8,66.8,False,False,True
node/1277732178,14,199.8,66.8,False,False,True
node/1277834061,14,199.8,66.8,False,False,True
node/1277834071,14,199.8,66.8,False,False,True
node/1277834092,14,199.8,66.8,False,True,False
node/1277834103,14,199.8,66.8,False,False,True
node/1277834111,14,199.8,66.8,False,True,False
node/1277834138,14,199.8,66.8,False,False,True
node/1277834152,14,199.8,66.8,False,True,False
node/1277834154,14,199.8,66.8,False,False,True
node/1277834174,14,199.8,66.8,False,False,True
node/1277834175,14,199.8,66.8,False,True,False
node/1277834225,14,199.8,66.8,False,False,True
node/1277834240,14,199.8,66.8,False,True,False
node/1277834262,14,199.8,66.8,False,False,True
node/1277834264,14,199.8,66.8,False,False,True
node/1277834274,14,199.8,66.8,False,True,False
node/1277834295,14,199.8,66.8,False,False,True
node/1277834337,14,199.8,66.8,False,False,True
node/1277834347,14,199.8,66.8,False,True,False
node/1277834368,14,199.8,66.8,False,False,True
node/1277834371,14,199.8,66.8,False,True,False
node/1277834396,14,199.8,66.8,False,True,False
node/1277834449,14,199.8,66.8,False,True,False
node/1277834452,14,199.8,66.8,False,False,True
node/1277834459,14,199.8,66.8,False,True,False
node/1277834466,14,199.8,66.8,False,True,False
node/1277834472,14,199.8,66.8,False,True,False
node/1277834492,14,199.8,66.8,False,False,True
node/1277834493,14,199.8,66.8,False,True,False
node/1277834582,14,199.8,66.8,False,False,True
node/1277834607,14,199.8,66.8,False,True,False
node/1277834618,14,199.8,66.8,False,False,True
node/1277834624,14,199.8,66.8,False,False,True
node/1277834649,14,199.8,66.8,False,False,True
node/1277834699,14,199.8,66.8,False,False,True
node/1277834725,14,199.8,66.8,False,False,True
node/1277834727,14,199.8,66.8,False,True,False
node/1279480910,14,199.8,66.8,False,False,True
node/1279480912,14,199.8,66.8,False,False,True
node/1279480916,14,199.8,66.8,False,False,True
node/1279480918,14,199.8,66.8,False,False,True
node/1279480923,14,199.8,66.8,False,False,True
node/1279480925,14,199.8,66.8,False,False,True
node/1279480929,14,199.8,66.8,False,True,False
node/1279480935,14,199.8,66.8,False,False,True
node/1279657058,14,199.8,66.8,False,True,False
node/1279675102,14,199.8,66.8,False,False,True
node/1279695348,14,199.8,66.8,False,True,False
node/1279695361,14,199.8,66.8,False,True,False
node/1279742021,14,199.8,66.8,False,False,True
node/1279742023,14,199.8,66.8,True,False,False
node/1279742024,14,199.8,66.8,False,True,False
node/1279742035,14,199.8,66.8,False,True,False
node/1279742039,14,199.8,66.8,False,True,False
node/1279742050,14,199.8,66.8,False,True,False
node/1279742054,14,199.8,66.8,False,True,False
node/1279742061,14,199.8,66.8,False,False,True
node/1279742063,14,199.8,66.8,False,True,False
node/1279742065,14,199.8,66.8,False,False,True
node/1279742073,14,199.8,66.8,False,True,False
node/1283536253,14,199.8,66.8,False,False,True
node/1283536254,14,199.8,66.8,False,False,True
node/1284581959,14,199.8,66.8,False,True,False
node/1284582060,14,199.8,66.8,False,False,True
node/1284926939,14,199.8,66.8,False,False,True
node/1284926944,14,199.8,66.8,False,True,False
node/1284926961,14,199.8,66.8,False,True,False
node/1284926963,14,199.8,66.8,False,True,False
node/1284926984,14,199.8,66.8,False,False,True
node/1284926985,14,199.8,66.8,False,False,True
node/1284926996,14,199.8,66.8,False,False,True
node/1284927009,14,199.8,66.8,False,True,False
node/1284927034,14,199.8,66.8,False,False,True
node/1284927074,14,199.8,66.8,False,True,False
node/1284927083,14,199.8,66.8,False,False,True
node/1284927093,14,199.8,66.8,False,True,False
node/1284927099,14,199.8,66.8,False,True,False
node/1284927115,14,199.8,66.8,False,True,False
node/1284927124,14,199.8,66.8,False,True,False
node/1284927131,14,199.8,66.8,False,True,False
node/1284927139,14,199.8,66.8,False,True,False
node/1286915409,14,199.8,66.8,False,True,False
node/1286915419,14,199.8,66.8,False,True,False
node/1286915421,14,199.8,66.8,False,True,False
node/1289529721,14,199.8,66.8,False,True,False
node/1289529758,14,199.8,66.8,False,True,False
node/1293986598,14,199.8,66.8,False,True,False
node/1293986601,14,199.8,66.8,False,True,False
node/1293986603,14,199.8,66.8,False,True,False
node/1294003447,14,199.8,66.8,False,False,True
node/1294003448,14,199.8,66.8,False,False,True
node/1294003450,14,199.8,66.8,False,False,True
node/1294003452,14,199.8,66.8,False,True,False
node/1294003453,14,199.8,66.8,False,True,False
node/1294003454,14,199.8,66.8,False,False,True
node/1294003461,14,199.8,66.8,False,False,True
node/1294003462,14,199.8,66.8,False,False,True
node/1295136729,14,199.8,66.8,False,True,False
node/1295150682,14,199.8,66.8,False,True,False
node/1295159013,14,199.8,66.8,False,False,True
node/1295159014,14,199.8,66.8,False,False,True
node/1295276479,14,199.8,66.8,False,True,False
node/1295312638,14,199.8,66.8,False,False,True
node/1295312640,14,199.8,66.8,False,False,True
node/1295312642,14,199.8,66.8,False,False,True
node/1295312646,14,199.8,66.8,False,False,True
node/1295312650,14,199.8,66.8,False,False,True
node/1295312655,14,199.8,66.8,False,False,True
node/1295312656,14,199.8,66.8,False,False,True
node/1295312657,14,199.8,66.8,False,False,True
node/1295343768,14,199.8,66.8,False,False,True
node/1295406453,14,199.8,66.8,False,False,True
node/1295406518,14,199.8,66.8,False,False,True
node/1295523738,14,199.8,66.8,False,True,False
node/1295523740,14,199.8,66.8,False,True,False
node/1295523743,14,199.8,66.8,False,False,True
node/1295523744,14,199.8,66.8,False,True,False
node/1295523757,14,199.8,66.8,True,False,False
node/1295523759,14,199.8,66.8,False,True,False
node/1295523760,14,199.8,66.8,False,True,False
node/1295523761,14,199.8,66.8,False,False,True
node/1295523762,14,199.8,66.8,False,True,False
node/1295523766,14,199.8,66.8,False,True,False
node/1295523767,14,199.8,66.8,False,True,False
node/1295523769,14,199.8,66.8,False,True,False
node/1295531541,14,199.8,66.8,False,False,True
node/1316610234,14,199.8,66.8,False,False,True
node/1316610236,14,199.8,66.8,False,False,True
node/1316610237,14,199.8,66.8,False,True,False
node/1316610238,14,199.8,66.8,True,False,False
node/1316610240,14,199.8,66.8,False,False,True
node/1316610242,14,199.8,66.8,False,True,False
node/1316610243,14,199.8,66.8,True,False,False
node/1316610245,14,199.8,66.8,False,False,True
node/1322862540,14,199.8,66.8,False,False,True
node/1322862545,14,199.8,66.8,True,True,False
node/1322862633,14,199.8,66.8,False,True,False
node/1322862663,14,199.8,66.8,False,True,False
node/1322862715,14,199.8,66.8,False,True,False
node/1322862749,14,199.8,66.8,False,False,True
node/1335607719,14,199.8,66.8,False,False,True
node/1335607722,14,199.8,66.8,False,True,False
node/1335607723,14,199.8,66.8,False,True,False
node/1335607726,14,199.8,66.8,False,False,True
node/1335607728,14,199.8,66.8,False,True,False
node/1335607730,14,199.8,66.8,False,False,True
node/1335607732,14,199.8,66.8,False,False,True
node/1362090001,14,199.8,66.8,False,False,True
node/1473295091,14,199.8,66.8,False,False,True
node/1473306609,14,199.8,66.8,False,True,False
node/1473306610,14,199.8,66.8,False,False,True
node/1474688192,14,199.8,66.8,False,True,False
node/1475413557,14,199.8,66.8,False,True,False
node/1475413558,14,199.8,66.8,False,True,False
node/1475413560,14,199.8,66.8,False,True,False
node/1475429792,14,199.8,66.8,False,True,False
node/1497152885,14,199.8,66.8,False,True,False
node/1497152886,14,199.8,66.8,False,True,False
node/1502802078,14,199.8,66.8,False,False,True
node/1518738714,14,199.8,66.8,False,True,False
node/1518738715,14,199.8,66.8,False,False,True
node/1518866593,14,199.8,66.8,False,True,False
node/1518866598,14,199.8,66.8,False,False,True
node/1518866601,14,199.8,66.8,False,True,False
node/1518866613,14,199.8,66.8,False,True,False
node/1518866616,14,199.8,66.8,False,False,True
node/1537450915,14,199.8,66.8,False,False,True
node/1539516740,14,199.8,66.8,False,False,True
node/1539534959,14,199.8,66.8,False,False,True
node/1539534962,14,199.8,66.8,False,False,True
node/1539534967,14,199.8,66.8,False,True,False
node/1539547355,14,199.8,66.8,False,False,True
node/1539547356,14,199.8,66.8,False,False,True
node/1539547361,14,199.8,66.8,False,False,True
node/1539562850,14,199.8,66.8,False,False,True
node/1539562852,14,199.8,66.8,False,True,False
node/1539562853,14,199.8,66.8,False,True,False
node/1539562854,14,199.8,66.8,False,True,False
node/1539583173,14,199.8,66.8,False,False,True
node/1539597590,14,199.8,66.8,False,False,True
node/1539597616,14,199.8,66.8,False,True,False
node/1539678548,14,199.8,66.8,False,False,True
node/1539678558,14,199.8,66.8,False,True,False
node/1544841003,14,199.8,66.8,False,False,True
node/1545845574,14,199.8,66.8,False,True,False
node/1545845576,14,199.8,66.8,False,False,True
node/1545845580,14,199.8,66.8,False,False,True
node/1545846262,14,199.8,66.8,False,False,True
node/1545847888,14,199.8,66.8,True,False,False
node/1545848949,14,199.8,66.8,False,False,True
node/1545849902,14,199.8,66.8,False,False,True
node/1545851487,14,199.8,66.8,False,True,False
node/1545851489,14,199.8,66.8,False,False,True
node/1545851972,14,199.8,66.8,False,False,True
node/1545852463,14,199.8,66.8,False,False,True
node/1545853114,14,199.8,66.8,False,False,True
node/1545853893,14,199.8,66.8,False,False,True
node/1546437496,14,199.8,66.8,False,True,False
node/1547068643,14,199.8,66.8,False,True,False
node/1547080406,14,199.8,66.8,False,True,False
node/1547084482,14,199.8,66.8,False,True,False
node/1547085681,14,199.8,66.8,False,True,False
node/1547090441,14,199.8,66.8,False,True,False
node/1547091135,14,199.8,66.8,True,False,False
node/1547092080,14,199.8,66.8,False,True,False
node/1547093044,14,199.8,66.8,False,False,True
node/1547094139,14,199.8,66.8,False,False,True
node/1547095073,14,199.8,66.8,False,False,True
node/1547097088,14,199.8,66.8,False,False,True
node/1547098418,14,199.8,66.8,False,False,True
node/1547099219,14,199.8,66.8,False,True,False
node/1547099890,14,199.8,66.8,False,True,False
node/1547100713,14,199.8,66.8,False,True,False
node/1547101216,14,199.8,66.8,False,False,True
node/1547101542,14,199.8,66.8,False,True,False
node/1547102325,14,199.8,66.8,False,False,True
node/1547103089,14,199.8,66.8,False,False,True
node/1547961077,14,199.8,66.8,False,True,False
node/1547961082,14,199.8,66.8,False,False,True
node/1547961083,14,199.8,66.8,False,False,True
node/1547961122,14,199.8,66.8,False,True,False
node/1547961128,14,199.8,66.8,False,False,True
node/1547961129,14,199.8,66.8,False,False,True
node/1547961130,14,199.8,66.8,False,False,True
node/1547961131,14,199.8,66.8,False,True,False
node/1547961134,14,199.8,66.8,False,False,True
node/1547961136,14,199.8,66.8,False,False,True
node/1547961140,14,199.8,66.8,False,False,True
node/1548015810,14,199.8,66.8,False,False,True
node/1548018877,14,199.8,66.8,False,False,True
node/1548019979,14,199.8,66.8,False,False,True
node/1548020871,14,199.8,66.8,False,False,True
node/1548022428,14,199.8,66.8,False,True,False
node/1548045188,14,199.8,66.8,False,False,True
node/1548046401,14,199.8,66.8,False,False,True
node/1548046768,14,199.8,66.8,False,False,True
node/1548550224,14,199.8,66.8,False,False,True
node/1557202178,14,199.8,66.8,False,True,False
node/1566286256,14,199.8,66.8,False,True,False
node/1566286258,14,199.8,66.8,False,False,True
node/1568171880,14,199.8,66.8,False,False,True
node/1568189550,14,199.8,66.8,False,True,False
node/1568189556,14,199.8,66.8,False,True,False
node/1568190839,14,199.8,66.8,False,True,False
node/1568191884,14,199.8,66.8,False,False,True
node/1596105515,14,199.8,66.8,False,False,True
node/1596105520,14,199.8,66.8,False,False,True
node/1598229853,14,199.8,66.8,False,True,False
node/1598229892,14,199.8,66.8,False,True,False
node/1614792198,14,199.8,66.8,True,False,False
node/1618961808,14,199.8,66.8,False,False,True
node/1627126724,14,199.8,66.8,False,False,True
node/1627175135,14,199.8,66.8,False,True,False
node/1627175170,14,199.8,66.8,False,False,True
node/1627175189,14,199.8,66.8,False,True,False
node/1627175192,14,199.8,66.8,False,True,False
node/1627175196,14,199.8,66.8,False,False,True
node/1627175209,14,199.8,66.8,False,False,True
node/1627175219,14,199.8,66.8,False,False,True
node/1630392450,14,199.8,66.8,True,True,False
node/1630392475,14,199.8,66.8,True,True,False
node/1630392476,14,199.8,66.8,False,True,False
node/1722078721,14,199.8,66.8,False,False,True
node/1725942660,14,199.8,66.8,False,False,True
node/1726338739,14,199.8,66.8,False,False,True
node/1741645047,14,199.8,66.8,False,True,False
node/1755319252,14,199.8,66.8,False,False,True
node/1759975493,14,199.8,66.8,True,True,False
node/1760433108,14,199.8,66.8,False,True,False
node/1772533650,14,199.8,66.8,False,True,False
node/1829091889,14,199.8,66.8,True,True,False
node/1855655660,14,199.8,66.8,False,False,True
node/1860891777,14,199.8,66.8,False,True,False
node/1860891778,14,199.8,66.8,False,False,True
node/1861526781,14,199.8,66.8,False,True,False
node/1861526787,14,199.8,66.8,False,False,True
node/1861526788,14,199.8,66.8,False,True,False
node/1861526789,14,199.8,66.8,False,True,False
node/1861554261,14,199.8,66.8,True,True,False
node/1861554267,14,199.8,66.8,False,True,False
node/1896236935,14,199.8,66.8,False,True,False
node/1918467028,14,199.8,66.8,False,True,False
node/1918467030,14,199.8,66.8,False,True,False
node/1918467032,14,199.8,66.8,True,True,False
node/1918467038,14,199.8,66.8,False,True,False
node/1918467042,14,199.8,66.8,False,True,False
node/1918467044,14,199.8,66.8,False,True,False
node/1918467045,14,199.8,66.8,False,True,False
node/1918467046,14,199.8,66.8,False,True,False
node/1918467049,14,199.8,66.8,False,True,False
node/1918467050,14,199.8,66.8,True,True,False
node/1918467051,14,199.8,66.8,False,False,True
node/1918467053,14,199.8,66.8,False,False,True
node/1918467054,14,199.8,66.8,False,True,False
node/1918467055,14,199.8,66.8,False,False,True
node/1918480815,14,199.8,66.8,False,False,True
node/1918488179,14,199.8,66.8,False,False,True
node/1918505665,14,199.8,66.8,False,False,True
node/1923996586,14,199.8,66.8,False,True,False
node/1923997018,14,199.8,66.8,False,True,False
node/1923997019,14,199.8,66.8,False,True,False
node/1923999678,14,199.8,66.8,False,True,False
node/1923999680,14,199.8,66.8,False,True,False
node/1924009113,14,199.8,66.8,False,True,False
node/1924009596,14,199.8,66.8,False,True,False
node/1924011395,14,199.8,66.8,False,True,False
node/1924011398,14,199.8,66.8,False,True,False
node/1930722216,14,199.8,66.8,False,False,True
node/1930722222,14,199.8,66.8,False,False,True
node/1930722228,14,199.8,66.8,False,False,True
node/1930730805,14,199.8,66.8,False,False,True
node/1930730808,14,199.8,66.8,False,False,True
node/1930730811,14,199.8,66.8,False,False,True
node/1932890437,14,199.8,66.8,False,False,True
node/1934423140,14,199.8,66.8,True,False,False
node/1937224299,14,199.8,66.8,False,True,False
node/1937305778,14,199.8,66.8,False,False,True
node/1937305782,14,199.8,66.8,False,False,True
node/1937305786,14,199.8,66.8,True,False,False
node/1938479893,14,199.8,66.8,False,False,True
node/1948113489,14,199.8,66.8,False,True,False
node/1953124118,14,199.8,66.8,False,True,False
node/1953124142,14,199.8,66.8,False,True,False
node/1953124146,14,199.8,66.8,False,True,False
node/1953124147,14,199.8,66.8,False,True,False
node/1965093067,14,199.8,66.8,False,False,True
node/1965093084,14,199.8,66.8,False,True,False
node/1989004811,14,199.8,66.8,False,False,True
node/1989004813,14,199.8,66.8,False,True,False
node/1989004814,14,199.8,66.8,False,True,False
node/1993694164,14,199.8,66.8,False,True,False
node/1999319832,14,199.8,66.8,False,True,False
node/1999319835,14,199.8,66.8,False,True,False
node/1999319836,14,199.8,66.8,False,False,True
node/1999319841,14,199.8,66.8,False,True,False
node/2015156309,14,199.8,66.8,False,True,False
node/2017318693,14,199.8,66.8,False,False,True
node/2017318698,14,199.8,66.8,False,False,True
node/2035541438,14,199.8,66.8,False,True,False
node/2035541439,14,199.8,66.8,False,False,True
node/2035541440,14,199.8,66.8,False,False,True
node/2051364322,14,199.8,66.8,True,False,False
node/2051364324,14,199.8,66.8,False,True,False
node/2051364325,14,199.8,66.8,False,True,False
node/2051364328,14,199.8,66.8,True,True,False
node/2055285208,14,199.8,66.8,False,True,False
node/2065192433,14,199.8,66.8,False,False,True
node/2065222332,14,199.8,66.8,False,False,True
node/2065222333,14,199.8,66.8,False,False,True
node/2065266872,14,199.8,66.8,False,True,False
node/2072182666,14,199.8,66.8,True,False,False
node/2072182667,14,199.8,66.8,True,False,False
node/2073827079,14,199.8,66.8,False,False,True
node/2073903610,14,199.8,66.8,False,True,False
node/2098398133,14,199.8,66.8,True,False,False
node/2106295907,14,199.8,66.8,False,False,True
node/2106383022,14,199.8,66.8,True,False,False
node/2106383023,14,199.8,66.8,False,True,False
node/2140750247,14,199.8,66.8,False,False,True
node/2140750248,14,199.8,66.8,False,False,True
node/2153344669,14,199.8,66.8,False,True,False
node/2153344670,14,199.8,66.8,False,False,True
node/2193287724,14,199.8,66.8,False,False,True
node/2193287727,14,199.8,66.8,False,False,True
node/2193330937,14,199.8,66.8,False,False,True
node/2195525294,14,199.8,66.8,False,False,True
node/2203322037,14,199.8,66.8,False,True,False
node/2208067335,14,199.8,66.8,False,True,False
node/2208585974,14,199.8,66.8,False,True,False
node/2208623408,14,199.8,66.8,False,False,True
node/2208630568,14,199.8,66.8,False,False,True
node/2208630571,14,199.8,66.8,False,False,True
node/2208630573,14,199.8,66.8,False,False,True
node/2208652334,14,199.8,66.8,False,True,False
node/2208662025,14,199.8,66.8,False,False,True
node/2215015137,14,199.8,66.8,False,False,True
node/2286139662,14,199.8,66.8,False,True,False
node/2286139669,14,199.8,66.8,False,True,False
node/2286139677,14,199.8,66.8,False,True,False
node/2286139682,14,199.8,66.8,False,True,False
node/2286139686,14,199.8,66.8,False,True,False
node/2286139690,14,199.8,66.8,False,False,True
node/2286139693,14,199.8,66.8,False,False,True
node/2286139702,14,199.8,66.8,False,True,False
node/2286139705,14,199.8,66.8,False,True,False
node/2286139707,14,199.8,66.8,False,True,False
node/2286139708,14,199.8,66.8,False,False,True
node/2286177771,14,199.8,66.8,False,True,False
node/2286177772,14,199.8,66.8,False,True,False
node/2294678465,14,199.8,66.8,False,True,False
node/2294678470,14,199.8,66.8,False,True,False
node/2294693273,14,199.8,66.8,True,True,False
node/2294693275,14,199.8,66.8,False,True,False
node/2294693276,14,199.8,66.8,False,True,False
node/2294693277,14,199.8,66.8,False,False,True
node/2294701897,14,199.8,66.8,False,True,False
node/2294701898,14,199.8,66.8,False,False,True
node/2296408188,14,199.8,66.8,False,False,True
node/2296408198,14,199.8,66.8,False,True,False
node/2296408226,14,199.8,66.8,False,True,False
node/2296423208,14,199.8,66.8,False,True,False
node/2296423210,14,199.8,66.8,False,True,False
node/2296423211,14,199.8,66.8,False,True,False
node/2301075384,14,199.8,66.8,False,False,True
node/2317639999,14,199.8,66.8,False,True,False
node/2329193234,14,199.8,66.8,False,True,False
node/2353678188,14,199.8,66.8,False,True,False
node/2353678191,14,199.8,66.8,False,True,False
node/2360434224,14,199.8,66.8,False,False,True
node/2363249181,14,199.8,66.8,False,True,False
node/2363249195,14,199.8,66.8,False,True,False
node/2363249210,14,199.8,66.8,False,True,False
node/2395077524,14,199.8,66.8,False,True,False
node/2400614076,14,199.8,66.8,True,False,False
node/2403785852,14,199.8,66.8,False,True,False
node/2403785857,14,199.8,66.8,False,True,False
node/2403785859,14,199.8,66.8,False,True,False
node/2404020692,14,199.8,66.8,False,True,False
node/2404101218,14,199.8,66.8,False,True,False
node/2406983946,14,199.8,66.8,True,False,False
node/2411169383,14,199.8,66.8,False,True,False
node/2411169384,14,199.8,66.8,False,True,False
node/2411184701,14,199.8,66.8,False,True,False
node/2411184721,14,199.8,66.8,False,True,False
node/2411481251,14,199.8,66.8,False,True,False
node/2411481253,14,199.8,66.8,False,True,False
node/2411513132,14,199.8,66.8,False,True,False
node/2415182284,14,199.8,66.8,False,True,False
node/2415182285,14,199.8,66.8,False,True,False
node/2419304189,14,199.8,66.8,False,False,True
node/2419311329,14,199.8,66.8,False,False,True
node/2420264565,14,199.8,66.8,False,False,True
node/2420779243,14,199.8,66.8,False,False,True
node/2425602959,14,199.8,66.8,False,False,True
node/2425602960,14,199.8,66.8,False,True,False
node/2430052872,14,199.8,66.8,False,True,False
node/2430052878,14,199.8,66.8,False,False,True
node/2430052881,14,199.8,66.8,False,False,True
node/2430052891,14,199.8,66.8,False,False,True
node/2430094940,14,199.8,66.8,False,True,False
node/2430094942,14,199.8,66.8,False,True,False
node/2430094943,14,199.8,66.8,False,False,True
node/2430107030,14,199.8,66.8,False,True,False
node/2430107032,14,199.8,66.8,False,False,True
node/2430118086,14,199.8,66.8,False,False,True
node/2430118089,14,199.8,66.8,False,False,True
node/2446591586,14,199.8,66.8,False,True,False
node/2446591590,14,199.8,66.8,False,True,False
node/2454003720,14,199.8,66.8,False,False,True
node/2454367769,14,199.8,66.8,False,True,False
node/2461220917,14,199.8,66.8,True,True,False
node/2471413129,14,199.8,66.8,False,True,False
node/2471413139,14,199.8,66.8,False,True,False
node/2471413159,14,199.8,66.8,False,True,False
node/2476362894,14,199.8,66.8,False,True,False
node/2477037398,14,199.8,66.8,False,False,True
node/2477037400,14,199.8,66.8,False,True,False
node/2477037401,14,199.8,66.8,False,False,True
node/2477037402,14,199.8,66.8,False,True,False
node/2477037403,14,199.8,66.8,False,False,True
node/2477060423,14,199.8,66.8,False,True,False
node/2477060431,14,199.8,66.8,False,True,False
node/2480091091,14,199.8,66.8,False,True,False
node/2480091096,14,199.8,66.8,False,False,True
node/2485511088,14,199.8,66.8,False,False,True
node/2486627817,14,199.8,66.8,False,True,False
node/2486627825,14,199.8,66.8,False,True,False
node/2486694059,14,199.8,66.8,False,True,False
node/2493833605,14,199.8,66.8,False,True,False
node/2501698688,14,199.8,66.8,False,True,False
node/2505950544,14,199.8,66.8,False,True,False
node/2505950560,14,199.8,66.8,False,True,False
node/2506015556,14,199.8,66.8,False,False,True
node/2512698134,14,199.8,66.8,True,False,False
node/2512698333,14,199.8,66.8,True,False,False
node/2514370015,14,199.8,66.8,False,True,False
node/2514370016,14,199.8,66.8,False,True,False
node/2514370020,14,199.8,66.8,False,True,False
node/2514370021,14,199.8,66.8,False,True,False
node/2514370024,14,199.8,66.8,False,True,False
node/2514370025,14,199.8,66.8,False,True,False
node/2514370028,14,199.8,66.8,False,True,False
node/2514370029,14,199.8,66.8,False,True,False
node/2514370031,14,199.8,66.8,False,True,False
node/2514370033,14,199.8,66.8,False,True,False
node/2514370034,14,199.8,66.8,False,True,False
node/2514370036,14,199.8,66.8,False,True,False
node/2518949173,14,199.8,66.8,False,False,True
node/2519017877,14,199.8,66.8,False,False,True
node/2529130118,14,199.8,66.8,False,False,True
node/2529588241,14,199.8,66.8,False,True,False
node/2529588265,14,199.8,66.8,False,True,False
node/2529588297,14,199.8,66.8,False,True,False
node/2529853669,14,199.8,66.8,False,True,False
node/2535325123,14,199.8,66.8,True,True,False
node/2535325127,14,199.8,66.8,False,True,False
node/2535381184,14,199.8,66.8,False,True,False
node/2535381201,14,199.8,66.8,False,False,True
node/2543430048,14,199.8,66.8,True,True,False
node/2544824842,14,199.8,66.8,False,False,True
node/2548806283,14,199.8,66.8,False,True,False
node/2548806285,14,199.8,66.8,False,True,False
node/2548820055,14,199.8,66.8,False,True,False
node/2548820056,14,199.8,66.8,False,False,True
node/2548832867,14,199.8,66.8,False,True,False
node/2550239720,14,199.8,66.8,False,True,False
node/2550350554,14,199.8,66.8,False,True,False
node/2550350560,14,199.8,66.8,False,True,False
node/2550363775,14,199.8,66.8,False,False,True
node/2550369646,14,199.8,66.8,True,True,False
node/2550369647,14,199.8,66.8,False,True,False
node/2550371587,14,199.8,66.8,False,False,True
node/2552386604,14,199.8,66.8,False,False,True
node/2552386606,14,199.8,66.8,False,True,False
node/2552386607,14,199.8,66.8,False,True,False
node/2552386608,14,199.8,66.8,False,False,True
node/2552386611,14,199.8,66.8,False,False,True
node/2552386613,14,199.8,66.8,False,False,True
node/2552386615,14,199.8,66.8,False,False,True
node/2552386617,14,199.8,66.8,False,True,False
node/2552386620,14,199.8,66.8,False,True,False
node/2552386621,14,199.8,66.8,False,True,False
node/2552386623,14,199.8,66.8,False,True,False
node/2552397560,14,199.8,66.8,False,True,False
node/2552397569,14,199.8,66.8,False,True,False
node/2552397579,14,199.8,66.8,False,True,False
node/2557705900,14,199.8,66.8,False,True,False
node/2557705901,14,199.8,66.8,False,True,False
node/2557705902,14,199.8,66.8,False,False,True
node/2558370099,14,199.8,66.8,False,True,False
node/2558385819,14,199.8,66.8,False,True,False
node/2559088012,14,199.8,66.8,False,False,True
node/2562158864,14,199.8,66.8,False,True,False
node/2564409414,14,199.8,66.8,False,False,True
node/2564423006,14,199.8,66.8,False,False,True
node/2564432541,14,199.8,66.8,False,True,False
node/2564448047,14,199.8,66.8,False,True,False
node/2564448048,14,199.8,66.8,False,True,False
node/2564448049,14,199.8,66.8,False,True,False
node/2564795419,14,199.8,66.8,False,False,True
node/2566152661,14,199.8,66.8,False,True,False
node/2566152663,14,199.8,66.8,False,False,True
node/2566152665,14,199.8,66.8,False,True,False
node/2566152668,14,199.8,66.8,False,False,True
node/2566656677,14,199.8,66.8,True,False,False
node/2566656687,14,199.8,66.8,False,True,False
node/2568950459,14,199.8,66.8,False,True,False
node/2569777539,14,199.8,66.8,False,False,True
node/2569917218,14,199.8,66.8,False,False,True
node/2570294500,14,199.8,66.8,False,True,False
node/2575832359,14,199.8,66.8,False,False,True
node/2606330407,14,199.8,66.8,False,True,False
node/2606331448,14,199.8,66.8,False,True,False
node/2606331546,14,199.8,66.8,False,True,False
node/2608051029,14,199.8,66.8,False,True,False
node/2608091514,14,199.8,66.8,False,False,True
node/2608634440,14,199.8,66.8,False,True,False
node/2609195844,14,199.8,66.8,False,False,True
node/2609222331,14,199.8,66.8,False,True,False
node/2609222332,14,199.8,66.8,False,True,False
node/2609222333,14,199.8,66.8,False,False,True
node/2609222334,14,199.8,66.8,False,True,False
node/2609224353,14,199.8,66.8,False,True,False
node/2609227364,14,199.8,66.8,True,False,False
node/2609227365,14,199.8,66.8,False,False,True
node/2609244196,14,199.8,66.8,False,False,True
node/2609287291,14,199.8,66.8,False,False,True
node/2609287292,14,199.8,66.8,False,True,False
node/2609287293,14,199.8,66.8,False,True,False
node/2609287294,14,199.8,66.8,True,False,False
node/2609287295,14,199.8,66.8,False,True,False
node/2609287297,14,199.8,66.8,False,True,False
node/2609287298,14,199.8,66.8,False,True,False
node/2609287300,14,199.8,66.8,False,True,False
node/2609319753,14,199.8,66.8,False,False,True
node/2609456195,14,199.8,66.8,False,True,False
node/2609456203,14,199.8,66.8,False,False,True
node/2610182511,14,199.8,66.8,False,False,True
node/2610487133,14,199.8,66.8,False,True,False
node/2610487134,14,199.8,66.8,False,True,False
node/2610487135,14,199.8,66.8,False,False,True
node/2610487136,14,199.8,66.8,False,False,True
node/2610487137,14,199.8,66.8,False,True,False
node/2610487138,14,199.8,66.8,True,True,False
node/2610487140,14,199.8,66.8,False,True,False
node/2610487141,14,199.8,66.8,False,False,True
node/2610487142,14,199.8,66.8,False,False,True
node/2610487143,14,199.8,66.8,False,False,True
node/2610487144,14,199.8,66.8,False,False,True
node/2610487145,14,199.8,66.8,False,True,False
node/2610487146,14,199.8,66.8,False,True,False
node/2610487147,14,199.8,66.8,False,True,False
node/2610487149,14,199.8,66.8,False,True,False
node/2610487151,14,199.8,66.8,False,True,False
node/2610487152,14,199.8,66.8,False,False,True
node/2613161145,14,199.8,66.8,False,True,False
node/2613161147,14,199.8,66.8,False,True,False
node/2613168362,14,199.8,66.8,False,False,True
node/2613168363,14,199.8,66.8,False,False,True
node/2613168365,14,199.8,66.8,False,True,False
node/2613168366,14,199.8,66.8,False,True,False
node/2613168367,14,199.8,66.8,True,True,False
node/2613183476,14,199.8,66.8,False,False,True
node/2613183477,14,199.8,66.8,False,False,True
node/2613183478,14,199.8,66.8,True,False,False
node/2613183479,14,199.8,66.8,True,True,False
node/2613183480,14,199.8,66.8,True,False,False
node/2613183481,14,199.8,66.8,True,False,False
node/2613229354,14,199.8,66.8,False,True,False
node/2613236650,14,199.8,66.8,False,True,False
node/2613247651,14,199.8,66.8,False,True,False
node/2613254699,14,199.8,66.8,False,True,False
node/2616310814,14,199.8,66.8,False,False,True
node/2616310815,14,199.8,66.8,False,True,False
node/2616310816,14,199.8,66.8,False,True,False
node/2616310817,14,199.8,66.8,False,True,False
node/2616310818,14,199.8,66.8,False,True,False
node/2616310820,14,199.8,66.8,False,True,False
node/2616310821,14,199.8,66.8,False,False,True
node/2616310822,14,199.8,66.8,False,True,False
node/2616310823,14,199.8,66.8,False,True,False
node/2616310828,14,199.8,66.8,False,False,True
node/2616310833,14,199.8,66.8,False,False,True
node/2616310837,14,199.8,66.8,False,False,True
node/2616331666,14,199.8,66.8,False,False,True
node/2616331667,14,199.8,66.8,False,True,False
node/2616331669,14,199.8,66.8,False,False,True
node/2616331670,14,199.8,66.8,False,True,False
node/2616331671,14,199.8,66.8,False,False,True
node/2616331672,14,199.8,66.8,False,True,False
node/2616331673,14,199.8,66.8,False,True,False
node/2616331674,14,199.8,66.8,False,True,False
node/2616331676,14,199.8,66.8,False,True,False
node/2616331677,14,199.8,66.8,False,True,False
node/2616331678,14,199.8,66.8,True,False,False
node/2616331679,14,199.8,66.8,False,False,True
node/2616331680,14,199.8,66.8,False,True,False
node/2616331681,14,199.8,66.8,False,False,True
node/2616339079,14,199.8,66.8,True,False,False
node/2616339081,14,199.8,66.8,False,False,True
node/2617569033,14,199.8,66.8,False,False,True
node/2617569034,14,199.8,66.8,False,True,False
node/2617575259,14,199.8,66.8,False,False,True
node/2617575260,14,199.8,66.8,False,True,False
node/2617880174,14,199.8,66.8,False,False,True
node/2617880183,14,199.8,66.8,False,True,False
node/2617880190,14,199.8,66.8,True,False,False
node/2617880197,14,199.8,66.8,True,True,False
node/2617880202,14,199.8,66.8,False,True,False
node/2617892086,14,199.8,66.8,False,True,False
node/2617892095,14,199.8,66.8,False,True,False
node/2617892104,14,199.8,66.8,False,True,False
node/2617892112,14,199.8,66.8,False,False,True
node/2617892121,14,199.8,66.8,False,False,True
node/2617892128,14,199.8,66.8,False,True,False
node/2617892136,14,199.8,66.8,False,False,True
node/2617892144,14,199.8,66.8,False,True,False
node/2617895513,14,199.8,66.8,False,True,False
node/2617895518,14,199.8,66.8,False,False,True
node/2617953959,14,199.8,66.8,False,True,False
node/2624837103,14,199.8,66.8,False,False,True
node/2624837110,14,199.8,66.8,False,False,True
node/2625780869,14,199.8,66.8,False,False,True
node/2625780870,14,199.8,66.8,False,False,True
node/2625780872,14,199.8,66.8,False,True,False
node/2625780873,14,199.8,66.8,False,False,True
node/2625780874,14,199.8,66.8,False,False,True
node/2625780876,14,199.8,66.8,False,False,True
node/2625780877,14,199.8,66.8,False,True,False
node/2625780878,14,199.8,66.8,False,False,True
node/2625785828,14,199.8,66.8,False,False,True
node/2625785833,14,199.8,66.8,False,False,True
node/2625785837,14,199.8,66.8,False,False,True
node/2625785842,14,199.8,66.8,False,False,True
node/2625785846,14,199.8,66.8,False,False,True
node/2625785850,14,199.8,66.8,False,True,False
node/2625786658,14,199.8,66.8,False,False,True
node/2625786659,14,199.8,66.8,False,True,False
node/2625787776,14,199.8,66.8,False,False,True
node/2625787777,14,199.8,66.8,False,True,False
node/2627188431,14,199.8,66.8,False,True,False
node/2627201344,14,199.8,66.8,False,True,False
node/2627201353,14,199.8,66.8,False,True,False
node/2631032334,14,199.8,66.8,False,False,True
node/2631032335,14,199.8,66.8,False,False,True
node/2631039385,14,199.8,66.8,False,False,True
node/2631039386,14,199.8,66.8,False,True,False
node/2631039387,14,199.8,66.8,False,True,False
node/2631039388,14,199.8,66.8,False,True,False
node/2631039389,14,199.8,66.8,False,True,False
node/2631039393,14,199.8,66.8,False,False,True
node/2631527781,14,199.8,66.8,False,True,False
node/2631756552,14,199.8,66.8,False,True,False
node/2631756553,14,199.8,66.8,False,False,True
node/2631756554,14,199.8,66.8,False,True,False
node/2631756555,14,199.8,66.8,False,False,True
node/2632468940,14,199.8,66.8,False,True,False
node/2632468948,14,199.8,66.8,False,False,True
node/2632468954,14,199.8,66.8,False,False,True
node/2632516492,14,199.8,66.8,False,False,True
node/2632516497,14,199.8,66.8,False,False,True
node/2632516502,14,199.8,66.8,False,False,True
node/2632516503,14,199.8,66.8,False,True,False
node/2632516505,14,199.8,66.8,False,True,False
node/2632516506,14,199.8,66.8,False,False,True
node/2632516507,14,199.8,66.8,False,False,True
node/2632516508,14,199.8,66.8,False,False,True
node/2632516511,14,199.8,66.8,False,True,False
node/2632516512,14,199.8,66.8,False,False,True
node/2632516514,14,199.8,66.8,False,False,True
node/2632516522,14,199.8,66.8,False,True,False
node/2632527072,14,199.8,66.8,False,False,True
node/2632527073,14,199.8,66.8,False,False,True
node/2632527074,14,199.8,66.8,False,True,False
node/2632527077,14,199.8,66.8,False,False,True
node/2632527082,14,199.8,66.8,False,True,False
node/2632554931,14,199.8,66.8,False,True,False
node/2632554938,14,199.8,66.8,False,True,False
node/2632554943,14,199.8,66.8,False,False,True
node/2632554948,14,199.8,66.8,False,True,False
node/2633469511,14,199.8,66.8,False,True,False
node/2633469513,14,199.8,66.8,False,True,False
node/2633469514,14,199.8,66.8,False,True,False
node/2633484153,14,199.8,66.8,False,False,True
node/2633484154,14,199.8,66.8,False,True,False
node/2633484156,14,199.8,66.8,False,True,False
node/2633484160,14,199.8,66.8,False,True,False
node/2633484163,14,199.8,66.8,False,True,False
node/2633488031,14,199.8,66.8,False,True,False
node/2633488032,14,199.8,66.8,False,True,False
node/2633488034,14,199.8,66.8,False,True,False
node/2633488035,14,199.8,66.8,False,True,False
node/2633489850,14,199.8,66.8,False,True,False
node/2633499506,14,199.8,66.8,False,True,False
node/2633499507,14,199.8,66.8,False,True,False
node/2633501124,14,199.8,66.8,False,True,False
node/2633501125,14,199.8,66.8,False,True,False
node/2633501126,14,199.8,66.8,False,False,True
node/2633502957,14,199.8,66.8,False,False,True
node/2634028279,14,199.8,66.8,False,True,False
node/2634028999,14,199.8,66.8,False,False,True
node/2634029628,14,199.8,66.8,False,False,True
node/2634030510,14,199.8,66.8,False,False,True
node/2634032303,14,199.8,66.8,False,True,False
node/2634035179,14,199.8,66.8,False,False,True
node/2634036911,14,199.8,66.8,False,False,True
node/2634039227,14,199.8,66.8,False,True,False
node/2634039972,14,199.8,66.8,False,True,False
node/2634040663,14,199.8,66.8,False,True,False
node/2634041075,14,199.8,66.8,False,True,False
node/2634042268,14,199.8,66.8,False,False,True
node/2634043774,14,199.8,66.8,False,False,True
node/2634844753,14,199.8,66.8,False,False,True
node/2634846075,14,199.8,66.8,False,True,False
node/2634847265,14,199.8,66.8,False,True,False
node/2634848724,14,199.8,66.8,False,False,True
node/2634850212,14,199.8,66.8,False,True,False
node/2634851336,14,199.8,66.8,False,True,False
node/2634852908,14,199.8,66.8,False,True,False
node/2634854438,14,199.8,66.8,False,True,False
node/2634855102,14,199.8,66.8,False,True,False
node/2634859534,14,199.8,66.8,False,True,False
node/2634862903,14,199.8,66.8,False,True,False
node/2634862904,14,199.8,66.8,False,True,False
node/2634862908,14,199.8,66.8,False,True,False
node/2634865385,14,199.8,66.8,False,True,False
node/2634866389,14,199.8,66.8,False,True,False
node/2634866390,14,199.8,66.8,False,True,False
node/2634867851,14,199.8,66.8,False,False,True
node/2634897688,14,199.8,66.8,False,False,True
node/2635330493,14,199.8,66.8,False,True,False
node/2639687114,14,199.8,66.8,False,False,True
node/2639688189,14,199.8,66.8,False,False,True
node/2639689855,14,199.8,66.8,False,True,False
node/2639692427,14,199.8,66.8,False,False,True
node/2639692432,14,199.8,66.8,False,True,False
node/2639692436,14,199.8,66.8,False,True,False
node/2639696198,14,199.8,66.8,False,True,False
node/2639699090,14,199.8,66.8,False,True,False
node/2639699364,14,199.8,66.8,False,True,False
node/2639702342,14,199.8,66.8,False,False,True
node/2639702343,14,199.8,66.8,False,True,False
node/2639703129,14,199.8,66.8,False,False,True
node/2639704177,14,199.8,66.8,False,False,True
node/2639708393,14,199.8,66.8,False,True,False
node/2639746328,14,199.8,66.8,False,False,True
node/2639749378,14,199.8,66.8,False,True,False
node/2639749379,14,199.8,66.8,False,False,True
node/2639749380,14,199.8,66.8,False,True,False
node/2639751837,14,199.8,66.8,False,False,True
node/2639752285,14,199.8,66.8,False,True,False
node/2639752932,14,199.8,66.8,False,True,False
node/2639753753,14,199.8,66.8,False,True,False
node/2639754519,14,199.8,66.8,False,False,True
node/2639757139,14,199.8,66.8,False,False,True
node/2639758109,14,199.8,66.8,False,False,True
node/2639758492,14,199.8,66.8,False,True,False
node/2639759479,14,199.8,66.8,False,True,False
node/2639762351,14,199.8,66.8,False,False,True
node/2645436023,14,199.8,66.8,True,True,False
node/2651683562,14,199.8,66.8,False,True,False
node/2651683563,14,199.8,66.8,False,True,False
node/2651684228,14,199.8,66.8,False,False,True
node/2651685650,14,199.8,66.8,False,False,True
node/2651685974,14,199.8,66.8,False,False,True
node/2651687847,14,199.8,66.8,False,False,True
node/2651688413,14,199.8,66.8,False,False,True
node/2651690853,14,199.8,66.8,False,False,True
node/2651716329,14,199.8,66.8,False,True,False
node/2651717273,14,199.8,66.8,False,True,False
node/2651719576,14,199.8,66.8,False,False,True
node/2651722607,14,199.8,66.8,False,True,False
node/2651722630,14,199.8,66.8,False,True,False
node/2651723071,14,199.8,66.8,False,True,False
node/2651723072,14,199.8,66.8,False,True,False
node/2651723433,14,199.8,66.8,False,False,True
node/2651750041,14,199.8,66.8,False,True,False
node/2651750042,14,199.8,66.8,False,True,False
node/2651751914,14,199.8,66.8,False,True,False
node/2651754334,14,199.8,66.8,False,True,False
node/2651754685,14,199.8,66.8,False,True,False
node/2651759822,14,199.8,66.8,False,False,True
node/2651759844,14,199.8,66.8,False,True,False
node/2651759850,14,199.8,66.8,False,True,False
node/2651764637,14,199.8,66.8,False,True,False
node/2651765054,14,199.8,66.8,False,True,False
node/2651767002,14,199.8,66.8,False,True,False
node/2651767007,14,199.8,66.8,True,False,False
node/2651768359,14,199.8,66.8,True,False,False
node/2651769006,14,199.8,66.8,False,True,False
node/2653803192,14,199.8,66.8,False,True,False
node/2653804621,14,199.8,66.8,False,True,False
node/2653813817,14,199.8,66.8,False,True,False
node/2653813818,14,199.8,66.8,False,True,False
node/2653814460,14,199.8,66.8,False,True,False
node/2653824863,14,199.8,66.8,False,True,False
node/2653825749,14,199.8,66.8,False,False,True
node/2653863599,14,199.8,66.8,False,True,False
node/2653869319,14,199.8,66.8,False,False,True
node/2653871049,14,199.8,66.8,True,False,False
node/2653871625,14,199.8,66.8,False,True,False
node/2653887470,14,199.8,66.8,False,True,False
node/2655759127,14,199.8,66.8,False,True,False
node/2655760267,14,199.8,66.8,False,True,False
node/2655760270,14,199.8,66.8,False,True,False
node/2655761685,14,199.8,66.8,False,False,True
node/2655761841,14,199.8,66.8,False,True,False
node/2655763313,14,199.8,66.8,False,False,True
node/2655765534,14,199.8,66.8,True,True,False
node/2655767049,14,199.8,66.8,False,False,True
node/2655767050,14,199.8,66.8,False,False,True
node/2655767105,14,199.8,66.8,False,False,True
node/2655767410,14,199.8,66.8,False,True,False
node/2655768678,14,199.8,66.8,False,False,True
node/2655784984,14,199.8,66.8,False,True,False
node/2655784985,14,199.8,66.8,False,False,True
node/2655784986,14,199.8,66.8,False,False,True
node/2655784987,14,199.8,66.8,False,True,False
node/2655784988,14,199.8,66.8,False,False,True
node/2655787647,14,199.8,66.8,False,True,False
node/2655787658,14,199.8,66.8,False,True,False
node/2655787670,14,199.8,66.8,False,False,True
node/2655790968,14,199.8,66.8,False,True,False
node/2655790976,14,199.8,66.8,False,False,True
node/2655791330,14,199.8,66.8,False,False,True
node/2655813144,14,199.8,66.8,True,False,False
node/2655814103,14,199.8,66.8,True,False,False
node/2655814108,14,199.8,66.8,False,False,True
node/2655815607,14,199.8,66.8,False,False,True
node/2655815608,14,199.8,66.8,False,True,False
node/2655817999,14,199.8,66.8,False,True,False
node/2655819182,14,199.8,66.8,False,True,False
node/2655819183,14,199.8,66.8,False,True,False
node/2655819671,14,199.8,66.8,False,True,False
node/2655820401,14,199.8,66.8,False,False,True
node/2655820410,14,199.8,66.8,False,True,False
node/2655823568,14,199.8,66.8,False,False,True
node/2655827135,14,199.8,66.8,False,False,True
node/2655827824,14,199.8,66.8,False,False,True
node/2655827825,14,199.8,66.8,False,False,True
node/2655827826,14,199.8,66.8,False,True,False
node/2655827842,14,199.8,66.8,False,False,True
node/2655829297,14,199.8,66.8,False,False,True
node/2655829298,14,199.8,66.8,False,True,False
node/2655830447,14,199.8,66.8,False,True,False
node/2655830455,14,199.8,66.8,False,True,False
node/2655835417,14,199.8,66.8,False,True,False
node/2655836478,14,199.8,66.8,False,False,True
node/2659231278,14,199.8,66.8,False,True,False
node/2659360764,14,199.8,66.8,False,True,False
node/2659362311,14,199.8,66.8,False,True,False
node/2662811502,14,199.8,66.8,False,True,False
node/2662815867,14,199.8,66.8,False,True,False
node/2662818263,14,199.8,66.8,False,True,False
node/2662820234,14,199.8,66.8,False,True,False
node/2662820621,14,199.8,66.8,False,True,False
node/2662828661,14,199.8,66.8,False,True,False
node/2662838180,14,199.8,66.8,False,True,False
node/2662840694,14,199.8,66.8,False,False,True
node/2662843884,14,199.8,66.8,False,False,True
node/2662847374,14,199.8,66.8,False,True,False
node/2662849222,14,199.8,66.8,False,True,False
node/2664120596,14,199.8,66.8,False,True,False
node/2664120877,14,199.8,66.8,False,True,False
node/2664137046,14,199.8,66.8,False,True,False
node/2664152347,14,199.8,66.8,False,True,False
node/2664153098,14,199.8,66.8,True,True,False
node/2664153220,14,199.8,66.8,False,True,False
node/2665597586,14,199.8,66.8,False,False,True
node/2665599980,14,199.8,66.8,False,True,False
node/2665610047,14,199.8,66.8,False,False,True
node/2665611536,14,199.8,66.8,False,False,True
node/2665612322,14,199.8,66.8,False,True,False
node/2665617638,14,199.8,66.8,False,True,False
node/2665624752,14,199.8,66.8,False,True,False
node/2665628422,14,199.8,66.8,False,True,False
node/2665629447,14,199.8,66.8,False,True,False
node/2665657134,14,199.8,66.8,False,True,False
node/2665661664,14,199.8,66.8,False,True,False
node/2665720151,14,199.8,66.8,False,False,True
node/2665721436,14,199.8,66.8,False,True,False
node/2665729560,14,199.8,66.8,False,True,False
node/2665782703,14,199.8,66.8,False,False,True
node/2665785610,14,199.8,66.8,False,True,False
node/2665788104,14,199.8,66.8,False,False,True
node/2665789145,14,199.8,66.8,False,False,True
node/2666147343,14,199.8,66.8,False,True,False
node/2666935033,14,199.8,66.8,False,False,True
node/2667005368,14,199.8,66.8,False,False,True
node/2667005369,14,199.8,66.8,False,False,True
node/2667005370,14,199.8,66.8,False,False,True
node/2668421266,14,199.8,66.8,False,True,False
node/2668421267,14,199.8,66.8,False,True,False
node/2668424488,14,199.8,66.8,False,True,False
node/2668430722,14,199.8,66.8,False,True,False
node/2668430728,14,199.8,66.8,False,True,False
node/2668452933,14,199.8,66.8,False,True,False
node/2668452935,14,199.8,66.8,False,True,False
node/2668455763,14,199.8,66.8,False,True,False
node/2668467396,14,199.8,66.8,False,False,True
node/2668505483,14,199.8,66.8,False,True,False
node/2668517864,14,199.8,66.8,True,True,False
node/2668517874,14,199.8,66.8,True,True,False
node/2668517881,14,199.8,66.8,False,True,False
node/2668517891,14,199.8,66.8,True,True,False
node/2707129442,14,199.8,66.8,False,False,True
node/2707129452,14,199.8,66.8,True,True,False
node/2707204585,14,199.8,66.8,True,False,False
node/2707210897,14,199.8,66.8,False,True,False
node/2707212224,14,199.8,66.8,False,False,True
node/2707223596,14,199.8,66.8,False,False,True
node/2707224402,14,199.8,66.8,False,False,True
node/2711706935,14,199.8,66.8,False,False,True
node/2762341491,14,199.8,66.8,False,False,True
node/2810719946,14,199.8,66.8,False,True,False
node/2820769012,14,199.8,66.8,False,True,False
node/2856773444,14,199.8,66.8,False,True,False
node/2856773445,14,199.8,66.8,False,True,False
node/2859842830,14,199.8,66.8,False,True,False
node/2859872048,14,199.8,66.8,False,False,True
node/2859878218,14,199.8,66.8,False,False,True
node/2859881743,14,199.8,66.8,False,True,False
node/2859881744,14,199.8,66.8,False,True,False
node/2859881745,14,199.8,66.8,False,True,False
node/2859883816,14,199.8,66.8,False,True,False
node/2859889328,14,199.8,66.8,False,False,True
node/2859891239,14,199.8,66.8,False,False,True
node/2859894501,14,199.8,66.8,False,False,True
node/2859906856,14,199.8,66.8,False,True,False
node/2859912035,14,199.8,66.8,False,False,True
node/2859912153,14,199.8,66.8,False,True,False
node/2860037788,14,199.8,66.8,False,True,False
node/2860037790,14,199.8,66.8,False,True,False
node/2860061583,14,199.8,66.8,False,True,False
node/2860061584,14,199.8,66.8,False,False,True
node/2860065379,14,199.8,66.8,False,False,True
node/2860065380,14,199.8,66.8,False,False,True
node/2860065381,14,199.8,66.8,False,False,True
node/2860065382,14,199.8,66.8,False,True,False
node/2860066520,14,199.8,66.8,False,False,True
node/2862131629,14,199.8,66.8,False,True,False
node/2862183667,14,199.8,66.8,False,True,False
node/2862183668,14,199.8,66.8,False,False,True
node/2862207916,14,199.8,66.8,False,False,True
node/2862282747,14,199.8,66.8,False,False,True
node/2868399805,14,199.8,66.8,False,True,False
node/2868407742,14,199.8,66.8,False,True,False
node/2868407743,14,199.8,66.8,False,True,False
node/2870175902,14,199.8,66.8,False,True,False
node/2870175903,14,199.8,66.8,False,False,True
node/2870196120,14,199.8,66.8,False,True,False
node/2886845058,14,199.8,66.8,False,True,False
node/2886845060,14,199.8,66.8,False,False,True
node/2886903239,14,199.8,66.8,True,True,False
node/2886907973,14,199.8,66.8,False,True,False
node/2886907974,14,199.8,66.8,False,True,False
node/2886907975,14,199.8,66.8,False,True,False
node/2886925986,14,199.8,66.8,False,False,True
node/2886956717,14,199.8,66.8,False,False,True
node/2887017262,14,199.8,66.8,False,True,False
node/2887079094,14,199.8,66.8,False,False,True
node/2887079666,14,199.8,66.8,False,False,True
node/2887383937,14,199.8,66.8,False,True,False
node/2923126645,14,199.8,66.8,False,True,False
node/2924350291,14,199.8,66.8,False,True,False
node/2924350292,14,199.8,66.8,False,False,True
node/2924350377,14,199.8,66.8,False,True,False
node/2924350395,14,199.8,66.8,True,True,False
node/2924360256,14,199.8,66.8,False,True,False
node/2924360279,14,199.8,66.8,False,True,False
node/2924372002,14,199.8,66.8,False,True,False
node/2924372022,14,199.8,66.8,False,True,False
node/2924372034,14,199.8,66.8,False,True,False
node/2943609225,14,199.8,66.8,False,True,False
node/2947251443,14,199.8,66.8,False,False,True
node/2977882640,14,199.8,66.8,False,False,True
node/2988500054,14,199.8,66.8,False,False,True
node/2989246792,14,199.8,66.8,False,False,True
node/2997509000,14,199.8,66.8,False,False,True
node/2997509002,14,199.8,66.8,False,False,True
node/2997509003,14,199.8,66.8,False,True,False
node/2997509008,14,199.8,66.8,False,False,True
node/2997509011,14,199.8,66.8,False,True,False
node/2997509012,14,199.8,66.8,False,True,False
node/2998129806,14,199.8,66.8,False,True,False
node/2998129809,14,199.8,66.8,False,False,True
node/2998129811,14,199.8,66.8,False,True,False
node/2998129813,14,199.8,66.8,False,True,False
node/2998183224,14,199.8,66.8,False,True,False
node/2998183226,14,199.8,66.8,False,True,False
node/2998183228,14,199.8,66.8,False,True,False
node/2998183230,14,199.8,66.8,False,True,False
node/2998183232,14,199.8,66.8,False,True,False
node/2998184134,14,199.8,66.8,False,False,True
node/2998184136,14,199.8,66.8,False,True,False
node/2998184138,14,199.8,66.8,False,True,False
node/2998393385,14,199.8,66.8,False,True,False
node/2998583701,14,199.8,66.8,False,False,True
node/3003594978,14,199.8,66.8,False,True,False
node/3004237497,14,199.8,66.8,False,False,True
node/3004237498,14,199.8,66.8,False,True,False
node/3004237499,14,199.8,66.8,False,True,False
node/3005158302,14,199.8,66.8,False,True,False
node/3005158303,14,199.8,66.8,False,False,True
node/3005194063,14,199.8,66.8,False,True,False
node/3012120995,14,199.8,66.8,False,False,True
node/3012140701,14,199.8,66.8,False,False,True
node/3012222971,14,199.8,66.8,False,True,False
node/3012431711,14,199.8,66.8,False,False,True
node/3012431713,14,199.8,66.8,False,True,False
node/3012431723,14,199.8,66.8,False,True,False
node/3012431725,14,199.8,66.8,False,True,False
node/3012431726,14,199.8,66.8,False,True,False
node/3012431728,14,199.8,66.8,False,True,False
node/3012431730,14,199.8,66.8,False,True,False
node/3012431732,14,199.8,66.8,False,True,False
node/3012433135,14,199.8,66.8,False,True,False
node/3012433137,14,199.8,66.8,False,True,False
node/3013077540,14,199.8,66.8,False,False,True
node/3016472376,14,199.8,66.8,False,True,False
node/3016472378,14,199.8,66.8,False,True,False
node/3016472382,14,199.8,66.8,False,True,False
node/3016472384,14,199.8,66.8,False,True,False
node/3016472387,14,199.8,66.8,False,True,False
node/3016472392,14,199.8,66.8,False,False,True
node/3016582659,14,199.8,66.8,False,True,False
node/3016582662,14,199.8,66.8,False,False,True
node/3016582663,14,199.8,66.8,False,True,False
node/3016582666,14,199.8,66.8,False,True,False
node/3016582671,14,199.8,66.8,False,False,True
node/3016582672,14,199.8,66.8,False,False,True
node/3016600596,14,199.8,66.8,False,True,False
node/3016600597,14,199.8,66.8,False,True,False
node/3016600599,14,199.8,66.8,False,True,False
node/3019007373,14,199.8,66.8,True,False,False
node/3019007375,14,199.8,66.8,False,True,False
node/3019007376,14,199.8,66.8,False,False,True
node/3019007377,14,199.8,66.8,False,False,True
node/3019037302,14,199.8,66.8,True,False,False
node/3019037303,14,199.8,66.8,False,False,True
node/3019037304,14,199.8,66.8,False,False,True
node/3020888382,14,199.8,66.8,False,False,True
node/3021854035,14,199.8,66.8,False,False,True
node/3021854038,14,199.8,66.8,False,False,True
node/3022882348,14,199.8,66.8,False,False,True
node/3022882349,14,199.8,66.8,False,True,False
node/3028081934,14,199.8,66.8,False,False,True
node/3028366657,14,199.8,66.8,False,True,False
node/3035842803,14,199.8,66.8,False,False,True
node/3036649482,14,199.8,66.8,False,True,False
node/3036649483,14,199.8,66.8,False,True,False
node/3036649484,14,199.8,66.8,False,True,False
node/3036649485,14,199.8,66.8,False,True,False
node/3036649486,14,199.8,66.8,False,True,False
node/3036649487,14,199.8,66.8,False,True,False
node/3036666259,14,199.8,66.8,False,False,True
node/3041929151,14,199.8,66.8,False,False,True
node/3041929152,14,199.8,66.8,False,False,True
node/3041929155,14,199.8,66.8,False,False,True
node/3050921307,14,199.8,66.8,False,False,True
node/3050921308,14,199.8,66.8,False,False,True
node/3059689204,14,199.8,66.8,False,True,False
node/3059793358,14,199.8,66.8,False,False,True
node/3096115845,14,199.8,66.8,False,False,True
node/3106096237,14,199.8,66.8,False,False,True
node/3115184429,14,199.8,66.8,False,True,False
node/3127491126,14,199.8,66.8,False,False,True
node/3139739588,14,199.8,66.8,False,False,True
node/3149270079,14,199.8,66.8,False,True,False
node/3152346117,14,199.8,66.8,False,False,True
node/3178775169,14,199.8,66.8,False,False,True
node/3178775170,14,199.8,66.8,False,False,True
node/3178775173,14,199.8,66.8,False,False,True
node/3178775174,14,199.8,66.8,False,False,True
node/3200725396,14,199.8,66.8,False,False,True
node/3224062590,14,199.8,66.8,False,False,True
node/3224062593,14,199.8,66.8,False,False,True
node/3224062596,14,199.8,66.8,False,False,True
node/3236536366,14,199.8,66.8,False,False,True
node/3236536367,14,199.8,66.8,False,False,True
node/3254078124,14,199.8,66.8,False,True,False
node/3254078125,14,199.8,66.8,False,True,False
node/3263986607,14,199.8,66.8,False,False,True
node/3309932310,14,199.8,66.8,False,False,True
node/3312832841,14,199.8,66.8,False,False,True
node/3338613447,14,199.8,66.8,False,False,True
node/3341528120,14,199.8,66.8,False,False,True
node/3348364710,14,199.8,66.8,False,False,True
node/3348364711,14,199.8,66.8,False,True,False
node/3362155108,14,199.8,66.8,False,True,False
node/3370698715,14,199.8,66.8,False,True,False
node/3371795958,14,199.8,66.8,False,True,False
node/3371795959,14,199.8,66.8,False,True,False
node/3372962161,14,199.8,66.8,False,True,False
node/3373060056,14,199.8,66.8,False,True,False
node/3373440443,14,199.8,66.8,False,True,False
node/3376598376,14,199.8,66.8,False,True,False
node/3377118662,14,199.8,66.8,False,True,False
node/3378110325,14,199.8,66.8,False,True,False
node/3378447632,14,199.8,66.8,False,True,False
node/3387897732,14,199.8,66.8,True,True,False
node/3410546250,14,199.8,66.8,False,True,False
node/3425093493,14,199.8,66.8,False,True,False
node/3425093495,14,199.8,66.8,False,True,False
node/3429335811,14,199.8,66.8,False,True,False
node/3458303207,14,199.8,66.8,False,False,True
node/3458303213,14,199.8,66.8,False,False,True
node/3458303214,14,199.8,66.8,False,False,True
node/3458303223,14,199.8,66.8,False,False,True
node/3458303224,14,199.8,66.8,False,False,True
node/3458303225,14,199.8,66.8,False,False,True
node/3458303227,14,199.8,66.8,False,False,True
node/3458303232,14,199.8,66.8,False,False,True
node/3501065010,14,199.8,66.8,False,True,False
node/3501065011,14,199.8,66.8,False,True,False
node/3612316539,14,199.8,66.8,False,True,False
node/3624945317,14,199.8,66.8,False,False,True
node/3628864690,14,199.8,66.8,False,False,True
node/3701299048,14,199.8,66.8,False,False,True
node/3702639733,14,199.8,66.8,False,False,True
node/3704614993,14,199.8,66.8,False,False,True
node/3704614998,14,199.8,66.8,False,False,True
node/3707878984,14,199.8,66.8,False,True,False
node/3707878986,14,199.8,66.8,False,True,False
node/3709071960,14,199.8,66.8,False,True,False
node/3716873809,14,199.8,66.8,False,True,False
node/3716873810,14,199.8,66.8,False,False,True
node/3717587927,14,199.8,66.8,False,False,True
node/3717587929,14,199.8,66.8,False,False,True
node/3717587931,14,199.8,66.8,True,False,False
node/3717587934,14,199.8,66.8,False,False,True
node/3720096881,14,199.8,66.8,False,True,False
node/3720096914,14,199.8,66.8,False,True,False
node/3720303412,14,199.8,66.8,False,True,False
node/3720303418,14,199.8,66.8,False,True,False
node/3731257157,14,199.8,66.8,False,False,True
node/3752972249,14,199.8,66.8,False,False,True
node/3752972250,14,199.8,66.8,False,False,True
node/3753012028,14,199.8,66.8,False,False,True
node/3758949027,14,199.8,66.8,False,False,True
node/3758949054,14,199.8,66.8,False,False,True
node/3758949055,14,199.8,66.8,False,False,True
node/3758949367,14,199.8,66.8,False,True,False
node/3758949375,14,199.8,66.8,False,False,True
node/3758949387,14,199.8,66.8,False,True,False
node/3758958225,14,199.8,66.8,False,True,False
node/3759179957,14,199.8,66.8,False,True,False
node/3759179960,14,199.8,66.8,False,False,True
node/3773487102,14,199.8,66.8,False,True,False
node/3773487103,14,199.8,66.8,False,False,True
node/3773574431,14,199.8,66.8,False,False,True
node/3773574434,14,199.8,66.8,False,True,False
node/3773574435,14,199.8,66.8,False,False,True
node/3773574436,14,199.8,66.8,False,False,True
node/3775316414,14,199.8,66.8,False,False,True
node/3775316417,14,199.8,66.8,False,False,True
node/3778783745,14,199.8,66.8,False,True,False
node/3778783746,14,199.8,66.8,False,True,False
node/3778783749,14,199.8,66.8,False,False,True
node/3778783750,14,199.8,66.8,False,True,False
node/3778783752,14,199.8,66.8,False,False,True
node/3778783755,14,199.8,66.8,False,False,True
node/3778790463,14,199.8,66.8,False,False,True
node/3778790466,14,199.8,66.8,False,True,False
node/3779600228,14,199.8,66.8,False,True,False
node/3780381641,14,199.8,66.8,True,True,False
node/3780381642,14,199.8,66.8,False,True,False
node/3780581690,14,199.8,66.8,True,False,False
node/3780582515,14,199.8,66.8,False,False,True
node/3780584592,14,199.8,66.8,False,False,True
node/3780909786,14,199.8,66.8,False,False,True
node/3782055701,14,199.8,66.8,False,False,True
node/3782496411,14,199.8,66.8,False,False,True
node/3782654737,14,199.8,66.8,False,True,False
node/3782677184,14,199.8,66.8,False,False,True
node/3782677223,14,199.8,66.8,False,False,True
node/3782677644,14,199.8,66.8,False,False,True
node/3782682702,14,199.8,66.8,False,False,True
node/3782682703,14,199.8,66.8,False,False,True
node/3783192571,14,199.8,66.8,False,False,True
node/3783192572,14,199.8,66.8,False,False,True
node/3785016551,14,199.8,66.8,False,True,False
node/3785016552,14,199.8,66.8,False,False,True
node/3785016555,14,199.8,66.8,False,True,False
node/3785018498,14,199.8,66.8,False,True,False
node/3785026057,14,199.8,66.8,False,True,False
node/3785026064,14,199.8,66.8,False,False,True
node/3785026066,14,199.8,66.8,False,True,False
node/3785026070,14,199.8,66.8,False,False,True
node/3785026074,14,199.8,66.8,False,False,True
node/3785026083,14,199.8,66.8,False,True,False
node/3785026084,14,199.8,66.8,False,True,False
node/3785026086,14,199.8,66.8,False,False,True
node/3785190648,14,199.8,66.8,False,False,True
node/3785436827,14,199.8,66.8,True,True,False
node/3786057232,14,199.8,66.8,False,True,False
node/3786057238,14,199.8,66.8,False,True,False
node/3786057240,14,199.8,66.8,False,True,False
node/3786067896,14,199.8,66.8,False,False,True
node/3786067901,14,199.8,66.8,False,False,True
node/3786067902,14,199.8,66.8,False,False,True
node/3786072201,14,199.8,66.8,False,False,True
node/3786072202,14,199.8,66.8,True,False,False
node/3786072203,14,199.8,66.8,False,False,True
node/3786087263,14,199.8,66.8,False,True,False
node/3786087265,14,199.8,66.8,False,True,False
node/3786087266,14,199.8,66.8,False,True,False
node/3786087267,14,199.8,66.8,True,True,False
node/3786087268,14,199.8,66.8,False,True,False
node/3786087273,14,199.8,66.8,False,True,False
node/3786651044,14,199.8,66.8,False,False,True
node/3786669546,14,199.8,66.8,False,True,False
node/3786669547,14,199.8,66.8,False,True,False
node/3786669548,14,199.8,66.8,False,False,True
node/3786669549,14,199.8,66.8,False,True,False
node/3786719323,14,199.8,66.8,False,False,True
node/3786719325,14,199.8,66.8,False,True,False
node/3786719326,14,199.8,66.8,False,False,True
node/3787404038,14,199.8,66.8,False,True,False
node/3787404039,14,199.8,66.8,False,True,False
node/3787404041,14,199.8,66.8,False,False,True
node/3787404043,14,199.8,66.8,False,False,True
node/3787404046,14,199.8,66.8,False,False,True
node/3787404047,14,199.8,66.8,False,True,False
node/3787492257,14,199.8,66.8,False,False,True
node/3787492261,14,199.8,66.8,False,False,True
node/3787492263,14,199.8,66.8,False,True,False
node/3787515583,14,199.8,66.8,False,False,True
node/3787515590,14,199.8,66.8,False,False,True
node/3787561579,14,199.8,66.8,False,False,True
node/3787561580,14,199.8,66.8,False,False,True
node/3787561581,14,199.8,66.8,False,False,True
node/3787613716,14,199.8,66.8,False,True,False
node/3787613717,14,199.8,66.8,False,True,False
node/3787665759,14,199.8,66.8,False,True,False
node/3787665768,14,199.8,66.8,False,True,False
node/3787901073,14,199.8,66.8,False,False,True
node/3788667384,14,199.8,66.8,False,True,False
node/3788722359,14,199.8,66.8,False,False,True
node/3788722361,14,199.8,66.8,False,False,True
node/3788722362,14,199.8,66.8,False,True,False
node/3788722363,14,199.8,66.8,False,False,True
node/3788722365,14,199.8,66.8,False,False,True
node/3788722366,14,199.8,66.8,False,True,False
node/3788722367,14,199.8,66.8,False,False,True
node/3788722368,14,199.8,66.8,False,False,True
node/3789567789,14,199.8,66.8,False,True,False
node/3789624734,14,199.8,66.8,False,True,False
node/3789624735,14,199.8,66.8,False,True,False
node/3789624736,14,199.8,66.8,False,True,False
node/3789624737,14,199.8,66.8,False,True,False
node/3789624738,14,199.8,66.8,False,True,False
node/3789624740,14,199.8,66.8,False,True,False
node/3789624741,14,199.8,66.8,False,True,False
node/3789624742,14,199.8,66.8,False,False,True
node/3790545075,14,199.8,66.8,False,False,True
node/3790545076,14,199.8,66.8,False,False,True
node/3790545077,14,199.8,66.8,False,True,False
node/3790545078,14,199.8,66.8,False,True,False
node/3790545079,14,199.8,66.8,False,True,False
node/3790545080,14,199.8,66.8,False,False,True
node/3790545081,14,199.8,66.8,False,False,True
node/3790545083,14,199.8,66.8,False,False,True
node/3790545084,14,199.8,66.8,False,True,False
node/3790545085,14,199.8,66.8,False,False,True
node/3790545086,14,199.8,66.8,False,False,True
node/3790547698,14,199.8,66.8,False,False,True
node/3790779433,14,199.8,66.8,False,True,False
node/3790779435,14,199.8,66.8,False,True,False
node/3790779441,14,199.8,66.8,False,True,False
node/3790779442,14,199.8,66.8,False,True,False
node/3790779444,14,199.8,66.8,False,True,False
node/3790779446,14,199.8,66.8,False,True,False
node/3790779447,14,199.8,66.8,False,True,False
node/3790779449,14,199.8,66.8,False,True,False
node/3790779450,14,199.8,66.8,False,True,False
node/3790779451,14,199.8,66.8,False,True,False
node/3791785050,14,199.8,66.8,False,True,False
node/3806894854,14,199.8,66.8,True,False,False
node/3806894856,14,199.8,66.8,False,True,False
node/3806895657,14,199.8,66.8,False,False,True
node/3808056722,14,199.8,66.8,False,False,True
node/3808056723,14,199.8,66.8,False,False,True
node/3808100251,14,199.8,66.8,False,False,True
node/3808366787,14,199.8,66.8,False,True,False
node/3808366789,14,199.8,66.8,False,True,False
node/3808366793,14,199.8,66.8,False,True,False
node/3808366795,14,199.8,66.8,False,True,False
node/3808366796,14,199.8,66.8,False,False,True
node/3808544749,14,199.8,66.8,False,True,False
node/3808544750,14,199.8,66.8,False,True,False
node/3808544751,14,199.8,66.8,False,True,False
node/3808544752,14,199.8,66.8,False,True,False
node/3808544753,14,199.8,66.8,False,True,False
node/3808544754,14,199.8,66.8,False,True,False
node/3808544755,14,199.8,66.8,False,True,False
node/3808554257,14,199.8,66.8,False,False,True
node/3823152620,14,199.8,66.8,False,True,False
node/3823152623,14,199.8,66.8,False,True,False
node/3823152631,14,199.8,66.8,False,True,False
node/3823152636,14,199.8,66.8,False,True,False
node/3823152653,14,199.8,66.8,False,True,False
node/3823152760,14,199.8,66.8,False,True,False
node/3823152762,14,199.8,66.8,False,True,False
node/3823152789,14,199.8,66.8,False,True,False
node/3825603158,14,199.8,66.8,False,False,True
node/3886301889,14,199.8,66.8,False,False,True
node/3893104707,14,199.8,66.8,False,False,True
node/3898715839,14,199.8,66.8,False,False,True
node/3984824935,14,199.8,66.8,True,False,False
node/3988010391,14,199.8,66.8,False,True,False
node/4041812652,14,199.8,66.8,False,False,True
node/4041812653,14,199.8,66.8,False,False,True
node/4041812654,14,199.8,66.8,False,False,True
node/4041812885,14,199.8,66.8,False,True,False
node/4041812886,14,199.8,66.8,False,False,True
node/4080244174,14,199.8,66.8,False,False,True
node/4092138538,14,199.8,66.8,False,False,True
node/4092140237,14,199.8,66.8,False,True,False
node/4092140238,14,199.8,66.8,False,False,True
node/4092142657,14,199.8,66.8,False,True,False
node/4092142658,14,199.8,66.8,False,True,False
node/4092143105,14,199.8,66.8,False,False,True
node/4098009012,14,199.8,66.8,False,True,False
node/4112825570,14,199.8,66.8,True,True,False
node/4142388098,14,199.8,66.8,False,False,True
node/4142388099,14,199.8,66.8,False,False,True
node/4142393672,14,199.8,66.8,False,True,False
node/4171387732,14,199.8,66.8,True,False,False
node/4193106133,14,199.8,66.8,False,False,True
node/4193136328,14,199.8,66.8,False,False,True
node/4193136330,14,199.8,66.8,False,False,True
node/4193136331,14,199.8,66.8,False,False,True
node/4193143533,14,199.8,66.8,False,False,True
node/4193161889,14,199.8,66.8,True,False,False
node/4193161890,14,199.8,66.8,False,False,True
node/4193179568,14,199.8,66.8,False,False,True
node/4193188215,14,199.8,66.8,False,True,False
node/4193208464,14,199.8,66.8,False,False,True
node/4193208465,14,199.8,66.8,False,False,True
node/4193215078,14,199.8,66.8,False,False,True
node/4193215079,14,199.8,66.8,False,True,False
node/4193216816,14,199.8,66.8,False,True,False
node/4194146586,14,199.8,66.8,False,False,True
node/4194146587,14,199.8,66.8,False,True,False
node/4194146588,14,199.8,66.8,False,False,True
node/4194150189,14,199.8,66.8,False,True,False
node/4194150190,14,199.8,66.8,False,False,True
node/4194156248,14,199.8,66.8,False,False,True
node/4194156249,14,199.8,66.8,False,True,False
node/4194167377,14,199.8,66.8,False,False,True
node/4194167378,14,199.8,66.8,True,False,False
node/4194172133,14,199.8,66.8,True,True,False
node/4194972032,14,199.8,66.8,False,False,True
node/4194981100,14,199.8,66.8,False,True,False
node/4194998394,14,199.8,66.8,False,True,False
node/4195580734,14,199.8,66.8,False,False,True
node/4195580735,14,199.8,66.8,False,False,True
node/4195580736,14,199.8,66.8,False,False,True
node/4195580737,14,199.8,66.8,False,False,True
node/4195580738,14,199.8,66.8,False,True,False
node/4195587789,14,199.8,66.8,False,False,True
node/4195587790,14,199.8,66.8,False,True,False
node/4210787008,14,199.8,66.8,True,False,False
node/4215676309,14,199.8,66.8,False,False,True
node/4239035808,14,199.8,66.8,False,False,True
node/4239035809,14,199.8,66.8,True,False,False
node/4239035810,14,199.8,66.8,False,True,False
node/4239035811,14,199.8,66.8,False,False,True
node/4242926832,14,199.8,66.8,False,False,True
node/4243522528,14,199.8,66.8,True,True,False
node/4252333548,14,199.8,66.8,False,False,True
node/4252333549,14,199.8,66.8,False,False,True
node/4252333550,14,199.8,66.8,False,False,True
node/4252360817,14,199.8,66.8,False,False,True
node/4252360818,14,199.8,66.8,False,False,True
node/4253445390,14,199.8,66.8,False,False,True
node/4337326010,14,199.8,66.8,False,False,True
node/4337326011,14,199.8,66.8,False,False,True
node/4339591470,14,199.8,66.8,False,False,True
node/4355937750,14,199.8,66.8,False,False,True
node/4362472195,14,199.8,66.8,False,True,False
node/4374347653,14,199.8,66.8,False,True,False
node/4374788663,14,199.8,66.8,False,False,True
node/4386308014,14,199.8,66.8,False,False,True
node/4424654969,14,199.8,66.8,False,False,True
node/4424657665,14,199.8,66.8,False,False,True
node/4424657666,14,199.8,66.8,False,True,False
node/4425378039,14,199.8,66.8,False,False,True
node/4426436695,14,199.8,66.8,False,True,False
node/4426442193,14,199.8,66.8,False,False,True
node/4426482290,14,199.8,66.8,True,False,False
node/4456582562,14,199.8,66.8,False,True,False
node/4456582565,14,199.8,66.8,False,True,False
node/4473561091,14,199.8,66.8,False,False,True
node/4473769189,14,199.8,66.8,False,False,True
node/4487292403,14,199.8,66.8,False,False,True
node/4487343173,14,199.8,66.8,False,True,False
node/4487343174,14,199.8,66.8,False,True,False
node/4487344995,14,199.8,66.8,False,True,False
node/4487344996,14,199.8,66.8,False,True,False
node/4487346505,14,199.8,66.8,False,True,False
node/4487346506,14,199.8,66.8,False,True,False
node/4487347141,14,199.8,66.8,False,True,False
node/4487347142,14,199.8,66.8,False,True,False
node/4487348056,14,199.8,66.8,False,True,False
node/4487348057,14,199.8,66.8,False,True,False
node/4487350518,14,199.8,66.8,False,True,False
node/4487351146,14,199.8,66.8,False,True,False
node/4487353302,14,199.8,66.8,False,False,True
node/4487358726,14,199.8,66.8,False,True,False
node/4487367446,14,199.8,66.8,False,False,True
node/4487419608,14,199.8,66.8,False,False,True
node/4487419769,14,199.8,66.8,False,True,False
node/4487472020,14,199.8,66.8,False,False,True
node/4487478836,14,199.8,66.8,False,True,False
node/4512720078,14,199.8,66.8,False,True,False
node/4524796538,14,199.8,66.8,False,False,True
node/4540215835,14,199.8,66.8,False,False,True
node/4551348007,14,199.8,66.8,False,False,True
node/4553717072,14,199.8,66.8,False,False,True
node/4560348361,14,199.8,66.8,False,True,False
node/4560348362,14,199.8,66.8,False,True,False
node/4560348363,14,199.8,66.8,False,True,False
node/4560348364,14,199.8,66.8,False,True,False
node/4560348365,14,199.8,66.8,False,True,False
node/4560348366,14,199.8,66.8,False,True,False
node/4560348367,14,199.8,66.8,True,False,False
node/4560348368,14,199.8,66.8,True,False,False
node/4568359909,14,199.8,66.8,False,False,True
node/4568362314,14,199.8,66.8,False,False,True
node/4570534699,14,199.8,66.8,True,False,False
node/4608459918,14,199.8,66.8,False,True,False
node/4608531377,14,199.8,66.8,False,False,True
node/4621725801,14,199.8,66.8,False,False,True
node/4654764836,14,199.8,66.8,True,False,False
node/4662947772,14,199.8,66.8,False,True,False
node/4697111064,14,199.8,66.8,False,False,True
node/4843517235,14,199.8,66.8,False,False,True
node/4843517239,14,199.8,66.8,False,False,True
node/4843767716,14,199.8,66.8,False,False,True
node/4863923321,14,199.8,66.8,False,False,True
node/4889206188,14,199.8,66.8,False,False,True
node/4889206189,14,199.8,66.8,False,False,True
node/4889234645,14,199.8,66.8,True,False,False
node/4889234647,14,199.8,66.8,False,True,False
node/4889234648,14,199.8,66.8,False,True,False
node/4889403490,14,199.8,66.8,False,False,True
node/4889403492,14,199.8,66.8,False,True,False
node/4889403494,14,199.8,66.8,False,True,False
node/4889403500,14,199.8,66.8,False,True,False
node/4889473571,14,199.8,66.8,False,False,True
node/4889473572,14,199.8,66.8,False,False,True
node/4889473573,14,199.8,66.8,False,False,True
node/4889473577,14,199.8,66.8,False,False,True
node/4889473581,14,199.8,66.8,False,True,False
node/4889473587,14,199.8,66.8,False,False,True
node/4889473588,14,199.8,66.8,False,True,False
node/4889473589,14,199.8,66.8,True,False,False
node/4889473590,14,199.8,66.8,True,True,False
node/4889473592,14,199.8,66.8,False,True,False
node/4889662234,14,199.8,66.8,False,False,True
node/4889662235,14,199.8,66.8,False,False,True
node/4889662237,14,199.8,66.8,False,False,True
node/4889789447,14,199.8,66.8,False,True,False
node/4889789453,14,199.8,66.8,False,False,True
node/4889789454,14,199.8,66.8,True,False,False
node/4889789455,14,199.8,66.8,False,False,True
node/4889789456,14,199.8,66.8,False,True,False
node/4889789487,14,199.8,66.8,False,False,True
node/4889789488,14,199.8,66.8,False,False,True
node/4889789494,14,199.8,66.8,False,False,True
node/4889789495,14,199.8,66.8,True,False,False
node/4889919233,14,199.8,66.8,False,False,True
node/4889919251,14,199.8,66.8,False,False,True
node/4889919253,14,199.8,66.8,False,True,False
node/4889919298,14,199.8,66.8,False,True,False
node/4889919299,14,199.8,66.8,False,True,False
node/4889919300,14,199.8,66.8,False,True,False
node/4890108670,14,199.8,66.8,False,True,False
node/4890108683,14,199.8,66.8,False,True,False
node/4891272623,14,199.8,66.8,True,True,False
node/4891272633,14,199.8,66.8,False,False,True
node/4891272634,14,199.8,66.8,False,True,False
node/4893995307,14,199.8,66.8,True,False,False
node/4898290186,14,199.8,66.8,False,False,True
node/4898290194,14,199.8,66.8,False,True,False
node/4898290203,14,199.8,66.8,False,True,False
node/4899160641,14,199.8,66.8,False,False,True
node/4899160645,14,199.8,66.8,False,False,True
node/4899160672,14,199.8,66.8,False,True,False
node/4899160693,14,199.8,66.8,False,True,False
node/4903310230,14,199.8,66.8,False,True,False
node/4903310233,14,199.8,66.8,False,True,False
node/4903310235,14,199.8,66.8,False,False,True
node/4903310236,14,199.8,66.8,False,True,False
node/4903310237,14,199.8,66.8,True,True,False
node/4903310239,14,199.8,66.8,False,True,False
node/4903310240,14,199.8,66.8,True,True,False
node/4992102606,14,199.8,66.8,False,True,False
node/5026213522,14,199.8,66.8,False,False,True
node/5064259820,14,199.8,66.8,False,False,True
node/5081364232,14,199.8,66.8,False,False,True
node/5081364233,14,199.8,66.8,False,False,True
node/5081364236,14,199.8,66.8,False,False,True
node/5081364237,14,199.8,66.8,False,False,True
node/5081364239,14,199.8,66.8,False,False,True
node/5081364240,14,199.8,66.8,False,False,True
node/5081364241,14,199.8,66.8,False,False,True
node/5081364242,14,199.8,66.8,False,False,True
node/5081364243,14,199.8,66.8,False,False,True
node/5081364244,14,199.8,66.8,False,False,True
node/5081379378,14,199.8,66.8,False,False,True
node/5081379380,14,199.8,66.8,False,False,True
node/5111433087,14,199.8,66.8,False,True,False
node/5111687993,14,199.8,66.8,False,True,False
node/5216559622,14,199.8,66.8,True,False,False
node/5316455423,14,199.8,66.8,False,False,True
node/5316455424,14,199.8,66.8,False,False,True
node/5316455426,14,199.8,66.8,False,True,False
node/5316455427,14,199.8,66.8,False,True,False
node/5316455428,14,199.8,66.8,False,False,True
node/5316484435,14,199.8,66.8,False,False,True
node/5316484436,14,199.8,66.8,False,False,True
node/5316484437,14,199.8,66.8,False,False,True
node/5316484438,14,199.8,66.8,False,False,True
node/5316484439,14,199.8,66.8,False,False,True
node/5368403844,14,199.8,66.8,False,True,False
node/5368403855,14,199.8,66.8,False,True,False
node/5368438797,14,199.8,66.8,False,True,False
node/5368438799,14,199.8,66.8,False,True,False
node/5403073723,14,199.8,66.8,False,False,True
node/5418905623,14,199.8,66.8,False,True,False
node/5462381426,14,199.8,66.8,False,True,False
node/5527705621,14,199.8,66.8,False,False,True
node/5593411954,14,199.8,66.8,False,False,True
node/5678403949,14,199.8,66.8,False,False,True
node/5743615987,14,199.8,66.8,False,False,True
node/5796551026,14,199.8,66.8,False,False,True
node/5996557765,14,199.8,66.8,False,False,True
node/6004558476,14,199.8,66.8,False,False,True
node/6004558478,14,199.8,66.8,False,False,True
node/6004558480,14,199.8,66.8,False,False,True
node/6004558481,14,199.8,66.8,False,False,True
node/6004558482,14,199.8,66.8,False,False,True
node/6090069009,14,199.8,66.8,False,True,False
node/6296219968,14,199.8,66.8,False,False,True
node/6296219969,14,199.8,66.8,False,False,True
node/6349597364,14,199.8,66.8,False,False,True
node/6351757089,14,199.8,66.8,False,False,True
node/6363762843,14,199.8,66.8,False,True,False
node/6753442263,14,199.8,66.8,False,True,False
node/6812085822,14,199.8,66.8,False,True,False
node/6988405352,14,199.8,66.8,False,False,True
node/6988405353,14,199.8,66.8,False,False,True
node/6988405354,14,199.8,66.8,False,False,True
node/6988405355,14,199.8,66.8,False,False,True
node/6988405357,14,199.8,66.8,False,False,True
node/6988405359,14,199.8,66.8,False,True,False
node/6988568582,14,199.8,66.8,False,False,True
node/6988568583,14,199.8,66.8,False,True,False
node/6988568584,14,199.8,66.8,False,False,True
node/6988569285,14,199.8,66.8,False,False,True
node/6988569286,14,199.8,66.8,True,False,False
node/7117392386,14,199.8,66.8,False,False,True
node/7221409716,14,199.8,66.8,False,False,True
node/7523062100,14,199.8,66.8,False,True,False
node/8138571319,14,199.8,66.8,False,True,False
node/8397306827,14,199.8,66.8,False,True,False
node/8404480139,14,199.8,66.8,True,False,False
node/8404480140,14,199.8,66.8,False,True,False
node/8500711611,14,199.8,66.8,False,True,False
node/8615074676,14,199.8,66.8,False,False,True
node/8712721886,14,199.8,66.8,False,False,True
node/8712721888,14,199.8,66.8,False,False,True
node/8712721890,14,199.8,66.8,False,False,True
node/8712721892,14,199.8,66.8,False,False,True
node/8712721894,14,199.8,66.8,False,False,True
node/8712721901,14,199.8,66.8,False,False,True
node/8718907948,14,199.8,66.8,False,True,False
node/8718907950,14,199.8,66.8,False,True,False
node/8754224147,14,199.8,66.8,False,False,True
node/8754224150,14,199.8,66.8,False,False,True
node/9021294461,14,199.8,66.8,False,False,True
node/9022370340,14,199.8,66.8,False,False,True
node/9022370341,14,199.8,66.8,False,False,True
node/9031432377,14,199.8,66.8,False,True,False
node/9248045252,14,199.8,66.8,False,True,False
node/9248045256,14,199.8,66.8,False,False,True
node/9250830301,14,199.8,66.8,False,False,True
node/9250830304,14,199.8,66.8,False,False,True
node/9296818002,14,199.8,66.8,False,False,True
node/9353402328,14,199.8,66.8,False,True,False
node/9424085228,14,199.8,66.8,False,False,True
node/9424085231,14,199.8,66.8,False,True,False
node/9424085236,14,199.8,66.8,False,False,True
node/9424085238,14,199.8,66.8,False,False,True
node/9424085240,14,199.8,66.8,False,False,True
node/9424085242,14,199.8,66.8,False,True,False
node/9426374619,14,199.8,66.8,False,False,True
node/9426374621,14,199.8,66.8,False,False,True
node/9426374626,14,199.8,66.8,False,True,False
node/9426374629,14,199.8,66.8,False,False,True
node/9436677648,14,199.8,66.8,False,False,True
node/9436677650,14,199.8,66.8,False,False,True
node/9436677652,14,199.8,66.8,False,False,True
node/9436677658,14,199.8,66.8,False,False,True
node/9436677660,14,199.8,66.8,False,False,True
node/9436677664,14,199.8,66.8,False,False,True
node/9436677666,14,199.8,66.8,False,False,True
node/9436677668,14,199.8,66.8,False,False,True
node/9436677673,14,199.8,66.8,False,False,True
node/9436677675,14,199.8,66.8,False,True,False
node/9455340734,14,199.8,66.8,False,True,False
node/9455340735,14,199.8,66.8,False,True,False
node/9455340736,14,199.8,66.8,False,False,True
node/9455340737,14,199.8,66.8,False,True,False
node/9457632139,14,199.8,66.8,False,True,False
node/9458578380,14,199.8,66.8,False,True,False
node/9471105464,14,199.8,66.8,False,True,False
node/9471105465,14,199.8,66.8,False,True,False
node/9471270836,14,199.8,66.8,False,True,False
node/9471611824,14,199.8,66.8,False,True,False
node/9471611825,14,199.8,66.8,False,True,False
node/9471611827,14,199.8,66.8,False,True,False
node/9471611828,14,199.8,66.8,False,True,False
node/9471611829,14,199.8,66.8,False,True,False
node/9471611830,14,199.8,66.8,False,True,False
node/9471840470,14,199.8,66.8,False,True,False
node/9471840471,14,199.8,66.8,False,False,True
node/9471915759,14,199.8,66.8,False,True,False
node/9471915760,14,199.8,66.8,False,False,True
node/9471915761,14,199.8,66.8,False,True,False
node/9471915763,14,199.8,66.8,False,True,False
node/9471915764,14,199.8,66.8,False,True,False
node/9472043398,14,199.8,66.8,False,True,False
node/9474161479,14,199.8,66.8,False,False,True
node/9474161480,14,199.8,66.8,False,True,False
node/9474161481,14,199.8,66.8,False,True,False
node/9474161482,14,199.8,66.8,False,True,False
node/9474161483,14,199.8,66.8,False,True,False
node/9474161484,14,199.8,66.8,False,True,False
node/9474161485,14,199.8,66.8,False,True,False
node/9474161486,14,199.8,66.8,False,True,False
node/9474161487,14,199.8,66.8,False,True,False
node/9474161488,14,199.8,66.8,False,True,False
node/9474161489,14,199.8,66.8,False,True,False
node/9474161490,14,199.8,66.8,False,True,False
node/9474161491,14,199.8,66.8,False,False,True
node/9474255789,14,199.8,66.8,False,True,False
node/9483807053,14,199.8,66.8,False,False,True
node/9486912224,14,199.8,66.8,False,True,False
node/9486912225,14,199.8,66.8,False,True,False
node/9486912226,14,199.8,66.8,False,True,False
node/9487060567,14,199.8,66.8,False,False,True
node/9487060568,14,199.8,66.8,True,True,False
node/9487060569,14,199.8,66.8,False,True,False
node/9487060570,14,199.8,66.8,False,True,False
node/9487060571,14,199.8,66.8,False,True,False
node/9487060572,14,199.8,66.8,False,True,False
node/9487060573,14,199.8,66.8,False,False,True
node/9487060574,14,199.8,66.8,False,True,False
node/9487060575,14,199.8,66.8,False,True,False
node/9487060576,14,199.8,66.8,True,True,False
node/9489106792,14,199.8,66.8,False,False,True
node/9489394997,14,199.8,66.8,False,False,True
node/9489394998,14,199.8,66.8,False,True,False
node/9489394999,14,199.8,66.8,False,True,False
node/9489395000,14,199.8,66.8,False,True,False
node/9489395001,14,199.8,66.8,False,True,False
node/9489395002,14,199.8,66.8,False,True,False
node/9489395005,14,199.8,66.8,False,True,False
node/9489395007,14,199.8,66.8,False,True,False
node/9489395008,14,199.8,66.8,False,True,False
node/9489395009,14,199.8,66.8,False,True,False
node/9489395010,14,199.8,66.8,False,True,False
node/9489395011,14,199.8,66.8,False,True,False
node/9489395013,14,199.8,66.8,False,True,False
node/9489395014,14,199.8,66.8,False,False,True
node/9489395015,14,199.8,66.8,False,False,True
node/9489395016,14,199.8,66.8,False,True,False
node/9490704152,14,199.8,66.8,False,False,True
node/9491868997,14,199.8,66.8,False,True,False
node/9497948304,14,199.8,66.8,False,False,True
node/9498129791,14,199.8,66.8,False,False,True
node/9498129793,14,199.8,66.8,False,True,False
node/9525581152,14,199.8,66.8,False,True,False
node/9525601821,14,199.8,66.8,False,True,False
node/9525670315,14,199.8,66.8,False,False,True
node/9545043130,14,199.8,66.8,False,True,False
node/9545067603,14,199.8,66.8,False,True,False
node/9565757000,14,199.8,66.8,False,False,True
node/9611795082,14,199.8,66.8,False,False,True
node/9626862549,14,199.8,66.8,False,True,False
node/9626869393,14,199.8,66.8,False,True,False
node/9626869394,14,199.8,66.8,False,False,True
node/9626869395,14,199.8,66.8,False,True,False
node/9626930589,14,199.8,66.8,False,True,False
node/9626942260,14,199.8,66.8,False,True,False
node/9626942263,14,199.8,66.8,False,True,False
node/9628627535,14,199.8,66.8,False,False,True
node/9628627536,14,199.8,66.8,False,True,False
node/9628627537,14,199.8,66.8,False,True,False
node/9628627538,14,199.8,66.8,False,True,False
node/9649426472,14,199.8,66.8,False,True,False
node/9649426473,14,199.8,66.8,False,True,False
node/9649426474,14,199.8,66.8,False,True,False
node/9649426475,14,199.8,66.8,False,False,True
node/9649543534,14,199.8,66.8,False,True,False
node/9649543535,14,199.8,66.8,False,True,False
node/9649543536,14,199.8,66.8,False,True,False
node/9649543537,14,199.8,66.8,True,False,False
node/9649543538,14,199.8,66.8,False,False,True
node/9649543539,14,199.8,66.8,False,False,True
node/9649543540,14,199.8,66.8,False,False,True
node/9649543541,14,199.8,66.8,False,False,True
node/9657605909,14,199.8,66.8,False,False,True
node/9738415468,14,199.8,66.8,False,True,False
node/9783507189,14,199.8,66.8,False,False,True
node/9850072032,14,199.8,66.8,False,False,True
node/9888166829,14,199.8,66.8,False,False,True
node/9895185440,14,199.8,66.8,False,True,False
node/9895316684,14,199.8,66.8,False,False,True
node/9901788302,14,199.8,66.8,False,False,True
node/9975298517,14,199.8,66.8,False,False,True
node/9975325597,14,199.8,66.8,False,False,True
node/9975993052,14,199.8,66.8,False,False,True
node/9979439490,14,199.8,66.8,False,False,True
node/9979453966,14,199.8,66.8,False,False,True
node/9979453968,14,199.8,66.8,False,False,True
node/9979889993,14,199.8,66.8,False,False,True
node/9985667275,14,199.8,66.8,False,True,False
node/9986170316,14,199.8,66.8,True,False,False
node/9986175704,14,199.8,66.8,False,False,True
node/9994996600,14,199.8,66.8,False,False,True
node/9995010587,14,199.8,66.8,False,False,True
node/9995012057,14,199.8,66.8,False,False,True
node/10004309776,14,199.8,66.8,False,False,True
node/10004319991,14,199.8,66.8,False,False,True
node/10006171601,14,199.8,66.8,False,True,False
node/10006173918,14,199.8,66.8,False,False,True
node/10006207182,14,199.8,66.8,False,True,False
node/10006452198,14,199.8,66.8,False,False,True
node/10008868525,14,199.8,66.8,False,False,True
node/10008868528,14,199.8,66.8,False,False,True
node/10008889273,14,199.8,66.8,True,False,False
node/10009011030,14,199.8,66.8,False,False,True
node/10009064543,14,199.8,66.8,False,False,True
node/10044383302,14,199.8,66.8,False,False,True
node/10056597632,14,199.8,66.8,False,False,True
node/10103394740,14,199.8,66.8,False,False,True
node/10103394741,14,199.8,66.8,False,False,True
node/10103394742,14,199.8,66.8,False,True,False
node/10175760858,14,199.8,66.8,False,False,True
node/10175900841,14,199.8,66.8,False,False,True
node/10189375756,14,199.8,66.8,False,False,True
node/10199274347,14,199.8,66.8,False,False,True
node/10199887329,14,199.8,66.8,False,True,False
node/10199887330,14,199.8,66.8,False,True,False
node/10204153342,14,199.8,66.8,False,True,False
node/10204153343,14,199.8,66.8,False,True,False
node/10204153345,14,199.8,66.8,False,True,False
node/10207442018,14,199.8,66.8,False,False,True
node/10207442023,14,199.8,66.8,False,False,True
node/10207587794,14,199.8,66.8,False,True,False
node/10207587797,14,199.8,66.8,False,True,False
node/10207587798,14,199.8,66.8,False,False,True
node/10207587803,14,199.8,66.8,False,True,False
node/10207587805,14,199.8,66.8,False,False,True
node/10207587807,14,199.8,66.8,False,False,True
node/10207587809,14,199.8,66.8,False,False,True
node/10207587811,14,199.8,66.8,False,False,True
node/10212096588,14,199.8,66.8,False,False,True
node/10212096590,14,199.8,66.8,False,False,True
node/10212096594,14,199.8,66.8,False,False,True
node/10214454559,14,199.8,66.8,False,False,True
node/10214557894,14,199.8,66.8,False,False,True
node/10214557897,14,199.8,66.8,False,True,False
node/10220186990,14,199.8,66.8,False,True,False
node/10221647123,14,199.8,66.8,False,True,False
node/10221706211,14,199.8,66.8,False,True,False
node/10233145912,14,199.8,66.8,False,True,False
node/10233145916,14,199.8,66.8,False,False,True
node/10233193117,14,199.8,66.8,False,False,True
node/10233193118,14,199.8,66.8,False,False,True
node/10233193119,14,199.8,66.8,False,False,True
node/10246496584,14,199.8,66.8,False,True,False
node/10259286009,14,199.8,66.8,False,False,True
node/10262640853,14,199.8,66.8,False,True,False
node/10267146386,14,199.8,66.8,False,False,True
node/10294911755,14,199.8,66.8,False,False,True
node/10297955289,14,199.8,66.8,False,True,False
node/10298363397,14,199.8,66.8,False,True,False
node/10298363398,14,199.8,66.8,False,True,False
node/10300849766,14,199.8,66.8,False,False,True
node/10302138467,14,199.8,66.8,False,False,True
node/10302140400,14,199.8,66.8,False,True,False
node/10313084094,14,199.8,66.8,False,False,True
node/10550642607,14,199.8,66.8,False,False,True
node/10550695909,14,199.8,66.8,False,False,True
node/10570800426,14,199.8,66.8,False,True,False
node/10572781594,14,199.8,66.8,False,False,True
node/10572819518,14,199.8,66.8,False,False,True
node/10582303877,14,199.8,66.8,False,False,True
node/10582303878,14,199.8,66.8,False,True,False
node/10582303879,14,199.8,66.8,False,False,True
node/10582303880,14,199.8,66.8,False,True,False
node/10582303881,14,199.8,66.8,False,True,False
node/10582303882,14,199.8,66.8,False,True,False
node/10582303883,14,199.8,66.8,False,True,False
node/10587112992,14,199.8,66.8,False,True,False
node/10587112993,14,199.8,66.8,False,True,False
node/10587112994,14,199.8,66.8,False,False,True
node/10589033362,14,199.8,66.8,False,True,False
node/10589033363,14,199.8,66.8,False,True,False
node/10589033364,14,199.8,66.8,False,True,False
node/10589033365,14,199.8,66.8,False,True,False
node/10589132886,14,199.8,66.8,True,False,False
node/10589132887,14,199.8,66.8,True,False,False
node/10589132888,14,199.8,66.8,False,False,True
node/10594645101,14,199.8,66.8,False,True,False
node/10594645102,14,199.8,66.8,False,True,False
node/10596848258,14,199.8,66.8,False,True,False
node/10596848259,14,199.8,66.8,False,True,False
node/10598917409,14,199.8,66.8,False,True,False
node/10601614184,14,199.8,66.8,False,False,True
node/10601614187,14,199.8,66.8,False,False,True
node/10601614188,14,199.8,66.8,False,True,False
node/10601614189,14,199.8,66.8,False,False,True
node/10601614190,14,199.8,66.8,False,False,True
node/10601614191,14,199.8,66.8,False,True,False
node/10601614192,14,199.8,66.8,False,False,True
node/10601614193,14,199.8,66.8,True,False,False
node/10601655681,14,199.8,66.8,False,True,False
node/10644975558,14,199.8,66.8,False,True,False
node/10644975559,14,199.8,66.8,False,True,False
node/10644975560,14,199.8,66.8,False,True,False
node/10644975562,14,199.8,66.8,False,True,False
node/10646561671,14,199.8,66.8,False,False,True
node/10646561672,14,199.8,66.8,False,True,False
node/10652163790,14,199.8,66.8,False,True,False
node/10652163791,14,199.8,66.8,False,False,True
node/10652163792,14,199.8,66.8,False,True,False
node/10669969858,14,199.8,66.8,True,False,False
node/10681358588,14,199.8,66.8,False,True,False
node/10686312725,14,199.8,66.8,False,False,True
node/10686367822,14,199.8,66.8,False,False,True
node/10695062076,14,199.8,66.8,False,False,True
node/10695066052,14,199.8,66.8,False,False,True
node/10700086556,14,199.8,66.8,False,False,True
node/10707344667,14,199.8,66.8,False,False,True
node/10707454078,14,199.8,66.8,False,False,True
node/10716585952,14,199.8,66.8,False,False,True
node/10719056688,14,199.8,66.8,False,False,True
node/10735512681,14,199.8,66.8,False,True,False
node/10737009427,14,199.8,66.8,False,False,True
node/10737066739,14,199.8,66.8,False,False,True
node/10737067372,14,199.8,66.8,False,False,True
node/10737088551,14,199.8,66.8,False,False,True
node/10737241564,14,199.8,66.8,False,False,True
node/10737334789,14,199.8,66.8,False,False,True
node/10745394912,14,199.8,66.8,False,True,False
node/10745394915,14,199.8,66.8,False,True,False
node/10745477593,14,199.8,66.8,True,True,False
node/10746364332,14,199.8,66.8,False,True,False
node/10748907091,14,199.8,66.8,False,True,False
node/10750421773,14,199.8,66.8,False,False,True
node/10750447195,14,199.8,66.8,False,False,True
node/10750477450,14,199.8,66.8,False,False,True
node/10750548873,14,199.8,66.8,False,False,True
node/10750780153,14,199.8,66.8,False,False,True
node/10755995859,14,199.8,66.8,False,True,False
node/10771358655,14,199.8,66.8,False,False,True
node/10776067841,14,199.8,66.8,False,False,True
node/10776067844,14,199.8,66.8,False,False,True
node/10778025660,14,199.8,66.8,False,False,True
node/10778202585,14,199.8,66.8,False,False,True
node/10778202587,14,199.8,66.8,False,False,True
node/10778270047,14,199.8,66.8,False,False,True
node/10778270050,14,199.8,66.8,False,False,True
node/10778270052,14,199.8,66.8,False,False,True
node/10779337539,14,199.8,66.8,False,False,True
node/10788398292,14,199.8,66.8,False,True,False
node/10794950621,14,199.8,66.8,False,True,False
node/10798943982,14,199.8,66.8,False,False,True
node/10822353650,14,199.8,66.8,False,False,True
node/10822353652,14,199.8,66.8,False,False,True
node/10824717317,14,199.8,66.8,False,False,True
node/10824717320,14,199.8,66.8,False,False,True
node/10837089318,14,199.8,66.8,False,False,True
node/10857691408,14,199.8,66.8,False,False,True
node/10860641329,14,199.8,66.8,False,False,True
node/10860641334,14,199.8,66.8,False,True,False
node/10865419978,14,199.8,66.8,False,False,True
node/10873797461,14,199.8,66.8,False,True,False
node/10891354579,14,199.8,66.8,False,False,True
node/10891354591,14,199.8,66.8,False,False,True
node/10899634896,14,199.8,66.8,False,False,True
node/10919471213,14,199.8,66.8,False,False,True
node/10919471215,14,199.8,66.8,False,False,True
node/10926618869,14,199.8,66.8,False,True,False
node/10942429363,14,199.8,66.8,False,True,False
node/10942429365,14,199.8,66.8,False,True,False
node/10949109054,14,199.8,66.8,False,True,False
node/10961887135,14,199.8,66.8,False,False,True
node/10971486940,14,199.8,66.8,False,True,False
node/10977261284,14,199.8,66.8,False,True,False
node/10981051285,14,199.8,66.8,False,False,True
node/10981051304,14,199.8,66.8,False,False,True
node/10989741468,14,199.8,66.8,False,False,True
node/10995041777,14,199.8,66.8,False,False,True
node/10995041779,14,199.8,66.8,False,False,True
node/10995041788,14,199.8,66.8,False,False,True
node/10995041791,14,199.8,66.8,False,False,True
node/10995041793,14,199.8,66.8,False,True,False
node/11001907246,14,199.8,66.8,True,False,False
node/11001907253,14,199.8,66.8,True,True,False
node/11003348984,14,199.8,66.8,False,True,False
node/11007907456,14,199.8,66.8,False,False,True
node/11007907458,14,199.8,66.8,False,False,True
node/11007907459,14,199.8,66.8,False,True,False
node/11007907462,14,199.8,66.8,False,False,True
node/11007907464,14,199.8,66.8,False,False,True
node/11016695336,14,199.8,66.8,False,False,True
node/11037609725,14,199.8,66.8,False,False,True
node/11097291306,14,199.8,66.8,False,False,True
node/11097291905,14,199.8,66.8,False,False,True
node/11136559005,14,199.8,66.8,False,False,True
node/11149491868,14,199.8,66.8,False,True,False
node/11150977085,14,199.8,66.8,False,True,False
node/11193187175,14,199.8,66.8,False,True,False
node/11193187179,14,199.8,66.8,False,False,True
node/11193187186,14,199.8,66.8,False,False,True
node/11193187188,14,199.8,66.8,False,True,False
node/11193751093,14,199.8,66.8,False,False,True
node/11193751102,14,199.8,66.8,False,True,False
node/11197446155,14,199.8,66.8,False,False,True
node/11203052910,14,199.8,66.8,False,False,True
node/11210550551,14,199.8,66.8,False,True,False
node/11210550553,14,199.8,66.8,False,True,False
node/11212456302,14,199.8,66.8,False,True,False
node/11212456304,14,199.8,66.8,False,False,True
node/11212456308,14,199.8,66.8,False,False,True
node/11215559275,14,199.8,66.8,False,False,True
node/11220604093,14,199.8,66.8,False,False,True
node/11222480993,14,199.8,66.8,False,True,False
node/11222848438,14,199.8,66.8,False,False,True
node/11233627569,14,199.8,66.8,False,False,True
node/11235388391,14,199.8,66.8,False,True,False
node/11235405379,14,199.8,66.8,False,True,False
node/11235408065,14,199.8,66.8,False,True,False
node/11235412827,14,199.8,66.8,False,True,False
node/11235430799,14,199.8,66.8,False,True,False
node/11235430874,14,199.8,66.8,False,False,True
node/11236573939,14,199.8,66.8,False,False,True
node/11238499756,14,199.8,66.8,False,False,True
node/11238499757,14,199.8,66.8,False,False,True
node/11244138190,14,199.8,66.8,False,True,False
node/11248475435,14,199.8,66.8,False,True,False
node/11274012885,14,199.8,66.8,False,False,True
node/11281776284,14,199.8,66.8,False,False,True
node/11283160956,14,199.8,66.8,False,False,True
node/11283184445,14,199.8,66.8,False,False,True
node/11283889164,14,199.8,66.8,False,False,True
node/11283910670,14,199.8,66.8,False,True,False
node/11283956785,14,199.8,66.8,False,True,False
node/11286211754,14,199.8,66.8,False,True,False
node/11286558768,14,199.8,66.8,False,False,True
node/11286572070,14,199.8,66.8,False,False,True
node/11286572071,14,199.8,66.8,False,False,True
node/11286572074,14,199.8,66.8,False,True,False
node/11286572077,14,199.8,66.8,False,True,False
node/11286751086,14,199.8,66.8,False,False,True
node/11286751090,14,199.8,66.8,False,False,True
node/11286751091,14,199.8,66.8,False,False,True
node/11286751094,14,199.8,66.8,False,False,True
node/11289186733,14,199.8,66.8,False,False,True
node/11290916361,14,199.8,66.8,False,False,True
node/11293706011,14,199.8,66.8,False,False,True
node/11293706013,14,199.8,66.8,False,False,True
node/11293706015,14,199.8,66.8,False,False,True
node/11293706017,14,199.8,66.8,False,False,True
node/11293706019,14,199.8,66.8,False,False,True
node/11293706022,14,199.8,66.8,False,False,True
node/11297604116,14,199.8,66.8,False,False,True
node/11297604125,14,199.8,66.8,False,False,True
node/11299621037,14,199.8,66.8,False,False,True
node/11299621038,14,199.8,66.8,False,False,True
node/11299621041,14,199.8,66.8,False,False,True
node/11299621042,14,199.8,66.8,False,False,True
node/11299621045,14,199.8,66.8,False,False,True
node/11299621046,14,199.8,66.8,False,False,True
node/11300078683,14,199.8,66.8,False,True,False
node/11300078685,14,199.8,66.8,False,True,False
node/11300078687,14,199.8,66.8,False,False,True
node/11300078690,14,199.8,66.8,False,False,True
node/11300078692,14,199.8,66.8,False,False,True
node/11300078700,14,199.8,66.8,False,False,True
node/11302894301,14,199.8,66.8,False,False,True
node/11302894305,14,199.8,66.8,False,True,False
node/11302894308,14,199.8,66.8,False,False,True
node/11305046919,14,199.8,66.8,False,False,True
node/11305046922,14,199.8,66.8,False,False,True
node/11307860004,14,199.8,66.8,False,True,False
node/11307860007,14,199.8,66.8,False,True,False
node/11309345425,14,199.8,66.8,True,False,False
node/11309345427,14,199.8,66.8,False,False,True
node/11309345430,14,199.8,66.8,False,False,True
node/11309793360,14,199.8,66.8,False,False,True
node/11309793362,14,199.8,66.8,False,False,True
node/11309895064,14,199.8,66.8,False,False,True
node/11314917558,14,199.8,66.8,False,False,True
node/11323343363,14,199.8,66.8,False,False,True
node/11323343365,14,199.8,66.8,False,False,True
node/11328986976,14,199.8,66.8,True,True,False
node/11328986977,14,199.8,66.8,False,False,True
node/11329310178,14,199.8,66.8,False,False,True
node/11329310180,14,199.8,66.8,False,False,True
node/11329310182,14,199.8,66.8,False,False,True
node/11329310184,14,199.8,66.8,False,True,False
node/11330897293,14,199.8,66.8,False,False,True
node/11331078189,14,199.8,66.8,False,False,True
node/11331221297,14,199.8,66.8,False,False,True
node/11331221302,14,199.8,66.8,False,True,False
node/11333439775,14,199.8,66.8,False,False,True
node/11333439779,14,199.8,66.8,False,False,True
node/11338249480,14,199.8,66.8,False,False,True
node/11341444243,14,199.8,66.8,False,False,True
node/11343157437,14,199.8,66.8,True,False,False
node/11343157441,14,199.8,66.8,False,True,False
node/11346416968,14,199.8,66.8,False,True,False
node/11346523975,14,199.8,66.8,False,True,False
node/11351141167,14,199.8,66.8,False,False,True
node/11360278411,14,199.8,66.8,False,False,True
node/11363940916,14,199.8,66.8,False,False,True
node/11368105980,14,199.8,66.8,False,False,True
node/11368588671,14,199.8,66.8,False,False,True
node/11375700083,14,199.8,66.8,False,False,True
node/11381441089,14,199.8,66.8,False,False,True
node/11394201826,14,199.8,66.8,False,False,True
node/11394201828,14,199.8,66.8,False,False,True
node/11394201830,14,199.8,66.8,False,False,True
node/11394201832,14,199.8,66.8,False,False,True
node/11394201834,14,199.8,66.8,False,False,True
node/11394506647,14,199.8,66.8,False,False,True
node/11396119821,14,199.8,66.8,False,False,True
node/11409602394,14,199.8,66.8,False,True,False
node/11409602397,14,199.8,66.8,False,True,False
node/11409602398,14,199.8,66.8,False,True,False
node/11449233173,14,199.8,66.8,False,False,True
node/11479066355,14,199.8,66.8,False,True,False
node/11486928221,14,199.8,66.8,False,False,True
node/11671805825,14,199.8,66.8,False,True,False
node/11910143361,14,199.8,66.8,False,False,True
node/12119676991,14,199.8,66.8,False,False,True
node/12172779822,14,199.8,66.8,False,False,True
node/12172781205,14,199.8,66.8,False,False,True
node/12190210046,14,199.8,66.8,False,False,True
node/12192793806,14,199.8,66.8,False,False,True
node/12199115379,14,199.8,66.8,False,False,True
node/12282173654,14,199.8,66.8,False,True,False
node/12288248548,14,199.8,66.8,False,True,False
node/12293672165,14,199.8,66.8,False,True,False
node/12294106887,14,199.8,66.8,False,True,False
node/12294241027,14,199.8,66.8,False,True,False
node/12348483124,14,199.8,66.8,False,False,True
node/12348483127,14,199.8,66.8,False,False,True
node/12367986198,14,199.8,66.8,False,False,True
node/12367986200,14,199.8,66.8,False,False,True
node/12371264418,14,199.8,66.8,False,False,True
node/12371264420,14,199.8,66.8,False,False,True
node/12371264422,14,199.8,66.8,False,True,False
node/12371264424,14,199.8,66.8,False,True,False
node/12371264426,14,199.8,66.8,False,True,False
node/12371264428,14,199.8,66.8,False,False,True
node/12384729380,14,199.8,66.8,False,False,True
node/12384729382,14,199.8,66.8,False,False,True
node/12384973717,14,199.8,66.8,False,False,True
node/12384973719,14,199.8,66.8,False,True,False
node/12384973720,14,199.8,66.8,False,False,True
node/12384973723,14,199.8,66.8,True,False,False
node/12384973725,14,199.8,66.8,False,True,False
node/12384973726,14,199.8,66.8,True,True,False
node/12384973729,14,199.8,66.8,False,True,False
node/12388466673,14,199.8,66.8,False,False,True
node/12416572526,14,199.8,66.8,False,False,True
node/12453116220,14,199.8,66.8,False,False,True
node/12453144002,14,199.8,66.8,False,True,False
node/12527905018,14,199.8,66.8,False,False,True
node/12529678839,14,199.8,66.8,False,False,True
node/12531539666,14,199.8,66.8,False,True,False
node/12616221007,14,199.8,66.8,False,False,True
node/12616221009,14,199.8,66.8,False,True,False
node/12620653917,14,199.8,66.8,False,False,True
node/12623557021,14,199.8,66.8,False,False,True
node/12625947814,14,199.8,66.8,False,False,True
node/12625947816,14,199.8,66.8,False,False,True
node/12633396728,14,199.8,66.8,False,False,True
node/12760074395,14,199.8,66.8,False,False,True
node/12760074400,14,199.8,66.8,False,False,True
node/12760085602,14,199.8,66.8,False,False,True
node/12898594759,14,199.8,66.8,True,False,False
node/12949650911,14,199.8,66.8,False,False,True
node/12961190801,14,199.8,66.8,False,False,True
node/12961190802,14,199.8,66.8,True,False,False
node/12961249305,14,199.8,66.8,False,False,True
node/13335422720,14,199.8,66.8,True,False,False
node/13335422721,14,199.8,66.8,False,False,True
node/13338205713,14,199.8,66.8,False,True,False
node/13338205726,14,199.8,66.8,False,True,False
node/13358645044,14,199.8,66.8,False,False,True
node/13390489892,14,199.8,66.8,False,False,True
node/13462282699,14,199.8,66.8,True,False,False
node/13462423720,14,199.8,66.8,False,False,True
node/13463687345,14,199.8,66.8,True,True,False
node/13463687346,14,199.8,66.8,False,True,False
node/13463687349,14,199.8,66.8,False,True,False
node/13463687352,14,199.8,66.8,False,True,False
node/13474226814,14,199.8,66.8,False,True,False
node/13474226815,14,199.8,66.8,False,False,True
node/13523874202,14,199.8,66.8,True,False,False
node/13566135712,14,199.8,66.8,False,False,True
node/13570114678,14,199.8,66.8,False,True,False
node/13585814422,14,199.8,66.8,False,False,True
node/13585814424,14,199.8,66.8,False,False,True
node/13585814425,14,199.8,66.8,False,False,True
node/13607465023,14,199.8,66.8,False,True,False
node/13645258115,14,199.8,66.8,False,False,True
node/13651994145,14,199.8,66.8,False,True,False
node/13655204277,14,199.8,66.8,False,True,False
node/13725165459,14,199.8,66.8,False,False,True
node/13786920938,14,199.8,66.8,False,False,True
node/13786920939,14,199.8,66.8,False,False,True
node/13787007025,14,199.8,66.8,False,True,False
node/13794370691,14,199.8,66.8,False,False,True
node/13795016030,14,199.8,66.8,False,True,False
node/13795300298,14,199.8,66.8,False,False,True
node/13795390647,14,199.8,66.8,False,False,True
node/13795390648,14,199.8,66.8,False,False,True
node/13798463596,14,199.8,66.8,True,False,False
node/13798524124,14,199.8,66.8,False,True,False
node/13798576354,14,199.8,66.8,True,False,False
node/13828018057,14,199.8,66.8,False,False,True
node/13867225722,14,199.8,66.8,False,False,True
node/13911832401,14,199.8,66.8,False,False,True
node/14029009015,14,199.8,66.8,False,False,True
node/21298371,15,228.3,60.8,False,False,True
node/95760547,15,228.3,60.8,False,True,False
node/95760548,15,228.3,60.8,False,False,True
node/95760550,15,228.3,60.8,False,False,True
node/95766440,15,228.3,60.8,False,True,False
node/95766815,15,228.3,60.8,False,False,True
node/102254906,15,228.3,60.8,False,True,False
node/114340464,15,228.3,60.8,False,True,False
node/114359530,15,228.3,60.8,False,True,False
node/114359538,15,228.3,60.8,False,False,True
node/114359562,15,228.3,60.8,False,True,False
node/114359572,15,228.3,60.8,False,True,False
node/245477294,15,228.3,60.8,True,True,False
node/245557029,15,228.3,60.8,False,True,False
node/245557039,15,228.3,60.8,True,True,False
node/245557048,15,228.3,60.8,True,True,False
node/245557054,15,228.3,60.8,True,True,False
node/245566207,15,228.3,60.8,True,False,False
node/248225549,15,228.3,60.8,False,True,False
node/251745095,15,228.3,60.8,False,True,False
node/260349632,15,228.3,60.8,False,False,True
node/260349654,15,228.3,60.8,False,True,False
node/260350380,15,228.3,60.8,False,True,False
node/260350384,15,228.3,60.8,False,True,False
node/260350759,15,228.3,60.8,False,True,False
node/268403389,15,228.3,60.8,False,True,False
node/268403390,15,228.3,60.8,False,True,False
node/268403415,15,228.3,60.8,False,True,False
node/268403421,15,228.3,60.8,False,True,False
node/271199334,15,228.3,60.8,False,False,True
node/281014139,15,228.3,60.8,False,False,True
node/281014594,15,228.3,60.8,False,True,False
node/282012567,15,228.3,60.8,False,True,False
node/282014871,15,228.3,60.8,False,True,False
node/292089713,15,228.3,60.8,False,True,False
node/306412919,15,228.3,60.8,False,True,False
node/306596480,15,228.3,60.8,False,True,False
node/343365115,15,228.3,60.8,False,True,False
node/345361935,15,228.3,60.8,True,False,False
node/345361940,15,228.3,60.8,False,True,False
node/345361945,15,228.3,60.8,False,False,True
node/345361952,15,228.3,60.8,False,True,False
node/365547378,15,228.3,60.8,False,True,False
node/365561354,15,228.3,60.8,False,False,True
node/428296354,15,228.3,60.8,False,True,False
node/428787332,15,228.3,60.8,True,True,False
node/428791961,15,228.3,60.8,False,True,False
node/429185332,15,228.3,60.8,False,True,False
node/429187148,15,228.3,60.8,False,False,True
node/429187149,15,228.3,60.8,False,True,False
node/432845451,15,228.3,60.8,False,True,False
node/432845456,15,228.3,60.8,False,True,False
node/441590515,15,228.3,60.8,False,True,False
node/441590516,15,228.3,60.8,False,True,False
node/506111737,15,228.3,60.8,False,True,False
node/540813432,15,228.3,60.8,True,False,False
node/583399850,15,228.3,60.8,False,True,False
node/615041486,15,228.3,60.8,False,False,True
node/634639449,15,228.3,60.8,False,True,False
node/634639645,15,228.3,60.8,False,True,False
node/642433231,15,228.3,60.8,False,True,False
node/642433232,15,228.3,60.8,False,True,False
node/642433233,15,228.3,60.8,False,True,False
node/643630956,15,228.3,60.8,False,True,False
node/643630958,15,228.3,60.8,False,False,True
node/645389866,15,228.3,60.8,False,True,False
node/645389873,15,228.3,60.8,False,False,True
node/645389878,15,228.3,60.8,False,False,True
node/645389913,15,228.3,60.8,False,True,False
node/645389918,15,228.3,60.8,False,True,False
node/645389928,15,228.3,60.8,False,True,False
node/647201933,15,228.3,60.8,False,True,False
node/647201935,15,228.3,60.8,False,True,False
node/648626763,15,228.3,60.8,False,True,False
node/648626772,15,228.3,60.8,False,True,False
node/648626781,15,228.3,60.8,False,True,False
node/648626782,15,228.3,60.8,False,True,False
node/648626783,15,228.3,60.8,False,True,False
node/648626786,15,228.3,60.8,False,True,False
node/648653672,15,228.3,60.8,False,False,True
node/648653719,15,228.3,60.8,False,True,False
node/649739307,15,228.3,60.8,False,True,False
node/649739313,15,228.3,60.8,False,True,False
node/649739318,15,228.3,60.8,False,True,False
node/649739404,15,228.3,60.8,False,True,False
node/649739407,15,228.3,60.8,False,True,False
node/649739411,15,228.3,60.8,False,True,False
node/649739415,15,228.3,60.8,False,True,False
node/649739510,15,228.3,60.8,False,True,False
node/649739564,15,228.3,60.8,False,True,False
node/649739566,15,228.3,60.8,False,True,False
node/650781102,15,228.3,60.8,False,True,False
node/650781127,15,228.3,60.8,False,False,True
node/650781131,15,228.3,60.8,False,True,False
node/653771340,15,228.3,60.8,False,True,False
node/654538356,15,228.3,60.8,False,True,False
node/654538374,15,228.3,60.8,False,True,False
node/654538375,15,228.3,60.8,False,True,False
node/654538389,15,228.3,60.8,False,True,False
node/654538397,15,228.3,60.8,False,True,False
node/654538401,15,228.3,60.8,False,True,False
node/654538411,15,228.3,60.8,False,True,False
node/654538442,15,228.3,60.8,False,True,False
node/654538443,15,228.3,60.8,False,False,True
node/654538451,15,228.3,60.8,False,True,False
node/654538454,15,228.3,60.8,False,True,False
node/654538457,15,228.3,60.8,False,True,False
node/654538460,15,228.3,60.8,False,True,False
node/654538463,15,228.3,60.8,False,True,False
node/654538466,15,228.3,60.8,False,True,False
node/654538473,15,228.3,60.8,False,False,True
node/654538490,15,228.3,60.8,False,True,False
node/655335119,15,228.3,60.8,False,True,False
node/655335152,15,228.3,60.8,False,True,False
node/655335180,15,228.3,60.8,True,True,False
node/655335182,15,228.3,60.8,False,False,True
node/655335201,15,228.3,60.8,False,True,False
node/656735044,15,228.3,60.8,False,True,False
node/656735048,15,228.3,60.8,False,True,False
node/656735052,15,228.3,60.8,False,False,True
node/656735055,15,228.3,60.8,False,True,False
node/656735065,15,228.3,60.8,False,True,False
node/656735070,15,228.3,60.8,False,True,False
node/656735073,15,228.3,60.8,True,True,False
node/656735077,15,228.3,60.8,False,False,True
node/656735078,15,228.3,60.8,False,True,False
node/656735081,15,228.3,60.8,False,True,False
node/656735085,15,228.3,60.8,False,False,True
node/656863421,15,228.3,60.8,False,True,False
node/656863425,15,228.3,60.8,False,True,False
node/656863430,15,228.3,60.8,False,True,False
node/656863433,15,228.3,60.8,False,True,False
node/656863437,15,228.3,60.8,False,True,False
node/656863438,15,228.3,60.8,True,True,False
node/656863440,15,228.3,60.8,False,True,False
node/656863441,15,228.3,60.8,False,True,False
node/656863442,15,228.3,60.8,False,True,False
node/656863443,15,228.3,60.8,False,True,False
node/656863444,15,228.3,60.8,True,True,False
node/656863445,15,228.3,60.8,False,True,False
node/658877712,15,228.3,60.8,False,False,True
node/658877713,15,228.3,60.8,False,False,True
node/658877718,15,228.3,60.8,False,True,False
node/658911165,15,228.3,60.8,False,True,False
node/658911193,15,228.3,60.8,False,False,True
node/658911195,15,228.3,60.8,True,False,False
node/658911196,15,228.3,60.8,False,True,False
node/658911197,15,228.3,60.8,False,True,False
node/659563415,15,228.3,60.8,False,False,True
node/659563416,15,228.3,60.8,False,False,True
node/660867285,15,228.3,60.8,False,True,False
node/660867286,15,228.3,60.8,False,True,False
node/660867287,15,228.3,60.8,False,True,False
node/660867288,15,228.3,60.8,False,False,True
node/660867289,15,228.3,60.8,False,True,False
node/660867290,15,228.3,60.8,False,True,False
node/660867292,15,228.3,60.8,True,False,False
node/660867293,15,228.3,60.8,False,True,False
node/660867294,15,228.3,60.8,False,True,False
node/660867295,15,228.3,60.8,True,False,False
node/660867296,15,228.3,60.8,False,True,False
node/660867298,15,228.3,60.8,False,True,False
node/660867299,15,228.3,60.8,False,True,False
node/660867300,15,228.3,60.8,True,False,False
node/660867304,15,228.3,60.8,False,True,False
node/660867305,15,228.3,60.8,False,False,True
node/660867312,15,228.3,60.8,False,False,True
node/660867313,15,228.3,60.8,False,False,True
node/660867314,15,228.3,60.8,False,True,False
node/660867315,15,228.3,60.8,False,True,False
node/660867316,15,228.3,60.8,False,False,True
node/660867317,15,228.3,60.8,False,True,False
node/660867318,15,228.3,60.8,False,True,False
node/660867324,15,228.3,60.8,False,True,False
node/660867325,15,228.3,60.8,False,True,False
node/660867326,15,228.3,60.8,False,True,False
node/660867327,15,228.3,60.8,False,False,True
node/660867339,15,228.3,60.8,False,True,False
node/660867340,15,228.3,60.8,False,True,False
node/660867344,15,228.3,60.8,False,True,False
node/660867345,15,228.3,60.8,False,True,False
node/660867346,15,228.3,60.8,False,True,False
node/660867347,15,228.3,60.8,False,True,False
node/660867349,15,228.3,60.8,False,False,True
node/660880366,15,228.3,60.8,False,True,False
node/660880367,15,228.3,60.8,False,True,False
node/661288871,15,228.3,60.8,False,False,True
node/661288898,15,228.3,60.8,False,True,False
node/661288904,15,228.3,60.8,True,False,False
node/661288911,15,228.3,60.8,False,False,True
node/661288915,15,228.3,60.8,False,True,False
node/661288930,15,228.3,60.8,True,False,False
node/661288941,15,228.3,60.8,False,True,False
node/661288968,15,228.3,60.8,False,False,True
node/661757871,15,228.3,60.8,False,False,True
node/661757872,15,228.3,60.8,False,True,False
node/661757877,15,228.3,60.8,False,True,False
node/661757879,15,228.3,60.8,False,False,True
node/661757880,15,228.3,60.8,False,True,False
node/661757882,15,228.3,60.8,False,True,False
node/661757898,15,228.3,60.8,False,True,False
node/661757908,15,228.3,60.8,False,True,False
node/661757910,15,228.3,60.8,False,True,False
node/661757912,15,228.3,60.8,False,True,False
node/661757915,15,228.3,60.8,False,True,False
node/661757917,15,228.3,60.8,False,True,False
node/661757918,15,228.3,60.8,False,True,False
node/661773006,15,228.3,60.8,False,True,False
node/661773007,15,228.3,60.8,False,True,False
node/661773011,15,228.3,60.8,False,True,False
node/661829363,15,228.3,60.8,False,True,False
node/661829364,15,228.3,60.8,False,False,True
node/661829365,15,228.3,60.8,False,True,False
node/661829366,15,228.3,60.8,False,True,False
node/661829367,15,228.3,60.8,False,True,False
node/661829369,15,228.3,60.8,True,False,False
node/661829371,15,228.3,60.8,False,True,False
node/661829374,15,228.3,60.8,False,True,False
node/661829376,15,228.3,60.8,False,True,False
node/661902193,15,228.3,60.8,False,False,True
node/661902212,15,228.3,60.8,False,True,False
node/662188142,15,228.3,60.8,False,False,True
node/662249354,15,228.3,60.8,False,True,False
node/662249355,15,228.3,60.8,False,False,True
node/662287133,15,228.3,60.8,False,False,True
node/662287136,15,228.3,60.8,False,False,True
node/662287137,15,228.3,60.8,False,True,False
node/662287139,15,228.3,60.8,True,False,False
node/662287141,15,228.3,60.8,False,True,False
node/662287142,15,228.3,60.8,False,False,True
node/662300553,15,228.3,60.8,False,False,True
node/662300555,15,228.3,60.8,False,True,False
node/662300556,15,228.3,60.8,False,True,False
node/662300559,15,228.3,60.8,False,True,False
node/662300561,15,228.3,60.8,False,True,False
node/662300562,15,228.3,60.8,True,True,False
node/662300563,15,228.3,60.8,False,True,False
node/662300564,15,228.3,60.8,False,False,True
node/662300565,15,228.3,60.8,False,False,True
node/662344054,15,228.3,60.8,False,True,False
node/662344055,15,228.3,60.8,False,False,True
node/662344057,15,228.3,60.8,False,True,False
node/662438476,15,228.3,60.8,False,True,False
node/662585054,15,228.3,60.8,False,False,True
node/662585056,15,228.3,60.8,False,True,False
node/662585059,15,228.3,60.8,False,True,False
node/662585063,15,228.3,60.8,False,False,True
node/662585066,15,228.3,60.8,True,True,False
node/662585070,15,228.3,60.8,True,True,False
node/662585073,15,228.3,60.8,False,True,False
node/662585078,15,228.3,60.8,False,False,True
node/662585081,15,228.3,60.8,False,True,False
node/662585084,15,228.3,60.8,False,True,False
node/663389725,15,228.3,60.8,False,True,False
node/663389729,15,228.3,60.8,False,False,True
node/663825165,15,228.3,60.8,False,False,True
node/663825168,15,228.3,60.8,False,False,True
node/663825170,15,228.3,60.8,False,True,False
node/663868617,15,228.3,60.8,False,True,False
node/663868618,15,228.3,60.8,False,False,True
node/663868619,15,228.3,60.8,False,True,False
node/664389964,15,228.3,60.8,False,False,True
node/667196516,15,228.3,60.8,False,True,False
node/674736277,15,228.3,60.8,False,True,False
node/676643327,15,228.3,60.8,False,True,False
node/676643331,15,228.3,60.8,False,True,False
node/676643332,15,228.3,60.8,False,True,False
node/676643334,15,228.3,60.8,True,True,False
node/676691581,15,228.3,60.8,False,True,False
node/676691586,15,228.3,60.8,False,True,False
node/676691589,15,228.3,60.8,False,True,False
node/676691594,15,228.3,60.8,False,False,True
node/676691598,15,228.3,60.8,False,False,True
node/676691604,15,228.3,60.8,False,False,True
node/676700279,15,228.3,60.8,False,True,False
node/676738424,15,228.3,60.8,False,True,False
node/676738427,15,228.3,60.8,False,True,False
node/676738429,15,228.3,60.8,False,True,False
node/676738431,15,228.3,60.8,False,True,False
node/676738433,15,228.3,60.8,False,False,True
node/676745533,15,228.3,60.8,False,False,True
node/678880586,15,228.3,60.8,False,True,False
node/678880588,15,228.3,60.8,False,True,False
node/678880589,15,228.3,60.8,False,True,False
node/678880590,15,228.3,60.8,False,False,True
node/678880591,15,228.3,60.8,True,False,False
node/678880592,15,228.3,60.8,False,True,False
node/678880593,15,228.3,60.8,True,False,False
node/678880594,15,228.3,60.8,False,False,True
node/678880595,15,228.3,60.8,False,False,True
node/678880597,15,228.3,60.8,True,True,False
node/678880608,15,228.3,60.8,False,True,False
node/678880610,15,228.3,60.8,False,False,True
node/678880612,15,228.3,60.8,False,False,True
node/678880613,15,228.3,60.8,False,False,True
node/679447426,15,228.3,60.8,False,True,False
node/679475723,15,228.3,60.8,False,False,True
node/679475726,15,228.3,60.8,False,True,False
node/679475728,15,228.3,60.8,False,True,False
node/679475731,15,228.3,60.8,True,False,False
node/679479311,15,228.3,60.8,True,True,False
node/680299285,15,228.3,60.8,False,True,False
node/680377132,15,228.3,60.8,False,True,False
node/680520275,15,228.3,60.8,False,True,False
node/680520281,15,228.3,60.8,False,True,False
node/680520285,15,228.3,60.8,False,False,True
node/680520294,15,228.3,60.8,False,True,False
node/680520299,15,228.3,60.8,True,False,False
node/680520328,15,228.3,60.8,False,False,True
node/680520333,15,228.3,60.8,False,True,False
node/680520338,15,228.3,60.8,True,False,False
node/680520342,15,228.3,60.8,True,False,False
node/680520360,15,228.3,60.8,False,True,False
node/687864649,15,228.3,60.8,False,False,True
node/692073197,15,228.3,60.8,False,True,False
node/692073222,15,228.3,60.8,False,False,True
node/693683785,15,228.3,60.8,False,False,True
node/693933529,15,228.3,60.8,False,True,False
node/693933532,15,228.3,60.8,False,False,True
node/705535132,15,228.3,60.8,False,True,False
node/705664753,15,228.3,60.8,False,True,False
node/705685629,15,228.3,60.8,False,False,True
node/705704754,15,228.3,60.8,False,False,True
node/705704795,15,228.3,60.8,False,False,True
node/705704828,15,228.3,60.8,False,False,True
node/705722195,15,228.3,60.8,False,True,False
node/705722196,15,228.3,60.8,False,False,True
node/705722197,15,228.3,60.8,False,True,False
node/705722198,15,228.3,60.8,False,True,False
node/705722199,15,228.3,60.8,False,False,True
node/705722205,15,228.3,60.8,False,True,False
node/705722208,15,228.3,60.8,False,False,True
node/705722221,15,228.3,60.8,False,True,False
node/706725638,15,228.3,60.8,True,True,False
node/708087631,15,228.3,60.8,False,False,True
node/708087634,15,228.3,60.8,False,True,False
node/708087640,15,228.3,60.8,True,True,False
node/708087642,15,228.3,60.8,False,True,False
node/708087644,15,228.3,60.8,False,False,True
node/708087647,15,228.3,60.8,False,False,True
node/708087651,15,228.3,60.8,False,True,False
node/708123785,15,228.3,60.8,False,True,False
node/708123787,15,228.3,60.8,False,True,False
node/708123789,15,228.3,60.8,False,True,False
node/708123793,15,228.3,60.8,False,True,False
node/714175316,15,228.3,60.8,False,True,False
node/714175323,15,228.3,60.8,False,False,True
node/714175327,15,228.3,60.8,False,False,True
node/714175330,15,228.3,60.8,False,False,True
node/714175333,15,228.3,60.8,False,True,False
node/714175337,15,228.3,60.8,False,True,False
node/714175341,15,228.3,60.8,False,True,False
node/714307639,15,228.3,60.8,False,True,False
node/714307640,15,228.3,60.8,False,True,False
node/714307641,15,228.3,60.8,False,True,False
node/714307642,15,228.3,60.8,False,True,False
node/714307643,15,228.3,60.8,False,True,False
node/714307644,15,228.3,60.8,False,True,False
node/714307646,15,228.3,60.8,False,True,False
node/714307653,15,228.3,60.8,False,True,False
node/714307655,15,228.3,60.8,False,True,False
node/714331149,15,228.3,60.8,False,True,False
node/714331150,15,228.3,60.8,False,True,False
node/715795985,15,228.3,60.8,False,True,False
node/715795988,15,228.3,60.8,False,True,False
node/715795997,15,228.3,60.8,False,True,False
node/715795999,15,228.3,60.8,False,True,False
node/715796009,15,228.3,60.8,False,True,False
node/715796017,15,228.3,60.8,False,True,False
node/715796020,15,228.3,60.8,False,False,True
node/715827009,15,228.3,60.8,False,True,False
node/715827015,15,228.3,60.8,False,True,False
node/715948229,15,228.3,60.8,False,False,True
node/715948266,15,228.3,60.8,True,False,False
node/715987136,15,228.3,60.8,False,True,False
node/715987152,15,228.3,60.8,False,True,False
node/715987155,15,228.3,60.8,False,True,False
node/715987157,15,228.3,60.8,False,True,False
node/715987159,15,228.3,60.8,False,True,False
node/715987161,15,228.3,60.8,False,True,False
node/716008478,15,228.3,60.8,False,True,False
node/716008561,15,228.3,60.8,False,True,False
node/716008564,15,228.3,60.8,False,True,False
node/716008566,15,228.3,60.8,False,False,True
node/716008568,15,228.3,60.8,False,True,False
node/716008570,15,228.3,60.8,False,True,False
node/716015766,15,228.3,60.8,False,True,False
node/716023939,15,228.3,60.8,False,True,False
node/716023940,15,228.3,60.8,False,True,False
node/716023943,15,228.3,60.8,False,True,False
node/716023944,15,228.3,60.8,False,True,False
node/716023945,15,228.3,60.8,False,True,False
node/716023947,15,228.3,60.8,False,True,False
node/717641269,15,228.3,60.8,False,False,True
node/717641278,15,228.3,60.8,False,True,False
node/717641294,15,228.3,60.8,False,True,False
node/717641295,15,228.3,60.8,False,True,False
node/717641335,15,228.3,60.8,False,True,False
node/717641337,15,228.3,60.8,False,False,True
node/723173231,15,228.3,60.8,True,False,False
node/723278918,15,228.3,60.8,False,True,False
node/723278937,15,228.3,60.8,False,False,True
node/723278949,15,228.3,60.8,True,False,False
node/723278960,15,228.3,60.8,False,True,False
node/726880667,15,228.3,60.8,True,False,False
node/726880696,15,228.3,60.8,False,False,True
node/726880711,15,228.3,60.8,True,True,False
node/726880721,15,228.3,60.8,False,True,False
node/726880760,15,228.3,60.8,False,False,True
node/726899485,15,228.3,60.8,False,True,False
node/726905052,15,228.3,60.8,False,False,True
node/726923443,15,228.3,60.8,True,False,False
node/726927282,15,228.3,60.8,False,True,False
node/726927283,15,228.3,60.8,False,True,False
node/727781189,15,228.3,60.8,False,False,True
node/727781213,15,228.3,60.8,False,True,False
node/727781214,15,228.3,60.8,False,True,False
node/727802743,15,228.3,60.8,False,False,True
node/727802745,15,228.3,60.8,False,False,True
node/729049314,15,228.3,60.8,False,False,True
node/729049328,15,228.3,60.8,False,True,False
node/729049334,15,228.3,60.8,False,True,False
node/729049339,15,228.3,60.8,False,True,False
node/729049346,15,228.3,60.8,False,True,False
node/729049367,15,228.3,60.8,False,True,False
node/729049373,15,228.3,60.8,True,True,False
node/729049377,15,228.3,60.8,False,True,False
node/729049383,15,228.3,60.8,False,True,False
node/729049385,15,228.3,60.8,False,True,False
node/729049388,15,228.3,60.8,False,True,False
node/729049391,15,228.3,60.8,False,True,False
node/729049395,15,228.3,60.8,False,True,False
node/729049397,15,228.3,60.8,False,True,False
node/729313995,15,228.3,60.8,False,True,False
node/729313996,15,228.3,60.8,False,True,False
node/729313999,15,228.3,60.8,False,True,False
node/729314003,15,228.3,60.8,False,True,False
node/729314006,15,228.3,60.8,False,True,False
node/729314009,15,228.3,60.8,False,True,False
node/729314010,15,228.3,60.8,True,True,False
node/729314013,15,228.3,60.8,False,True,False
node/729314014,15,228.3,60.8,False,True,False
node/729314016,15,228.3,60.8,False,True,False
node/729314017,15,228.3,60.8,False,True,False
node/729314018,15,228.3,60.8,False,True,False
node/729314022,15,228.3,60.8,False,True,False
node/729314023,15,228.3,60.8,False,True,False
node/729314024,15,228.3,60.8,False,True,False
node/729314025,15,228.3,60.8,False,True,False
node/729314026,15,228.3,60.8,False,True,False
node/729314027,15,228.3,60.8,False,True,False
node/729314028,15,228.3,60.8,False,True,False
node/729314029,15,228.3,60.8,False,True,False
node/729314030,15,228.3,60.8,True,True,False
node/729314031,15,228.3,60.8,False,True,False
node/729314034,15,228.3,60.8,False,True,False
node/729314035,15,228.3,60.8,False,True,False
node/729314036,15,228.3,60.8,False,True,False
node/729314038,15,228.3,60.8,False,True,False
node/729314039,15,228.3,60.8,False,True,False
node/729314040,15,228.3,60.8,False,False,True
node/729314041,15,228.3,60.8,False,True,False
node/729314042,15,228.3,60.8,False,True,False
node/729314043,15,228.3,60.8,False,True,False
node/729314044,15,228.3,60.8,False,False,True
node/729314045,15,228.3,60.8,False,True,False
node/729314046,15,228.3,60.8,False,True,False
node/729314047,15,228.3,60.8,False,True,False
node/729314048,15,228.3,60.8,True,True,False
node/729314050,15,228.3,60.8,False,True,False
node/729314052,15,228.3,60.8,False,True,False
node/729314064,15,228.3,60.8,False,True,False
node/729314066,15,228.3,60.8,False,False,True
node/729314068,15,228.3,60.8,False,True,False
node/729314070,15,228.3,60.8,False,True,False
node/736901117,15,228.3,60.8,True,False,False
node/736901118,15,228.3,60.8,False,True,False
node/745843278,15,228.3,60.8,False,False,True
node/745843542,15,228.3,60.8,False,False,True
node/745843545,15,228.3,60.8,False,False,True
node/745843563,15,228.3,60.8,False,False,True
node/745843569,15,228.3,60.8,False,False,True
node/745843571,15,228.3,60.8,False,False,True
node/745843576,15,228.3,60.8,False,False,True
node/745843585,15,228.3,60.8,False,False,True
node/745843596,15,228.3,60.8,False,False,True
node/745843602,15,228.3,60.8,False,False,True
node/745843611,15,228.3,60.8,False,True,False
node/745843617,15,228.3,60.8,False,True,False
node/745843620,15,228.3,60.8,False,False,True
node/745843621,15,228.3,60.8,False,True,False
node/745843639,15,228.3,60.8,False,True,False
node/745843644,15,228.3,60.8,False,False,True
node/745843650,15,228.3,60.8,False,False,True
node/745843653,15,228.3,60.8,False,False,True
node/745843668,15,228.3,60.8,False,True,False
node/745843686,15,228.3,60.8,False,True,False
node/745843689,15,228.3,60.8,False,False,True
node/745843700,15,228.3,60.8,False,False,True
node/745843718,15,228.3,60.8,False,True,False
node/745843722,15,228.3,60.8,False,True,False
node/745843747,15,228.3,60.8,False,False,True
node/745843781,15,228.3,60.8,False,True,False
node/745843793,15,228.3,60.8,False,True,False
node/745843795,15,228.3,60.8,False,True,False
node/745843804,15,228.3,60.8,False,True,False
node/745843817,15,228.3,60.8,False,False,True
node/747373723,15,228.3,60.8,False,True,False
node/749915461,15,228.3,60.8,False,False,True
node/749915469,15,228.3,60.8,False,True,False
node/749915496,15,228.3,60.8,False,True,False
node/749915501,15,228.3,60.8,False,True,False
node/776998377,15,228.3,60.8,False,False,True
node/776998421,15,228.3,60.8,False,True,False
node/776998536,15,228.3,60.8,False,True,False
node/776998611,15,228.3,60.8,False,True,False
node/776998622,15,228.3,60.8,False,True,False
node/776998653,15,228.3,60.8,False,True,False
node/776998658,15,228.3,60.8,True,True,False
node/776998702,15,228.3,60.8,False,True,False
node/776998708,15,228.3,60.8,False,True,False
node/785897777,15,228.3,60.8,False,True,False
node/785897978,15,228.3,60.8,False,True,False
node/793812415,15,228.3,60.8,True,True,False
node/886417884,15,228.3,60.8,False,True,False
node/886547417,15,228.3,60.8,False,True,False
node/886547790,15,228.3,60.8,False,True,False
node/895947217,15,228.3,60.8,False,True,False
node/935738120,15,228.3,60.8,False,True,False
node/935738124,15,228.3,60.8,False,True,False
node/935738170,15,228.3,60.8,False,True,False
node/959824618,15,228.3,60.8,False,True,False
node/959824625,15,228.3,60.8,False,False,True
node/959824630,15,228.3,60.8,False,True,False
node/959824634,15,228.3,60.8,False,True,False
node/959824649,15,228.3,60.8,False,True,False
node/959824652,15,228.3,60.8,False,True,False
node/959824653,15,228.3,60.8,False,True,False
node/959824656,15,228.3,60.8,False,True,False
node/959824657,15,228.3,60.8,True,False,False
node/959824659,15,228.3,60.8,True,False,False
node/959824660,15,228.3,60.8,False,True,False
node/959824663,15,228.3,60.8,False,True,False
node/959824666,15,228.3,60.8,False,True,False
node/959824668,15,228.3,60.8,False,True,False
node/959824671,15,228.3,60.8,False,False,True
node/981872291,15,228.3,60.8,False,True,False
node/981872301,15,228.3,60.8,False,True,False
node/981872303,15,228.3,60.8,False,True,False
node/981872304,15,228.3,60.8,False,True,False
node/982682845,15,228.3,60.8,False,False,True
node/982682846,15,228.3,60.8,False,False,True
node/982682847,15,228.3,60.8,False,True,False
node/982855592,15,228.3,60.8,False,True,False
node/983814549,15,228.3,60.8,False,True,False
node/992112751,15,228.3,60.8,False,True,False
node/992112753,15,228.3,60.8,False,True,False
node/992113410,15,228.3,60.8,False,True,False
node/994009755,15,228.3,60.8,False,True,False
node/994089720,15,228.3,60.8,False,True,False
node/994089728,15,228.3,60.8,True,True,False
node/994089735,15,228.3,60.8,False,False,True
node/994118008,15,228.3,60.8,False,False,True
node/994118017,15,228.3,60.8,True,True,False
node/994132203,15,228.3,60.8,False,False,True
node/994147890,15,228.3,60.8,True,False,False
node/994147892,15,228.3,60.8,False,True,False
node/994147895,15,228.3,60.8,False,False,True
node/994147905,15,228.3,60.8,True,False,False
node/994147907,15,228.3,60.8,False,False,True
node/994183875,15,228.3,60.8,False,False,True
node/994183913,15,228.3,60.8,True,True,False
node/994183921,15,228.3,60.8,True,False,False
node/994183929,15,228.3,60.8,False,False,True
node/996118014,15,228.3,60.8,False,True,False
node/996118054,15,228.3,60.8,False,True,False
node/996190138,15,228.3,60.8,False,True,False
node/996572168,15,228.3,60.8,False,False,True
node/996572180,15,228.3,60.8,False,False,True
node/996572322,15,228.3,60.8,False,True,False
node/997306488,15,228.3,60.8,False,False,True
node/998207278,15,228.3,60.8,False,False,True
node/998638141,15,228.3,60.8,False,True,False
node/998638179,15,228.3,60.8,False,True,False
node/998759971,15,228.3,60.8,False,False,True
node/998807645,15,228.3,60.8,False,True,False
node/998807657,15,228.3,60.8,False,True,False
node/1003229677,15,228.3,60.8,False,True,False
node/1003229681,15,228.3,60.8,False,True,False
node/1003229692,15,228.3,60.8,True,True,False
node/1003229702,15,228.3,60.8,False,True,False
node/1003229707,15,228.3,60.8,False,True,False
node/1003229715,15,228.3,60.8,False,True,False
node/1003229718,15,228.3,60.8,False,True,False
node/1003229728,15,228.3,60.8,False,True,False
node/1003229735,15,228.3,60.8,False,True,False
node/1003229737,15,228.3,60.8,False,True,False
node/1003229752,15,228.3,60.8,False,True,False
node/1003276458,15,228.3,60.8,False,True,False
node/1003276459,15,228.3,60.8,False,True,False
node/1003276463,15,228.3,60.8,False,True,False
node/1003276465,15,228.3,60.8,False,True,False
node/1003276466,15,228.3,60.8,False,True,False
node/1003276473,15,228.3,60.8,True,True,False
node/1004444450,15,228.3,60.8,False,True,False
node/1004444476,15,228.3,60.8,False,False,True
node/1004444491,15,228.3,60.8,False,True,False
node/1006057366,15,228.3,60.8,False,True,False
node/1006057367,15,228.3,60.8,False,True,False
node/1006057386,15,228.3,60.8,False,True,False
node/1006191591,15,228.3,60.8,False,False,True
node/1009311669,15,228.3,60.8,False,True,False
node/1009311749,15,228.3,60.8,True,True,False
node/1009311797,15,228.3,60.8,False,False,True
node/1009311852,15,228.3,60.8,False,False,True
node/1009311915,15,228.3,60.8,False,True,False
node/1009311952,15,228.3,60.8,False,True,False
node/1009311965,15,228.3,60.8,False,True,False
node/1009311968,15,228.3,60.8,True,False,False
node/1009312027,15,228.3,60.8,False,True,False
node/1009312067,15,228.3,60.8,False,True,False
node/1009312095,15,228.3,60.8,False,False,True
node/1009312121,15,228.3,60.8,False,False,True
node/1011790277,15,228.3,60.8,True,True,False
node/1011790316,15,228.3,60.8,True,True,False
node/1011790353,15,228.3,60.8,False,True,False
node/1011790361,15,228.3,60.8,False,True,False
node/1011790364,15,228.3,60.8,False,True,False
node/1011790393,15,228.3,60.8,False,False,True
node/1011790396,15,228.3,60.8,False,True,False
node/1011790409,15,228.3,60.8,False,False,True
node/1011790418,15,228.3,60.8,False,True,False
node/1011790481,15,228.3,60.8,False,True,False
node/1011790502,15,228.3,60.8,False,True,False
node/1018022682,15,228.3,60.8,False,False,True
node/1018022684,15,228.3,60.8,False,True,False
node/1027462220,15,228.3,60.8,False,False,True
node/1028229243,15,228.3,60.8,False,True,False
node/1028305084,15,228.3,60.8,False,False,True
node/1028305247,15,228.3,60.8,False,False,True
node/1028830776,15,228.3,60.8,False,False,True
node/1028830979,15,228.3,60.8,False,False,True
node/1030280352,15,228.3,60.8,False,True,False
node/1030280471,15,228.3,60.8,False,True,False
node/1030280474,15,228.3,60.8,False,True,False
node/1097841709,15,228.3,60.8,False,False,True
node/1097841716,15,228.3,60.8,False,True,False
node/1097841737,15,228.3,60.8,False,True,False
node/1097841741,15,228.3,60.8,False,False,True
node/1097841742,15,228.3,60.8,False,True,False
node/1097841743,15,228.3,60.8,False,True,False
node/1097841752,15,228.3,60.8,False,False,True
node/1103678784,15,228.3,60.8,False,False,True
node/1112456261,15,228.3,60.8,False,False,True
node/1119024747,15,228.3,60.8,True,True,False
node/1134256752,15,228.3,60.8,False,True,False
node/1137794310,15,228.3,60.8,False,True,False
node/1137802570,15,228.3,60.8,False,False,True
node/1137802579,15,228.3,60.8,False,False,True
node/1137818886,15,228.3,60.8,False,False,True
node/1137818887,15,228.3,60.8,False,False,True
node/1137830092,15,228.3,60.8,False,True,False
node/1137830094,15,228.3,60.8,False,False,True
node/1137830095,15,228.3,60.8,False,False,True
node/1137872245,15,228.3,60.8,False,False,True
node/1137872285,15,228.3,60.8,False,True,False
node/1137958736,15,228.3,60.8,False,True,False
node/1137973396,15,228.3,60.8,False,True,False
node/1137973399,15,228.3,60.8,False,True,False
node/1138006269,15,228.3,60.8,False,True,False
node/1138006277,15,228.3,60.8,False,False,True
node/1138036121,15,228.3,60.8,False,True,False
node/1272557317,15,228.3,60.8,True,False,False
node/1272557326,15,228.3,60.8,False,True,False
node/1272557340,15,228.3,60.8,False,True,False
node/1272557344,15,228.3,60.8,False,False,True
node/1272557365,15,228.3,60.8,False,True,False
node/1272557389,15,228.3,60.8,False,False,True
node/1272557552,15,228.3,60.8,False,True,False
node/1272557584,15,228.3,60.8,True,False,False
node/1272557592,15,228.3,60.8,False,True,False
node/1272557608,15,228.3,60.8,False,True,False
node/1272557630,15,228.3,60.8,False,True,False
node/1272557684,15,228.3,60.8,False,True,False
node/1272557722,15,228.3,60.8,False,True,False
node/1272557753,15,228.3,60.8,True,True,False
node/1272557793,15,228.3,60.8,False,True,False
node/1272557798,15,228.3,60.8,True,True,False
node/1272557812,15,228.3,60.8,False,True,False
node/1272557834,15,228.3,60.8,False,True,False
node/1273595512,15,228.3,60.8,False,True,False
node/1273595518,15,228.3,60.8,False,True,False
node/1273595527,15,228.3,60.8,False,True,False
node/1273595530,15,228.3,60.8,False,True,False
node/1273595532,15,228.3,60.8,False,True,False
node/1273595537,15,228.3,60.8,False,True,False
node/1273595542,15,228.3,60.8,False,True,False
node/1273595550,15,228.3,60.8,False,False,True
node/1273595555,15,228.3,60.8,False,True,False
node/1273633817,15,228.3,60.8,False,False,True
node/1273655589,15,228.3,60.8,False,True,False
node/1273655591,15,228.3,60.8,False,True,False
node/1273655598,15,228.3,60.8,False,True,False
node/1273665587,15,228.3,60.8,False,True,False
node/1273702741,15,228.3,60.8,False,True,False
node/1273702747,15,228.3,60.8,False,True,False
node/1273702764,15,228.3,60.8,False,True,False
node/1273702767,15,228.3,60.8,True,False,False
node/1273702784,15,228.3,60.8,False,True,False
node/1273702791,15,228.3,60.8,False,True,False
node/1273702802,15,228.3,60.8,False,True,False
node/1273736294,15,228.3,60.8,False,True,False
node/1273736296,15,228.3,60.8,False,True,False
node/1273736302,15,228.3,60.8,False,True,False
node/1273736308,15,228.3,60.8,False,True,False
node/1273742525,15,228.3,60.8,False,True,False
node/1273749690,15,228.3,60.8,False,False,True
node/1276273393,15,228.3,60.8,False,True,False
node/1276273403,15,228.3,60.8,False,True,False
node/1276273408,15,228.3,60.8,False,True,False
node/1276273411,15,228.3,60.8,False,True,False
node/1276273423,15,228.3,60.8,False,True,False
node/1276273425,15,228.3,60.8,False,True,False
node/1276320492,15,228.3,60.8,False,True,False
node/1276320582,15,228.3,60.8,False,True,False
node/1276400883,15,228.3,60.8,False,False,True
node/1276400897,15,228.3,60.8,False,True,False
node/1276400927,15,228.3,60.8,False,True,False
node/1276417089,15,228.3,60.8,False,True,False
node/1276417092,15,228.3,60.8,False,True,False
node/1276417093,15,228.3,60.8,False,True,False
node/1276478031,15,228.3,60.8,False,False,True
node/1276478077,15,228.3,60.8,False,False,True
node/1276478093,15,228.3,60.8,False,False,True
node/1276478094,15,228.3,60.8,False,True,False
node/1276478112,15,228.3,60.8,False,True,False
node/1276478121,15,228.3,60.8,False,False,True
node/1276478123,15,228.3,60.8,False,False,True
node/1276502116,15,228.3,60.8,False,False,True
node/1277721731,15,228.3,60.8,False,True,False
node/1277721734,15,228.3,60.8,False,True,False
node/1277721737,15,228.3,60.8,False,False,True
node/1277721740,15,228.3,60.8,False,True,False
node/1277721745,15,228.3,60.8,False,False,True
node/1277721746,15,228.3,60.8,False,False,True
node/1277732178,15,228.3,60.8,False,False,True
node/1277834061,15,228.3,60.8,False,False,True
node/1277834071,15,228.3,60.8,False,False,True
node/1277834092,15,228.3,60.8,False,True,False
node/1277834103,15,228.3,60.8,False,False,True
node/1277834111,15,228.3,60.8,False,True,False
node/1277834138,15,228.3,60.8,False,False,True
node/1277834152,15,228.3,60.8,False,True,False
node/1277834154,15,228.3,60.8,False,False,True
node/1277834174,15,228.3,60.8,False,False,True
node/1277834175,15,228.3,60.8,False,True,False
node/1277834225,15,228.3,60.8,False,False,True
node/1277834240,15,228.3,60.8,False,True,False
node/1277834262,15,228.3,60.8,False,False,True
node/1277834264,15,228.3,60.8,False,False,True
node/1277834274,15,228.3,60.8,False,True,False
node/1277834295,15,228.3,60.8,False,False,True
node/1277834337,15,228.3,60.8,False,False,True
node/1277834347,15,228.3,60.8,False,True,False
node/1277834368,15,228.3,60.8,False,False,True
node/1277834371,15,228.3,60.8,False,True,False
node/1277834396,15,228.3,60.8,False,True,False
node/1277834449,15,228.3,60.8,False,True,False
node/1277834452,15,228.3,60.8,False,False,True
node/1277834459,15,228.3,60.8,False,True,False
node/1277834466,15,228.3,60.8,False,True,False
node/1277834472,15,228.3,60.8,False,True,False
node/1277834492,15,228.3,60.8,False,False,True
node/1277834493,15,228.3,60.8,False,True,False
node/1277834582,15,228.3,60.8,False,False,True
node/1277834607,15,228.3,60.8,False,True,False
node/1277834618,15,228.3,60.8,False,False,True
node/1277834624,15,228.3,60.8,False,False,True
node/1277834649,15,228.3,60.8,False,False,True
node/1277834699,15,228.3,60.8,False,False,True
node/1277834725,15,228.3,60.8,False,False,True
node/1277834727,15,228.3,60.8,False,True,False
node/1279480910,15,228.3,60.8,False,False,True
node/1279480912,15,228.3,60.8,False,False,True
node/1279480916,15,228.3,60.8,False,False,True
node/1279480918,15,228.3,60.8,False,False,True
node/1279480923,15,228.3,60.8,False,False,True
node/1279480925,15,228.3,60.8,False,False,True
node/1279480929,15,228.3,60.8,False,True,False
node/1279480935,15,228.3,60.8,False,False,True
node/1279657058,15,228.3,60.8,False,True,False
node/1279675102,15,228.3,60.8,True,False,False
node/1279695348,15,228.3,60.8,False,True,False
node/1279695361,15,228.3,60.8,False,True,False
node/1279742021,15,228.3,60.8,False,False,True
node/1279742023,15,228.3,60.8,True,False,False
node/1279742024,15,228.3,60.8,False,True,False
node/1279742035,15,228.3,60.8,False,True,False
node/1279742039,15,228.3,60.8,False,True,False
node/1279742050,15,228.3,60.8,False,True,False
node/1279742054,15,228.3,60.8,False,True,False
node/1279742061,15,228.3,60.8,False,False,True
node/1279742063,15,228.3,60.8,False,True,False
node/1279742065,15,228.3,60.8,False,False,True
node/1279742073,15,228.3,60.8,False,True,False
node/1283536253,15,228.3,60.8,False,False,True
node/1283536254,15,228.3,60.8,False,False,True
node/1284581959,15,228.3,60.8,False,True,False
node/1284582060,15,228.3,60.8,False,False,True
node/1284926939,15,228.3,60.8,False,False,True
node/1284926944,15,228.3,60.8,False,True,False
node/1284926961,15,228.3,60.8,False,True,False
node/1284926963,15,228.3,60.8,False,True,False
node/1284926984,15,228.3,60.8,False,False,True
node/1284926985,15,228.3,60.8,False,False,True
node/1284926996,15,228.3,60.8,False,False,True
node/1284927009,15,228.3,60.8,False,True,False
node/1284927034,15,228.3,60.8,False,False,True
node/1284927074,15,228.3,60.8,False,True,False
node/1284927083,15,228.3,60.8,True,False,False
node/1284927093,15,228.3,60.8,False,True,False
node/1284927099,15,228.3,60.8,False,True,False
node/1284927115,15,228.3,60.8,False,True,False
node/1284927124,15,228.3,60.8,False,True,False
node/1284927131,15,228.3,60.8,False,True,False
node/1284927139,15,228.3,60.8,True,True,False
node/1286915409,15,228.3,60.8,False,True,False
node/1286915419,15,228.3,60.8,False,True,False
node/1286915421,15,228.3,60.8,False,True,False
node/1289529721,15,228.3,60.8,False,True,False
node/1289529758,15,228.3,60.8,False,True,False
node/1293986598,15,228.3,60.8,False,True,False
node/1293986601,15,228.3,60.8,False,True,False
node/1293986603,15,228.3,60.8,False,True,False
node/1294003447,15,228.3,60.8,False,False,True
node/1294003448,15,228.3,60.8,False,False,True
node/1294003450,15,228.3,60.8,False,False,True
node/1294003452,15,228.3,60.8,False,True,False
node/1294003453,15,228.3,60.8,False,True,False
node/1294003454,15,228.3,60.8,False,False,True
node/1294003461,15,228.3,60.8,False,False,True
node/1294003462,15,228.3,60.8,False,False,True
node/1295136729,15,228.3,60.8,False,True,False
node/1295150682,15,228.3,60.8,False,True,False
node/1295159013,15,228.3,60.8,False,False,True
node/1295159014,15,228.3,60.8,False,False,True
node/1295276479,15,228.3,60.8,False,True,False
node/1295312638,15,228.3,60.8,False,False,True
node/1295312640,15,228.3,60.8,False,False,True
node/1295312642,15,228.3,60.8,False,False,True
node/1295312646,15,228.3,60.8,False,False,True
node/1295312650,15,228.3,60.8,False,False,True
node/1295312655,15,228.3,60.8,False,False,True
node/1295312656,15,228.3,60.8,False,False,True
node/1295312657,15,228.3,60.8,False,False,True
node/1295343768,15,228.3,60.8,False,False,True
node/1295406453,15,228.3,60.8,False,False,True
node/1295406518,15,228.3,60.8,False,False,True
node/1295523738,15,228.3,60.8,False,True,False
node/1295523740,15,228.3,60.8,False,True,False
node/1295523743,15,228.3,60.8,False,False,True
node/1295523744,15,228.3,60.8,False,True,False
node/1295523757,15,228.3,60.8,True,False,False
node/1295523759,15,228.3,60.8,False,True,False
node/1295523760,15,228.3,60.8,False,True,False
node/1295523761,15,228.3,60.8,False,False,True
node/1295523762,15,228.3,60.8,False,True,False
node/1295523766,15,228.3,60.8,False,True,False
node/1295523767,15,228.3,60.8,False,True,False
node/1295523769,15,228.3,60.8,False,True,False
node/1295531541,15,228.3,60.8,False,False,True
node/1316610234,15,228.3,60.8,False,False,True
node/1316610236,15,228.3,60.8,False,False,True
node/1316610237,15,228.3,60.8,True,True,False
node/1316610238,15,228.3,60.8,True,False,False
node/1316610240,15,228.3,60.8,False,False,True
node/1316610242,15,228.3,60.8,False,True,False
node/1316610243,15,228.3,60.8,True,False,False
node/1316610245,15,228.3,60.8,False,False,True
node/1322862540,15,228.3,60.8,False,False,True
node/1322862545,15,228.3,60.8,False,True,False
node/1322862633,15,228.3,60.8,True,True,False
node/1322862663,15,228.3,60.8,True,True,False
node/1322862715,15,228.3,60.8,False,True,False
node/1322862749,15,228.3,60.8,True,False,False
node/1335607719,15,228.3,60.8,False,False,True
node/1335607722,15,228.3,60.8,False,True,False
node/1335607723,15,228.3,60.8,False,True,False
node/1335607726,15,228.3,60.8,False,False,True
node/1335607728,15,228.3,60.8,False,True,False
node/1335607730,15,228.3,60.8,False,False,True
node/1335607732,15,228.3,60.8,False,False,True
node/1362090001,15,228.3,60.8,False,False,True
node/1473295091,15,228.3,60.8,False,False,True
node/1473306609,15,228.3,60.8,False,True,False
node/1473306610,15,228.3,60.8,True,False,False
node/1474688192,15,228.3,60.8,False,True,False
node/1475413557,15,228.3,60.8,False,True,False
node/1475413558,15,228.3,60.8,False,True,False
node/1475413560,15,228.3,60.8,False,True,False
node/1475429792,15,228.3,60.8,False,True,False
node/1497152885,15,228.3,60.8,False,True,False
node/1497152886,15,228.3,60.8,False,True,False
node/1502802078,15,228.3,60.8,False,False,True
node/1518738714,15,228.3,60.8,False,True,False
node/1518738715,15,228.3,60.8,False,False,True
node/1518866593,15,228.3,60.8,False,True,False
node/1518866598,15,228.3,60.8,False,False,True
node/1518866601,15,228.3,60.8,False,True,False
node/1518866613,15,228.3,60.8,False,True,False
node/1518866616,15,228.3,60.8,False,False,True
node/1537450915,15,228.3,60.8,False,False,True
node/1539516740,15,228.3,60.8,False,False,True
node/1539534959,15,228.3,60.8,False,False,True
node/1539534962,15,228.3,60.8,False,False,True
node/1539534967,15,228.3,60.8,False,True,False
node/1539547355,15,228.3,60.8,False,False,True
node/1539547356,15,228.3,60.8,False,False,True
node/1539547361,15,228.3,60.8,False,False,True
node/1539562850,15,228.3,60.8,False,False,True
node/1539562852,15,228.3,60.8,False,True,False
node/1539562853,15,228.3,60.8,False,True,False
node/1539562854,15,228.3,60.8,False,True,False
node/1539583173,15,228.3,60.8,False,False,True
node/1539597590,15,228.3,60.8,False,False,True
node/1539597616,15,228.3,60.8,False,True,False
node/1539678548,15,228.3,60.8,False,False,True
node/1539678558,15,228.3,60.8,False,True,False
node/1544841003,15,228.3,60.8,False,False,True
node/1545845574,15,228.3,60.8,False,True,False
node/1545845576,15,228.3,60.8,False,False,True
node/1545845580,15,228.3,60.8,False,False,True
node/1545846262,15,228.3,60.8,False,False,True
node/1545847888,15,228.3,60.8,False,False,True
node/1545848949,15,228.3,60.8,False,False,True
node/1545849902,15,228.3,60.8,False,False,True
node/1545851487,15,228.3,60.8,False,True,False
node/1545851489,15,228.3,60.8,False,False,True
node/1545851972,15,228.3,60.8,False,False,True
node/1545852463,15,228.3,60.8,False,False,True
node/1545853114,15,228.3,60.8,False,False,True
node/1545853893,15,228.3,60.8,False,False,True
node/1546437496,15,228.3,60.8,False,True,False
node/1547068643,15,228.3,60.8,False,True,False
node/1547080406,15,228.3,60.8,False,True,False
node/1547084482,15,228.3,60.8,False,True,False
node/1547085681,15,228.3,60.8,True,True,False
node/1547090441,15,228.3,60.8,False,True,False
node/1547091135,15,228.3,60.8,True,False,False
node/1547092080,15,228.3,60.8,True,True,False
node/1547093044,15,228.3,60.8,False,False,True
node/1547094139,15,228.3,60.8,False,False,True
node/1547095073,15,228.3,60.8,False,False,True
node/1547097088,15,228.3,60.8,False,False,True
node/1547098418,15,228.3,60.8,False,False,True
node/1547099219,15,228.3,60.8,False,True,False
node/1547099890,15,228.3,60.8,False,True,False
node/1547100713,15,228.3,60.8,False,True,False
node/1547101216,15,228.3,60.8,False,False,True
node/1547101542,15,228.3,60.8,False,True,False
node/1547102325,15,228.3,60.8,False,False,True
node/1547103089,15,228.3,60.8,False,False,True
node/1547961077,15,228.3,60.8,False,True,False
node/1547961082,15,228.3,60.8,False,False,True
node/1547961083,15,228.3,60.8,False,False,True
node/1547961122,15,228.3,60.8,False,True,False
node/1547961128,15,228.3,60.8,True,False,False
node/1547961129,15,228.3,60.8,False,False,True
node/1547961130,15,228.3,60.8,False,False,True
node/1547961131,15,228.3,60.8,False,True,False
node/1547961134,15,228.3,60.8,False,False,True
node/1547961136,15,228.3,60.8,False,False,True
node/1547961140,15,228.3,60.8,False,False,True
node/1548015810,15,228.3,60.8,False,False,True
node/1548018877,15,228.3,60.8,False,False,True
node/1548019979,15,228.3,60.8,False,False,True
node/1548020871,15,228.3,60.8,False,False,True
node/1548022428,15,228.3,60.8,False,True,False
node/1548045188,15,228.3,60.8,False,False,True
node/1548046401,15,228.3,60.8,False,False,True
node/1548046768,15,228.3,60.8,False,False,True
node/1548550224,15,228.3,60.8,False,False,True
node/1557202178,15,228.3,60.8,False,True,False
node/1566286256,15,228.3,60.8,False,True,False
node/1566286258,15,228.3,60.8,False,False,True
node/1568171880,15,228.3,60.8,False,False,True
node/1568189550,15,228.3,60.8,False,True,False
node/1568189556,15,228.3,60.8,False,True,False
node/1568190839,15,228.3,60.8,False,True,False
node/1568191884,15,228.3,60.8,False,False,True
node/1596105515,15,228.3,60.8,True,False,False
node/1596105520,15,228.3,60.8,True,False,False
node/1598229853,15,228.3,60.8,False,True,False
node/1598229892,15,228.3,60.8,False,True,False
node/1614792198,15,228.3,60.8,False,False,True
node/1618961808,15,228.3,60.8,False,False,True
node/1627126724,15,228.3,60.8,False,False,True
node/1627175135,15,228.3,60.8,False,True,False
node/1627175170,15,228.3,60.8,False,False,True
node/1627175189,15,228.3,60.8,False,True,False
node/1627175192,15,228.3,60.8,False,True,False
node/1627175196,15,228.3,60.8,False,False,True
node/1627175209,15,228.3,60.8,False,False,True
node/1627175219,15,228.3,60.8,False,False,True
node/1630392450,15,228.3,60.8,True,True,False
node/1630392475,15,228.3,60.8,True,True,False
node/1630392476,15,228.3,60.8,True,True,False
node/1722078721,15,228.3,60.8,False,False,True
node/1725942660,15,228.3,60.8,False,False,True
node/1726338739,15,228.3,60.8,False,False,True
node/1741645047,15,228.3,60.8,False,True,False
node/1755319252,15,228.3,60.8,False,False,True
node/1759975493,15,228.3,60.8,True,True,False
node/1760433108,15,228.3,60.8,True,True,False
node/1772533650,15,228.3,60.8,False,True,False
node/1829091889,15,228.3,60.8,True,True,False
node/1855655660,15,228.3,60.8,True,False,False
node/1860891777,15,228.3,60.8,True,True,False
node/1860891778,15,228.3,60.8,False,False,True
node/1861526781,15,228.3,60.8,False,True,False
node/1861526787,15,228.3,60.8,False,False,True
node/1861526788,15,228.3,60.8,False,True,False
node/1861526789,15,228.3,60.8,False,True,False
node/1861554261,15,228.3,60.8,False,True,False
node/1861554267,15,228.3,60.8,False,True,False
node/1896236935,15,228.3,60.8,False,True,False
node/1918467028,15,228.3,60.8,False,True,False
node/1918467030,15,228.3,60.8,False,True,False
node/1918467032,15,228.3,60.8,True,True,False
node/1918467038,15,228.3,60.8,False,True,False
node/1918467042,15,228.3,60.8,False,True,False
node/1918467044,15,228.3,60.8,False,True,False
node/1918467045,15,228.3,60.8,True,True,False
node/1918467046,15,228.3,60.8,False,True,False
node/1918467049,15,228.3,60.8,False,True,False
node/1918467050,15,228.3,60.8,True,True,False
node/1918467051,15,228.3,60.8,False,False,True
node/1918467053,15,228.3,60.8,True,False,False
node/1918467054,15,228.3,60.8,False,True,False
node/1918467055,15,228.3,60.8,True,False,False
node/1918480815,15,228.3,60.8,False,False,True
node/1918488179,15,228.3,60.8,False,False,True
node/1918505665,15,228.3,60.8,False,False,True
node/1923996586,15,228.3,60.8,False,True,False
node/1923997018,15,228.3,60.8,False,True,False
node/1923997019,15,228.3,60.8,False,True,False
node/1923999678,15,228.3,60.8,False,True,False
node/1923999680,15,228.3,60.8,False,True,False
node/1924009113,15,228.3,60.8,False,True,False
node/1924009596,15,228.3,60.8,False,True,False
node/1924011395,15,228.3,60.8,False,True,False
node/1924011398,15,228.3,60.8,False,True,False
node/1930722216,15,228.3,60.8,False,False,True
node/1930722222,15,228.3,60.8,False,False,True
node/1930722228,15,228.3,60.8,False,False,True
node/1930730805,15,228.3,60.8,False,False,True
node/1930730808,15,228.3,60.8,False,False,True
node/1930730811,15,228.3,60.8,False,False,True
node/1932890437,15,228.3,60.8,True,False,False
node/1934423140,15,228.3,60.8,False,False,True
node/1937224299,15,228.3,60.8,True,True,False
node/1937305778,15,228.3,60.8,False,False,True
node/1937305782,15,228.3,60.8,False,False,True
node/1937305786,15,228.3,60.8,True,False,False
node/1938479893,15,228.3,60.8,False,False,True
node/1948113489,15,228.3,60.8,False,True,False
node/1953124118,15,228.3,60.8,False,True,False
node/1953124142,15,228.3,60.8,False,True,False
node/1953124146,15,228.3,60.8,False,True,False
node/1953124147,15,228.3,60.8,False,True,False
node/1965093067,15,228.3,60.8,False,False,True
node/1965093084,15,228.3,60.8,False,True,False
node/1989004811,15,228.3,60.8,False,False,True
node/1989004813,15,228.3,60.8,False,True,False
node/1989004814,15,228.3,60.8,False,True,False
node/1993694164,15,228.3,60.8,False,True,False
node/1999319832,15,228.3,60.8,False,True,False
node/1999319835,15,228.3,60.8,False,True,False
node/1999319836,15,228.3,60.8,True,False,False
node/1999319841,15,228.3,60.8,False,True,False
node/2015156309,15,228.3,60.8,False,True,False
node/2017318693,15,228.3,60.8,True,False,False
node/2017318698,15,228.3,60.8,False,False,True
node/2035541438,15,228.3,60.8,False,True,False
node/2035541439,15,228.3,60.8,False,False,True
node/2035541440,15,228.3,60.8,False,False,True
node/2051364322,15,228.3,60.8,False,False,True
node/2051364324,15,228.3,60.8,False,True,False
node/2051364325,15,228.3,60.8,False,True,False
node/2051364328,15,228.3,60.8,False,True,False
node/2055285208,15,228.3,60.8,False,True,False
node/2065192433,15,228.3,60.8,False,False,True
node/2065222332,15,228.3,60.8,True,False,False
node/2065222333,15,228.3,60.8,False,False,True
node/2065266872,15,228.3,60.8,False,True,False
node/2072182666,15,228.3,60.8,True,False,False
node/2072182667,15,228.3,60.8,True,False,False
node/2073827079,15,228.3,60.8,False,False,True
node/2073903610,15,228.3,60.8,False,True,False
node/2098398133,15,228.3,60.8,True,False,False
node/2106295907,15,228.3,60.8,False,False,True
node/2106383022,15,228.3,60.8,True,False,False
node/2106383023,15,228.3,60.8,False,True,False
node/2140750247,15,228.3,60.8,True,False,False
node/2140750248,15,228.3,60.8,False,False,True
node/2153344669,15,228.3,60.8,False,True,False
node/2153344670,15,228.3,60.8,True,False,False
node/2193287724,15,228.3,60.8,False,False,True
node/2193287727,15,228.3,60.8,False,False,True
node/2193330937,15,228.3,60.8,False,False,True
node/2195525294,15,228.3,60.8,False,False,True
node/2203322037,15,228.3,60.8,False,True,False
node/2208067335,15,228.3,60.8,False,True,False
node/2208585974,15,228.3,60.8,False,True,False
node/2208623408,15,228.3,60.8,False,False,True
node/2208630568,15,228.3,60.8,False,False,True
node/2208630571,15,228.3,60.8,False,False,True
node/2208630573,15,228.3,60.8,False,False,True
node/2208652334,15,228.3,60.8,False,True,False
node/2208662025,15,228.3,60.8,False,False,True
node/2215015137,15,228.3,60.8,False,False,True
node/2286139662,15,228.3,60.8,False,True,False
node/2286139669,15,228.3,60.8,False,True,False
node/2286139677,15,228.3,60.8,False,True,False
node/2286139682,15,228.3,60.8,False,True,False
node/2286139686,15,228.3,60.8,False,True,False
node/2286139690,15,228.3,60.8,False,False,True
node/2286139693,15,228.3,60.8,False,False,True
node/2286139702,15,228.3,60.8,False,True,False
node/2286139705,15,228.3,60.8,False,True,False
node/2286139707,15,228.3,60.8,False,True,False
node/2286139708,15,228.3,60.8,False,False,True
node/2286177771,15,228.3,60.8,False,True,False
node/2286177772,15,228.3,60.8,False,True,False
node/2294678465,15,228.3,60.8,False,True,False
node/2294678470,15,228.3,60.8,True,True,False
node/2294693273,15,228.3,60.8,True,True,False
node/2294693275,15,228.3,60.8,False,True,False
node/2294693276,15,228.3,60.8,False,True,False
node/2294693277,15,228.3,60.8,False,False,True
node/2294701897,15,228.3,60.8,True,True,False
node/2294701898,15,228.3,60.8,False,False,True
node/2296408188,15,228.3,60.8,False,False,True
node/2296408198,15,228.3,60.8,False,True,False
node/2296408226,15,228.3,60.8,False,True,False
node/2296423208,15,228.3,60.8,False,True,False
node/2296423210,15,228.3,60.8,False,True,False
node/2296423211,15,228.3,60.8,False,True,False
node/2301075384,15,228.3,60.8,True,False,False
node/2317639999,15,228.3,60.8,False,True,False
node/2329193234,15,228.3,60.8,False,True,False
node/2353678188,15,228.3,60.8,False,True,False
node/2353678191,15,228.3,60.8,False,True,False
node/2360434224,15,228.3,60.8,False,False,True
node/2363249181,15,228.3,60.8,False,True,False
node/2363249195,15,228.3,60.8,False,True,False
node/2363249210,15,228.3,60.8,False,True,False
node/2395077524,15,228.3,60.8,False,True,False
node/2400614076,15,228.3,60.8,False,False,True
node/2403785852,15,228.3,60.8,False,True,False
node/2403785857,15,228.3,60.8,False,True,False
node/2403785859,15,228.3,60.8,False,True,False
node/2404020692,15,228.3,60.8,False,True,False
node/2404101218,15,228.3,60.8,False,True,False
node/2406983946,15,228.3,60.8,True,False,False
node/2411169383,15,228.3,60.8,False,True,False
node/2411169384,15,228.3,60.8,False,True,False
node/2411184701,15,228.3,60.8,False,True,False
node/2411184721,15,228.3,60.8,False,True,False
node/2411481251,15,228.3,60.8,False,True,False
node/2411481253,15,228.3,60.8,False,True,False
node/2411513132,15,228.3,60.8,False,True,False
node/2415182284,15,228.3,60.8,False,True,False
node/2415182285,15,228.3,60.8,False,True,False
node/2419304189,15,228.3,60.8,False,False,True
node/2419311329,15,228.3,60.8,False,False,True
node/2420264565,15,228.3,60.8,False,False,True
node/2420779243,15,228.3,60.8,False,False,True
node/2425602959,15,228.3,60.8,False,False,True
node/2425602960,15,228.3,60.8,False,True,False
node/2430052872,15,228.3,60.8,False,True,False
node/2430052878,15,228.3,60.8,False,False,True
node/2430052881,15,228.3,60.8,False,False,True
node/2430052891,15,228.3,60.8,False,False,True
node/2430094940,15,228.3,60.8,True,True,False
node/2430094942,15,228.3,60.8,False,True,False
node/2430094943,15,228.3,60.8,False,False,True
node/2430107030,15,228.3,60.8,False,True,False
node/2430107032,15,228.3,60.8,False,False,True
node/2430118086,15,228.3,60.8,False,False,True
node/2430118089,15,228.3,60.8,False,False,True
node/2446591586,15,228.3,60.8,False,True,False
node/2446591590,15,228.3,60.8,False,True,False
node/2454003720,15,228.3,60.8,False,False,True
node/2454367769,15,228.3,60.8,False,True,False
node/2461220917,15,228.3,60.8,True,True,False
node/2471413129,15,228.3,60.8,False,True,False
node/2471413139,15,228.3,60.8,False,True,False
node/2471413159,15,228.3,60.8,False,True,False
node/2476362894,15,228.3,60.8,False,True,False
node/2477037398,15,228.3,60.8,False,False,True
node/2477037400,15,228.3,60.8,False,True,False
node/2477037401,15,228.3,60.8,True,False,False
node/2477037402,15,228.3,60.8,False,True,False
node/2477037403,15,228.3,60.8,False,False,True
node/2477060423,15,228.3,60.8,False,True,False
node/2477060431,15,228.3,60.8,True,True,False
node/2480091091,15,228.3,60.8,False,True,False
node/2480091096,15,228.3,60.8,False,False,True
node/2485511088,15,228.3,60.8,False,False,True
node/2486627817,15,228.3,60.8,False,True,False
node/2486627825,15,228.3,60.8,False,True,False
node/2486694059,15,228.3,60.8,False,True,False
node/2493833605,15,228.3,60.8,False,True,False
node/2501698688,15,228.3,60.8,False,True,False
node/2505950544,15,228.3,60.8,False,True,False
node/2505950560,15,228.3,60.8,True,True,False
node/2506015556,15,228.3,60.8,False,False,True
node/2512698134,15,228.3,60.8,False,False,True
node/2512698333,15,228.3,60.8,True,False,False
node/2514370015,15,228.3,60.8,False,True,False
node/2514370016,15,228.3,60.8,False,True,False
node/2514370020,15,228.3,60.8,False,True,False
node/2514370021,15,228.3,60.8,False,True,False
node/2514370024,15,228.3,60.8,False,True,False
node/2514370025,15,228.3,60.8,False,True,False
node/2514370028,15,228.3,60.8,False,True,False
node/2514370029,15,228.3,60.8,False,True,False
node/2514370031,15,228.3,60.8,False,True,False
node/2514370033,15,228.3,60.8,False,True,False
node/2514370034,15,228.3,60.8,False,True,False
node/2514370036,15,228.3,60.8,False,True,False
node/2518949173,15,228.3,60.8,False,False,True
node/2519017877,15,228.3,60.8,False,False,True
node/2529130118,15,228.3,60.8,False,False,True
node/2529588241,15,228.3,60.8,False,True,False
node/2529588265,15,228.3,60.8,False,True,False
node/2529588297,15,228.3,60.8,False,True,False
node/2529853669,15,228.3,60.8,False,True,False
node/2535325123,15,228.3,60.8,False,True,False
node/2535325127,15,228.3,60.8,False,True,False
node/2535381184,15,228.3,60.8,False,True,False
node/2535381201,15,228.3,60.8,False,False,True
node/2543430048,15,228.3,60.8,True,True,False
node/2544824842,15,228.3,60.8,True,False,False
node/2548806283,15,228.3,60.8,False,True,False
node/2548806285,15,228.3,60.8,False,True,False
node/2548820055,15,228.3,60.8,False,True,False
node/2548820056,15,228.3,60.8,False,False,True
node/2548832867,15,228.3,60.8,False,True,False
node/2550239720,15,228.3,60.8,False,True,False
node/2550350554,15,228.3,60.8,False,True,False
node/2550350560,15,228.3,60.8,False,True,False
node/2550363775,15,228.3,60.8,False,False,True
node/2550369646,15,228.3,60.8,True,True,False
node/2550369647,15,228.3,60.8,False,True,False
node/2550371587,15,228.3,60.8,False,False,True
node/2552386604,15,228.3,60.8,True,False,False
node/2552386606,15,228.3,60.8,False,True,False
node/2552386607,15,228.3,60.8,False,True,False
node/2552386608,15,228.3,60.8,False,False,True
node/2552386611,15,228.3,60.8,False,False,True
node/2552386613,15,228.3,60.8,False,False,True
node/2552386615,15,228.3,60.8,False,False,True
node/2552386617,15,228.3,60.8,False,True,False
node/2552386620,15,228.3,60.8,False,True,False
node/2552386621,15,228.3,60.8,False,True,False
node/2552386623,15,228.3,60.8,False,True,False
node/2552397560,15,228.3,60.8,False,True,False
node/2552397569,15,228.3,60.8,False,True,False
node/2552397579,15,228.3,60.8,False,True,False
node/2557705900,15,228.3,60.8,False,True,False
node/2557705901,15,228.3,60.8,False,True,False
node/2557705902,15,228.3,60.8,False,False,True
node/2558370099,15,228.3,60.8,False,True,False
node/2558385819,15,228.3,60.8,False,True,False
node/2559088012,15,228.3,60.8,True,False,False
node/2562158864,15,228.3,60.8,True,True,False
node/2564409414,15,228.3,60.8,False,False,True
node/2564423006,15,228.3,60.8,False,False,True
node/2564432541,15,228.3,60.8,False,True,False
node/2564448047,15,228.3,60.8,False,True,False
node/2564448048,15,228.3,60.8,False,True,False
node/2564448049,15,228.3,60.8,False,True,False
node/2564795419,15,228.3,60.8,False,False,True
node/2566152661,15,228.3,60.8,False,True,False
node/2566152663,15,228.3,60.8,False,False,True
node/2566152665,15,228.3,60.8,False,True,False
node/2566152668,15,228.3,60.8,False,False,True
node/2566656677,15,228.3,60.8,True,False,False
node/2566656687,15,228.3,60.8,False,True,False
node/2568950459,15,228.3,60.8,False,True,False
node/2569777539,15,228.3,60.8,False,False,True
node/2569917218,15,228.3,60.8,False,False,True
node/2570294500,15,228.3,60.8,False,True,False
node/2575832359,15,228.3,60.8,False,False,True
node/2606330407,15,228.3,60.8,False,True,False
node/2606331448,15,228.3,60.8,False,True,False
node/2606331546,15,228.3,60.8,False,True,False
node/2608051029,15,228.3,60.8,False,True,False
node/2608091514,15,228.3,60.8,False,False,True
node/2608634440,15,228.3,60.8,False,True,False
node/2609195844,15,228.3,60.8,False,False,True
node/2609222331,15,228.3,60.8,False,True,False
node/2609222332,15,228.3,60.8,False,True,False
node/2609222333,15,228.3,60.8,False,False,True
node/2609222334,15,228.3,60.8,False,True,False
node/2609224353,15,228.3,60.8,False,True,False
node/2609227364,15,228.3,60.8,False,False,True
node/2609227365,15,228.3,60.8,False,False,True
node/2609244196,15,228.3,60.8,False,False,True
node/2609287291,15,228.3,60.8,False,False,True
node/2609287292,15,228.3,60.8,False,True,False
node/2609287293,15,228.3,60.8,False,True,False
node/2609287294,15,228.3,60.8,False,False,True
node/2609287295,15,228.3,60.8,False,True,False
node/2609287297,15,228.3,60.8,False,True,False
node/2609287298,15,228.3,60.8,False,True,False
node/2609287300,15,228.3,60.8,False,True,False
node/2609319753,15,228.3,60.8,False,False,True
node/2609456195,15,228.3,60.8,False,True,False
node/2609456203,15,228.3,60.8,False,False,True
node/2610182511,15,228.3,60.8,False,False,True
node/2610487133,15,228.3,60.8,False,True,False
node/2610487134,15,228.3,60.8,False,True,False
node/2610487135,15,228.3,60.8,False,False,True
node/2610487136,15,228.3,60.8,False,False,True
node/2610487137,15,228.3,60.8,False,True,False
node/2610487138,15,228.3,60.8,True,True,False
node/2610487140,15,228.3,60.8,False,True,False
node/2610487141,15,228.3,60.8,False,False,True
node/2610487142,15,228.3,60.8,False,False,True
node/2610487143,15,228.3,60.8,False,False,True
node/2610487144,15,228.3,60.8,False,False,True
node/2610487145,15,228.3,60.8,False,True,False
node/2610487146,15,228.3,60.8,False,True,False
node/2610487147,15,228.3,60.8,False,True,False
node/2610487149,15,228.3,60.8,False,True,False
node/2610487151,15,228.3,60.8,False,True,False
node/2610487152,15,228.3,60.8,False,False,True
node/2613161145,15,228.3,60.8,False,True,False
node/2613161147,15,228.3,60.8,False,True,False
node/2613168362,15,228.3,60.8,False,False,True
node/2613168363,15,228.3,60.8,False,False,True
node/2613168365,15,228.3,60.8,False,True,False
node/2613168366,15,228.3,60.8,False,True,False
node/2613168367,15,228.3,60.8,True,True,False
node/2613183476,15,228.3,60.8,False,False,True
node/2613183477,15,228.3,60.8,False,False,True
node/2613183478,15,228.3,60.8,True,False,False
node/2613183479,15,228.3,60.8,True,True,False
node/2613183480,15,228.3,60.8,False,False,True
node/2613183481,15,228.3,60.8,False,False,True
node/2613229354,15,228.3,60.8,False,True,False
node/2613236650,15,228.3,60.8,False,True,False
node/2613247651,15,228.3,60.8,False,True,False
node/2613254699,15,228.3,60.8,False,True,False
node/2616310814,15,228.3,60.8,False,False,True
node/2616310815,15,228.3,60.8,False,True,False
node/2616310816,15,228.3,60.8,False,True,False
node/2616310817,15,228.3,60.8,False,True,False
node/2616310818,15,228.3,60.8,False,True,False
node/2616310820,15,228.3,60.8,True,True,False
node/2616310821,15,228.3,60.8,False,False,True
node/2616310822,15,228.3,60.8,False,True,False
node/2616310823,15,228.3,60.8,True,True,False
node/2616310828,15,228.3,60.8,False,False,True
node/2616310833,15,228.3,60.8,False,False,True
node/2616310837,15,228.3,60.8,False,False,True
node/2616331666,15,228.3,60.8,False,False,True
node/2616331667,15,228.3,60.8,False,True,False
node/2616331669,15,228.3,60.8,False,False,True
node/2616331670,15,228.3,60.8,False,True,False
node/2616331671,15,228.3,60.8,False,False,True
node/2616331672,15,228.3,60.8,False,True,False
node/2616331673,15,228.3,60.8,True,True,False
node/2616331674,15,228.3,60.8,False,True,False
node/2616331676,15,228.3,60.8,False,True,False
node/2616331677,15,228.3,60.8,False,True,False
node/2616331678,15,228.3,60.8,True,False,False
node/2616331679,15,228.3,60.8,False,False,True
node/2616331680,15,228.3,60.8,False,True,False
node/2616331681,15,228.3,60.8,False,False,True
node/2616339079,15,228.3,60.8,True,False,False
node/2616339081,15,228.3,60.8,False,False,True
node/2617569033,15,228.3,60.8,False,False,True
node/2617569034,15,228.3,60.8,False,True,False
node/2617575259,15,228.3,60.8,False,False,True
node/2617575260,15,228.3,60.8,False,True,False
node/2617880174,15,228.3,60.8,True,False,False
node/2617880183,15,228.3,60.8,False,True,False
node/2617880190,15,228.3,60.8,True,False,False
node/2617880197,15,228.3,60.8,False,True,False
node/2617880202,15,228.3,60.8,False,True,False
node/2617892086,15,228.3,60.8,True,True,False
node/2617892095,15,228.3,60.8,False,True,False
node/2617892104,15,228.3,60.8,False,True,False
node/2617892112,15,228.3,60.8,True,False,False
node/2617892121,15,228.3,60.8,False,False,True
node/2617892128,15,228.3,60.8,True,True,False
node/2617892136,15,228.3,60.8,False,False,True
node/2617892144,15,228.3,60.8,False,True,False
node/2617895513,15,228.3,60.8,False,True,False
node/2617895518,15,228.3,60.8,False,False,True
node/2617953959,15,228.3,60.8,False,True,False
node/2624837103,15,228.3,60.8,True,False,False
node/2624837110,15,228.3,60.8,True,False,False
node/2625780869,15,228.3,60.8,False,False,True
node/2625780870,15,228.3,60.8,False,False,True
node/2625780872,15,228.3,60.8,False,True,False
node/2625780873,15,228.3,60.8,False,False,True
node/2625780874,15,228.3,60.8,False,False,True
node/2625780876,15,228.3,60.8,False,False,True
node/2625780877,15,228.3,60.8,True,True,False
node/2625780878,15,228.3,60.8,False,False,True
node/2625785828,15,228.3,60.8,False,False,True
node/2625785833,15,228.3,60.8,False,False,True
node/2625785837,15,228.3,60.8,False,False,True
node/2625785842,15,228.3,60.8,False,False,True
node/2625785846,15,228.3,60.8,False,False,True
node/2625785850,15,228.3,60.8,False,True,False
node/2625786658,15,228.3,60.8,False,False,True
node/2625786659,15,228.3,60.8,False,True,False
node/2625787776,15,228.3,60.8,False,False,True
node/2625787777,15,228.3,60.8,False,True,False
node/2627188431,15,228.3,60.8,False,True,False
node/2627201344,15,228.3,60.8,False,True,False
node/2627201353,15,228.3,60.8,False,True,False
node/2631032334,15,228.3,60.8,False,False,True
node/2631032335,15,228.3,60.8,False,False,True
node/2631039385,15,228.3,60.8,False,False,True
node/2631039386,15,228.3,60.8,False,True,False
node/2631039387,15,228.3,60.8,False,True,False
node/2631039388,15,228.3,60.8,False,True,False
node/2631039389,15,228.3,60.8,False,True,False
node/2631039393,15,228.3,60.8,False,False,True
node/2631527781,15,228.3,60.8,False,True,False
node/2631756552,15,228.3,60.8,False,True,False
node/2631756553,15,228.3,60.8,False,False,True
node/2631756554,15,228.3,60.8,False,True,False
node/2631756555,15,228.3,60.8,False,False,True
node/2632468940,15,228.3,60.8,False,True,False
node/2632468948,15,228.3,60.8,False,False,True
node/2632468954,15,228.3,60.8,False,False,True
node/2632516492,15,228.3,60.8,False,False,True
node/2632516497,15,228.3,60.8,False,False,True
node/2632516502,15,228.3,60.8,False,False,True
node/2632516503,15,228.3,60.8,False,True,False
node/2632516505,15,228.3,60.8,False,True,False
node/2632516506,15,228.3,60.8,False,False,True
node/2632516507,15,228.3,60.8,False,False,True
node/2632516508,15,228.3,60.8,False,False,True
node/2632516511,15,228.3,60.8,False,True,False
node/2632516512,15,228.3,60.8,False,False,True
node/2632516514,15,228.3,60.8,False,False,True
node/2632516522,15,228.3,60.8,False,True,False
node/2632527072,15,228.3,60.8,False,False,True
node/2632527073,15,228.3,60.8,False,False,True
node/2632527074,15,228.3,60.8,False,True,False
node/2632527077,15,228.3,60.8,False,False,True
node/2632527082,15,228.3,60.8,False,True,False
node/2632554931,15,228.3,60.8,False,True,False
node/2632554938,15,228.3,60.8,True,True,False
node/2632554943,15,228.3,60.8,False,False,True
node/2632554948,15,228.3,60.8,False,True,False
node/2633469511,15,228.3,60.8,False,True,False
node/2633469513,15,228.3,60.8,False,True,False
node/2633469514,15,228.3,60.8,False,True,False
node/2633484153,15,228.3,60.8,False,False,True
node/2633484154,15,228.3,60.8,False,True,False
node/2633484156,15,228.3,60.8,False,True,False
node/2633484160,15,228.3,60.8,False,True,False
node/2633484163,15,228.3,60.8,False,True,False
node/2633488031,15,228.3,60.8,False,True,False
node/2633488032,15,228.3,60.8,False,True,False
node/2633488034,15,228.3,60.8,False,True,False
node/2633488035,15,228.3,60.8,False,True,False
node/2633489850,15,228.3,60.8,False,True,False
node/2633499506,15,228.3,60.8,False,True,False
node/2633499507,15,228.3,60.8,False,True,False
node/2633501124,15,228.3,60.8,False,True,False
node/2633501125,15,228.3,60.8,False,True,False
node/2633501126,15,228.3,60.8,False,False,True
node/2633502957,15,228.3,60.8,False,False,True
node/2634028279,15,228.3,60.8,False,True,False
node/2634028999,15,228.3,60.8,False,False,True
node/2634029628,15,228.3,60.8,False,False,True
node/2634030510,15,228.3,60.8,False,False,True
node/2634032303,15,228.3,60.8,True,True,False
node/2634035179,15,228.3,60.8,False,False,True
node/2634036911,15,228.3,60.8,False,False,True
node/2634039227,15,228.3,60.8,False,True,False
node/2634039972,15,228.3,60.8,False,True,False
node/2634040663,15,228.3,60.8,False,True,False
node/2634041075,15,228.3,60.8,False,True,False
node/2634042268,15,228.3,60.8,False,False,True
node/2634043774,15,228.3,60.8,False,False,True
node/2634844753,15,228.3,60.8,False,False,True
node/2634846075,15,228.3,60.8,False,True,False
node/2634847265,15,228.3,60.8,False,True,False
node/2634848724,15,228.3,60.8,True,False,False
node/2634850212,15,228.3,60.8,False,True,False
node/2634851336,15,228.3,60.8,True,True,False
node/2634852908,15,228.3,60.8,False,True,False
node/2634854438,15,228.3,60.8,False,True,False
node/2634855102,15,228.3,60.8,False,True,False
node/2634859534,15,228.3,60.8,False,True,False
node/2634862903,15,228.3,60.8,False,True,False
node/2634862904,15,228.3,60.8,False,True,False
node/2634862908,15,228.3,60.8,False,True,False
node/2634865385,15,228.3,60.8,False,True,False
node/2634866389,15,228.3,60.8,False,True,False
node/2634866390,15,228.3,60.8,False,True,False
node/2634867851,15,228.3,60.8,False,False,True
node/2634897688,15,228.3,60.8,False,False,True
node/2635330493,15,228.3,60.8,False,True,False
node/2639687114,15,228.3,60.8,False,False,True
node/2639688189,15,228.3,60.8,False,False,True
node/2639689855,15,228.3,60.8,False,True,False
node/2639692427,15,228.3,60.8,False,False,True
node/2639692432,15,228.3,60.8,False,True,False
node/2639692436,15,228.3,60.8,False,True,False
node/2639696198,15,228.3,60.8,False,True,False
node/2639699090,15,228.3,60.8,False,True,False
node/2639699364,15,228.3,60.8,False,True,False
node/2639702342,15,228.3,60.8,False,False,True
node/2639702343,15,228.3,60.8,False,True,False
node/2639703129,15,228.3,60.8,False,False,True
node/2639704177,15,228.3,60.8,False,False,True
node/2639708393,15,228.3,60.8,False,True,False
node/2639746328,15,228.3,60.8,False,False,True
node/2639749378,15,228.3,60.8,False,True,False
node/2639749379,15,228.3,60.8,False,False,True
node/2639749380,15,228.3,60.8,False,True,False
node/2639751837,15,228.3,60.8,False,False,True
node/2639752285,15,228.3,60.8,False,True,False
node/2639752932,15,228.3,60.8,False,True,False
node/2639753753,15,228.3,60.8,False,True,False
node/2639754519,15,228.3,60.8,False,False,True
node/2639757139,15,228.3,60.8,False,False,True
node/2639758109,15,228.3,60.8,True,False,False
node/2639758492,15,228.3,60.8,False,True,False
node/2639759479,15,228.3,60.8,False,True,False
node/2639762351,15,228.3,60.8,False,False,True
node/2645436023,15,228.3,60.8,True,True,False
node/2651683562,15,228.3,60.8,False,True,False
node/2651683563,15,228.3,60.8,False,True,False
node/2651684228,15,228.3,60.8,False,False,True
node/2651685650,15,228.3,60.8,False,False,True
node/2651685974,15,228.3,60.8,False,False,True
node/2651687847,15,228.3,60.8,False,False,True
node/2651688413,15,228.3,60.8,False,False,True
node/2651690853,15,228.3,60.8,False,False,True
node/2651716329,15,228.3,60.8,False,True,False
node/2651717273,15,228.3,60.8,False,True,False
node/2651719576,15,228.3,60.8,False,False,True
node/2651722607,15,228.3,60.8,False,True,False
node/2651722630,15,228.3,60.8,False,True,False
node/2651723071,15,228.3,60.8,False,True,False
node/2651723072,15,228.3,60.8,False,True,False
node/2651723433,15,228.3,60.8,False,False,True
node/2651750041,15,228.3,60.8,False,True,False
node/2651750042,15,228.3,60.8,True,True,False
node/2651751914,15,228.3,60.8,False,True,False
node/2651754334,15,228.3,60.8,False,True,False
node/2651754685,15,228.3,60.8,False,True,False
node/2651759822,15,228.3,60.8,False,False,True
node/2651759844,15,228.3,60.8,False,True,False
node/2651759850,15,228.3,60.8,False,True,False
node/2651764637,15,228.3,60.8,False,True,False
node/2651765054,15,228.3,60.8,False,True,False
node/2651767002,15,228.3,60.8,False,True,False
node/2651767007,15,228.3,60.8,True,False,False
node/2651768359,15,228.3,60.8,True,False,False
node/2651769006,15,228.3,60.8,False,True,False
node/2653803192,15,228.3,60.8,False,True,False
node/2653804621,15,228.3,60.8,False,True,False
node/2653813817,15,228.3,60.8,False,True,False
node/2653813818,15,228.3,60.8,True,True,False
node/2653814460,15,228.3,60.8,False,True,False
node/2653824863,15,228.3,60.8,False,True,False
node/2653825749,15,228.3,60.8,False,False,True
node/2653863599,15,228.3,60.8,False,True,False
node/2653869319,15,228.3,60.8,True,False,False
node/2653871049,15,228.3,60.8,True,False,False
node/2653871625,15,228.3,60.8,False,True,False
node/2653887470,15,228.3,60.8,False,True,False
node/2655759127,15,228.3,60.8,False,True,False
node/2655760267,15,228.3,60.8,False,True,False
node/2655760270,15,228.3,60.8,False,True,False
node/2655761685,15,228.3,60.8,False,False,True
node/2655761841,15,228.3,60.8,False,True,False
node/2655763313,15,228.3,60.8,False,False,True
node/2655765534,15,228.3,60.8,False,True,False
node/2655767049,15,228.3,60.8,False,False,True
node/2655767050,15,228.3,60.8,False,False,True
node/2655767105,15,228.3,60.8,False,False,True
node/2655767410,15,228.3,60.8,True,True,False
node/2655768678,15,228.3,60.8,False,False,True
node/2655784984,15,228.3,60.8,False,True,False
node/2655784985,15,228.3,60.8,False,False,True
node/2655784986,15,228.3,60.8,False,False,True
node/2655784987,15,228.3,60.8,False,True,False
node/2655784988,15,228.3,60.8,False,False,True
node/2655787647,15,228.3,60.8,False,True,False
node/2655787658,15,228.3,60.8,False,True,False
node/2655787670,15,228.3,60.8,False,False,True
node/2655790968,15,228.3,60.8,False,True,False
node/2655790976,15,228.3,60.8,False,False,True
node/2655791330,15,228.3,60.8,False,False,True
node/2655813144,15,228.3,60.8,True,False,False
node/2655814103,15,228.3,60.8,True,False,False
node/2655814108,15,228.3,60.8,False,False,True
node/2655815607,15,228.3,60.8,False,False,True
node/2655815608,15,228.3,60.8,False,True,False
node/2655817999,15,228.3,60.8,False,True,False
node/2655819182,15,228.3,60.8,False,True,False
node/2655819183,15,228.3,60.8,False,True,False
node/2655819671,15,228.3,60.8,False,True,False
node/2655820401,15,228.3,60.8,False,False,True
node/2655820410,15,228.3,60.8,False,True,False
node/2655823568,15,228.3,60.8,False,False,True
node/2655827135,15,228.3,60.8,False,False,True
node/2655827824,15,228.3,60.8,False,False,True
node/2655827825,15,228.3,60.8,True,False,False
node/2655827826,15,228.3,60.8,True,True,False
node/2655827842,15,228.3,60.8,True,False,False
node/2655829297,15,228.3,60.8,True,False,False
node/2655829298,15,228.3,60.8,False,True,False
node/2655830447,15,228.3,60.8,False,True,False
node/2655830455,15,228.3,60.8,False,True,False
node/2655835417,15,228.3,60.8,False,True,False
node/2655836478,15,228.3,60.8,False,False,True
node/2659231278,15,228.3,60.8,False,True,False
node/2659360764,15,228.3,60.8,True,True,False
node/2659362311,15,228.3,60.8,False,True,False
node/2662811502,15,228.3,60.8,False,True,False
node/2662815867,15,228.3,60.8,False,True,False
node/2662818263,15,228.3,60.8,False,True,False
node/2662820234,15,228.3,60.8,False,True,False
node/2662820621,15,228.3,60.8,False,True,False
node/2662828661,15,228.3,60.8,False,True,False
node/2662838180,15,228.3,60.8,False,True,False
node/2662840694,15,228.3,60.8,False,False,True
node/2662843884,15,228.3,60.8,False,False,True
node/2662847374,15,228.3,60.8,False,True,False
node/2662849222,15,228.3,60.8,False,True,False
node/2664120596,15,228.3,60.8,False,True,False
node/2664120877,15,228.3,60.8,False,True,False
node/2664137046,15,228.3,60.8,False,True,False
node/2664152347,15,228.3,60.8,False,True,False
node/2664153098,15,228.3,60.8,True,True,False
node/2664153220,15,228.3,60.8,False,True,False
node/2665597586,15,228.3,60.8,False,False,True
node/2665599980,15,228.3,60.8,True,True,False
node/2665610047,15,228.3,60.8,False,False,True
node/2665611536,15,228.3,60.8,False,False,True
node/2665612322,15,228.3,60.8,False,True,False
node/2665617638,15,228.3,60.8,False,True,False
node/2665624752,15,228.3,60.8,False,True,False
node/2665628422,15,228.3,60.8,False,True,False
node/2665629447,15,228.3,60.8,False,True,False
node/2665657134,15,228.3,60.8,False,True,False
node/2665661664,15,228.3,60.8,False,True,False
node/2665720151,15,228.3,60.8,False,False,True
node/2665721436,15,228.3,60.8,False,True,False
node/2665729560,15,228.3,60.8,False,True,False
node/2665782703,15,228.3,60.8,False,False,True
node/2665785610,15,228.3,60.8,False,True,False
node/2665788104,15,228.3,60.8,False,False,True
node/2665789145,15,228.3,60.8,False,False,True
node/2666147343,15,228.3,60.8,False,True,False
node/2666935033,15,228.3,60.8,False,False,True
node/2667005368,15,228.3,60.8,True,False,False
node/2667005369,15,228.3,60.8,False,False,True
node/2667005370,15,228.3,60.8,True,False,False
node/2668421266,15,228.3,60.8,False,True,False
node/2668421267,15,228.3,60.8,False,True,False
node/2668424488,15,228.3,60.8,False,True,False
node/2668430722,15,228.3,60.8,False,True,False
node/2668430728,15,228.3,60.8,False,True,False
node/2668452933,15,228.3,60.8,True,True,False
node/2668452935,15,228.3,60.8,False,True,False
node/2668455763,15,228.3,60.8,False,True,False
node/2668467396,15,228.3,60.8,False,False,True
node/2668505483,15,228.3,60.8,False,True,False
node/2668517864,15,228.3,60.8,True,True,False
node/2668517874,15,228.3,60.8,True,True,False
node/2668517881,15,228.3,60.8,True,True,False
node/2668517891,15,228.3,60.8,False,True,False
node/2707129442,15,228.3,60.8,False,False,True
node/2707129452,15,228.3,60.8,True,True,False
node/2707204585,15,228.3,60.8,True,False,False
node/2707210897,15,228.3,60.8,False,True,False
node/2707212224,15,228.3,60.8,False,False,True
node/2707223596,15,228.3,60.8,False,False,True
node/2707224402,15,228.3,60.8,False,False,True
node/2711706935,15,228.3,60.8,False,False,True
node/2762341491,15,228.3,60.8,False,False,True
node/2810719946,15,228.3,60.8,False,True,False
node/2820769012,15,228.3,60.8,False,True,False
node/2856773444,15,228.3,60.8,False,True,False
node/2856773445,15,228.3,60.8,False,True,False
node/2859842830,15,228.3,60.8,False,True,False
node/2859872048,15,228.3,60.8,True,False,False
node/2859878218,15,228.3,60.8,False,False,True
node/2859881743,15,228.3,60.8,False,True,False
node/2859881744,15,228.3,60.8,False,True,False
node/2859881745,15,228.3,60.8,True,True,False
node/2859883816,15,228.3,60.8,False,True,False
node/2859889328,15,228.3,60.8,False,False,True
node/2859891239,15,228.3,60.8,False,False,True
node/2859894501,15,228.3,60.8,False,False,True
node/2859906856,15,228.3,60.8,True,True,False
node/2859912035,15,228.3,60.8,False,False,True
node/2859912153,15,228.3,60.8,True,True,False
node/2860037788,15,228.3,60.8,False,True,False
node/2860037790,15,228.3,60.8,False,True,False
node/2860061583,15,228.3,60.8,False,True,False
node/2860061584,15,228.3,60.8,False,False,True
node/2860065379,15,228.3,60.8,False,False,True
node/2860065380,15,228.3,60.8,False,False,True
node/2860065381,15,228.3,60.8,False,False,True
node/2860065382,15,228.3,60.8,False,True,False
node/2860066520,15,228.3,60.8,True,False,False
node/2862131629,15,228.3,60.8,False,True,False
node/2862183667,15,228.3,60.8,True,True,False
node/2862183668,15,228.3,60.8,True,False,False
node/2862207916,15,228.3,60.8,False,False,True
node/2862282747,15,228.3,60.8,False,False,True
node/2868399805,15,228.3,60.8,False,True,False
node/2868407742,15,228.3,60.8,False,True,False
node/2868407743,15,228.3,60.8,False,True,False
node/2870175902,15,228.3,60.8,False,True,False
node/2870175903,15,228.3,60.8,False,False,True
node/2870196120,15,228.3,60.8,False,True,False
node/2886845058,15,228.3,60.8,True,True,False
node/2886845060,15,228.3,60.8,False,False,True
node/2886903239,15,228.3,60.8,False,True,False
node/2886907973,15,228.3,60.8,False,True,False
node/2886907974,15,228.3,60.8,False,True,False
node/2886907975,15,228.3,60.8,False,True,False
node/2886925986,15,228.3,60.8,True,False,False
node/2886956717,15,228.3,60.8,False,False,True
node/2887017262,15,228.3,60.8,False,True,False
node/2887079094,15,228.3,60.8,False,False,True
node/2887079666,15,228.3,60.8,False,False,True
node/2887383937,15,228.3,60.8,False,True,False
node/2923126645,15,228.3,60.8,False,True,False
node/2924350291,15,228.3,60.8,False,True,False
node/2924350292,15,228.3,60.8,False,False,True
node/2924350377,15,228.3,60.8,False,True,False
node/2924350395,15,228.3,60.8,True,True,False
node/2924360256,15,228.3,60.8,False,True,False
node/2924360279,15,228.3,60.8,False,True,False
node/2924372002,15,228.3,60.8,False,True,False
node/2924372022,15,228.3,60.8,False,True,False
node/2924372034,15,228.3,60.8,False,True,False
node/2943609225,15,228.3,60.8,False,True,False
node/2947251443,15,228.3,60.8,False,False,True
node/2977882640,15,228.3,60.8,False,False,True
node/2988500054,15,228.3,60.8,True,False,False
node/2989246792,15,228.3,60.8,False,False,True
node/2997509000,15,228.3,60.8,False,False,True
node/2997509002,15,228.3,60.8,False,False,True
node/2997509003,15,228.3,60.8,False,True,False
node/2997509008,15,228.3,60.8,False,False,True
node/2997509011,15,228.3,60.8,False,True,False
node/2997509012,15,228.3,60.8,False,True,False
node/2998129806,15,228.3,60.8,False,True,False
node/2998129809,15,228.3,60.8,False,False,True
node/2998129811,15,228.3,60.8,False,True,False
node/2998129813,15,228.3,60.8,False,True,False
node/2998183224,15,228.3,60.8,False,True,False
node/2998183226,15,228.3,60.8,True,True,False
node/2998183228,15,228.3,60.8,False,True,False
node/2998183230,15,228.3,60.8,False,True,False
node/2998183232,15,228.3,60.8,False,True,False
node/2998184134,15,228.3,60.8,False,False,True
node/2998184136,15,228.3,60.8,False,True,False
node/2998184138,15,228.3,60.8,False,True,False
node/2998393385,15,228.3,60.8,False,True,False
node/2998583701,15,228.3,60.8,False,False,True
node/3003594978,15,228.3,60.8,False,True,False
node/3004237497,15,228.3,60.8,False,False,True
node/3004237498,15,228.3,60.8,False,True,False
node/3004237499,15,228.3,60.8,False,True,False
node/3005158302,15,228.3,60.8,False,True,False
node/3005158303,15,228.3,60.8,False,False,True
node/3005194063,15,228.3,60.8,False,True,False
node/3012120995,15,228.3,60.8,False,False,True
node/3012140701,15,228.3,60.8,False,False,True
node/3012222971,15,228.3,60.8,False,True,False
node/3012431711,15,228.3,60.8,False,False,True
node/3012431713,15,228.3,60.8,False,True,False
node/3012431723,15,228.3,60.8,False,True,False
node/3012431725,15,228.3,60.8,False,True,False
node/3012431726,15,228.3,60.8,False,True,False
node/3012431728,15,228.3,60.8,False,True,False
node/3012431730,15,228.3,60.8,False,True,False
node/3012431732,15,228.3,60.8,False,True,False
node/3012433135,15,228.3,60.8,False,True,False
node/3012433137,15,228.3,60.8,False,True,False
node/3013077540,15,228.3,60.8,False,False,True
node/3016472376,15,228.3,60.8,False,True,False
node/3016472378,15,228.3,60.8,False,True,False
node/3016472382,15,228.3,60.8,False,True,False
node/3016472384,15,228.3,60.8,False,True,False
node/3016472387,15,228.3,60.8,False,True,False
node/3016472392,15,228.3,60.8,False,False,True
node/3016582659,15,228.3,60.8,False,True,False
node/3016582662,15,228.3,60.8,False,False,True
node/3016582663,15,228.3,60.8,True,True,False
node/3016582666,15,228.3,60.8,False,True,False
node/3016582671,15,228.3,60.8,False,False,True
node/3016582672,15,228.3,60.8,False,False,True
node/3016600596,15,228.3,60.8,False,True,False
node/3016600597,15,228.3,60.8,False,True,False
node/3016600599,15,228.3,60.8,False,True,False
node/3019007373,15,228.3,60.8,True,False,False
node/3019007375,15,228.3,60.8,False,True,False
node/3019007376,15,228.3,60.8,True,False,False
node/3019007377,15,228.3,60.8,True,False,False
node/3019037302,15,228.3,60.8,True,False,False
node/3019037303,15,228.3,60.8,False,False,True
node/3019037304,15,228.3,60.8,False,False,True
node/3020888382,15,228.3,60.8,False,False,True
node/3021854035,15,228.3,60.8,False,False,True
node/3021854038,15,228.3,60.8,False,False,True
node/3022882348,15,228.3,60.8,False,False,True
node/3022882349,15,228.3,60.8,False,True,False
node/3028081934,15,228.3,60.8,False,False,True
node/3028366657,15,228.3,60.8,False,True,False
node/3035842803,15,228.3,60.8,False,False,True
node/3036649482,15,228.3,60.8,False,True,False
node/3036649483,15,228.3,60.8,False,True,False
node/3036649484,15,228.3,60.8,False,True,False
node/3036649485,15,228.3,60.8,False,True,False
node/3036649486,15,228.3,60.8,False,True,False
node/3036649487,15,228.3,60.8,False,True,False
node/3036666259,15,228.3,60.8,False,False,True
node/3041929151,15,228.3,60.8,False,False,True
node/3041929152,15,228.3,60.8,False,False,True
node/3041929155,15,228.3,60.8,False,False,True
node/3050921307,15,228.3,60.8,True,False,False
node/3050921308,15,228.3,60.8,True,False,False
node/3059689204,15,228.3,60.8,False,True,False
node/3059793358,15,228.3,60.8,False,False,True
node/3096115845,15,228.3,60.8,False,False,True
node/3106096237,15,228.3,60.8,True,False,False
node/3115184429,15,228.3,60.8,True,True,False
node/3127491126,15,228.3,60.8,False,False,True
node/3139739588,15,228.3,60.8,False,False,True
node/3149270079,15,228.3,60.8,False,True,False
node/3152346117,15,228.3,60.8,False,False,True
node/3178775169,15,228.3,60.8,False,False,True
node/3178775170,15,228.3,60.8,False,False,True
node/3178775173,15,228.3,60.8,False,False,True
node/3178775174,15,228.3,60.8,False,False,True
node/3200725396,15,228.3,60.8,False,False,True
node/3224062590,15,228.3,60.8,False,False,True
node/3224062593,15,228.3,60.8,False,False,True
node/3224062596,15,228.3,60.8,False,False,True
node/3236536366,15,228.3,60.8,False,False,True
node/3236536367,15,228.3,60.8,False,False,True
node/3254078124,15,228.3,60.8,False,True,False
node/3254078125,15,228.3,60.8,False,True,False
node/3263986607,15,228.3,60.8,False,False,True
node/3309932310,15,228.3,60.8,False,False,True
node/3312832841,15,228.3,60.8,False,False,True
node/3338613447,15,228.3,60.8,False,False,True
node/3341528120,15,228.3,60.8,False,False,True
node/3348364710,15,228.3,60.8,True,False,False
node/3348364711,15,228.3,60.8,False,True,False
node/3362155108,15,228.3,60.8,False,True,False
node/3370698715,15,228.3,60.8,False,True,False
node/3371795958,15,228.3,60.8,False,True,False
node/3371795959,15,228.3,60.8,False,True,False
node/3372962161,15,228.3,60.8,False,True,False
node/3373060056,15,228.3,60.8,False,True,False
node/3373440443,15,228.3,60.8,False,True,False
node/3376598376,15,228.3,60.8,False,True,False
node/3377118662,15,228.3,60.8,False,True,False
node/3378110325,15,228.3,60.8,False,True,False
node/3378447632,15,228.3,60.8,False,True,False
node/3387897732,15,228.3,60.8,True,True,False
node/3410546250,15,228.3,60.8,False,True,False
node/3425093493,15,228.3,60.8,False,True,False
node/3425093495,15,228.3,60.8,False,True,False
node/3429335811,15,228.3,60.8,False,True,False
node/3458303207,15,228.3,60.8,False,False,True
node/3458303213,15,228.3,60.8,False,False,True
node/3458303214,15,228.3,60.8,False,False,True
node/3458303223,15,228.3,60.8,False,False,True
node/3458303224,15,228.3,60.8,False,False,True
node/3458303225,15,228.3,60.8,False,False,True
node/3458303227,15,228.3,60.8,False,False,True
node/3458303232,15,228.3,60.8,False,False,True
node/3501065010,15,228.3,60.8,False,True,False
node/3501065011,15,228.3,60.8,False,True,False
node/3612316539,15,228.3,60.8,False,True,False
node/3624945317,15,228.3,60.8,False,False,True
node/3628864690,15,228.3,60.8,False,False,True
node/3701299048,15,228.3,60.8,False,False,True
node/3702639733,15,228.3,60.8,False,False,True
node/3704614993,15,228.3,60.8,False,False,True
node/3704614998,15,228.3,60.8,False,False,True
node/3707878984,15,228.3,60.8,False,True,False
node/3707878986,15,228.3,60.8,False,True,False
node/3709071960,15,228.3,60.8,False,True,False
node/3716873809,15,228.3,60.8,False,True,False
node/3716873810,15,228.3,60.8,False,False,True
node/3717587927,15,228.3,60.8,False,False,True
node/3717587929,15,228.3,60.8,False,False,True
node/3717587931,15,228.3,60.8,True,False,False
node/3717587934,15,228.3,60.8,False,False,True
node/3720096881,15,228.3,60.8,False,True,False
node/3720096914,15,228.3,60.8,False,True,False
node/3720303412,15,228.3,60.8,False,True,False
node/3720303418,15,228.3,60.8,False,True,False
node/3731257157,15,228.3,60.8,False,False,True
node/3752972249,15,228.3,60.8,False,False,True
node/3752972250,15,228.3,60.8,True,False,False
node/3753012028,15,228.3,60.8,False,False,True
node/3758949027,15,228.3,60.8,False,False,True
node/3758949054,15,228.3,60.8,False,False,True
node/3758949055,15,228.3,60.8,False,False,True
node/3758949367,15,228.3,60.8,False,True,False
node/3758949375,15,228.3,60.8,False,False,True
node/3758949387,15,228.3,60.8,False,True,False
node/3758958225,15,228.3,60.8,False,True,False
node/3759179957,15,228.3,60.8,False,True,False
node/3759179960,15,228.3,60.8,False,False,True
node/3773487102,15,228.3,60.8,False,True,False
node/3773487103,15,228.3,60.8,False,False,True
node/3773574431,15,228.3,60.8,False,False,True
node/3773574434,15,228.3,60.8,False,True,False
node/3773574435,15,228.3,60.8,False,False,True
node/3773574436,15,228.3,60.8,False,False,True
node/3775316414,15,228.3,60.8,False,False,True
node/3775316417,15,228.3,60.8,False,False,True
node/3778783745,15,228.3,60.8,False,True,False
node/3778783746,15,228.3,60.8,False,True,False
node/3778783749,15,228.3,60.8,False,False,True
node/3778783750,15,228.3,60.8,False,True,False
node/3778783752,15,228.3,60.8,False,False,True
node/3778783755,15,228.3,60.8,False,False,True
node/3778790463,15,228.3,60.8,False,False,True
node/3778790466,15,228.3,60.8,False,True,False
node/3779600228,15,228.3,60.8,False,True,False
node/3780381641,15,228.3,60.8,True,True,False
node/3780381642,15,228.3,60.8,False,True,False
node/3780581690,15,228.3,60.8,True,False,False
node/3780582515,15,228.3,60.8,False,False,True
node/3780584592,15,228.3,60.8,False,False,True
node/3780909786,15,228.3,60.8,False,False,True
node/3782055701,15,228.3,60.8,False,False,True
node/3782496411,15,228.3,60.8,False,False,True
node/3782654737,15,228.3,60.8,True,True,False
node/3782677184,15,228.3,60.8,False,False,True
node/3782677223,15,228.3,60.8,False,False,True
node/3782677644,15,228.3,60.8,False,False,True
node/3782682702,15,228.3,60.8,False,False,True
node/3782682703,15,228.3,60.8,False,False,True
node/3783192571,15,228.3,60.8,False,False,True
node/3783192572,15,228.3,60.8,False,False,True
node/3785016551,15,228.3,60.8,False,True,False
node/3785016552,15,228.3,60.8,False,False,True
node/3785016555,15,228.3,60.8,False,True,False
node/3785018498,15,228.3,60.8,False,True,False
node/3785026057,15,228.3,60.8,False,True,False
node/3785026064,15,228.3,60.8,False,False,True
node/3785026066,15,228.3,60.8,False,True,False
node/3785026070,15,228.3,60.8,False,False,True
node/3785026074,15,228.3,60.8,False,False,True
node/3785026083,15,228.3,60.8,False,True,False
node/3785026084,15,228.3,60.8,False,True,False
node/3785026086,15,228.3,60.8,False,False,True
node/3785190648,15,228.3,60.8,True,False,False
node/3785436827,15,228.3,60.8,False,True,False
node/3786057232,15,228.3,60.8,False,True,False
node/3786057238,15,228.3,60.8,False,True,False
node/3786057240,15,228.3,60.8,True,True,False
node/3786067896,15,228.3,60.8,False,False,True
node/3786067901,15,228.3,60.8,False,False,True
node/3786067902,15,228.3,60.8,False,False,True
node/3786072201,15,228.3,60.8,True,False,False
node/3786072202,15,228.3,60.8,True,False,False
node/3786072203,15,228.3,60.8,True,False,False
node/3786087263,15,228.3,60.8,False,True,False
node/3786087265,15,228.3,60.8,False,True,False
node/3786087266,15,228.3,60.8,True,True,False
node/3786087267,15,228.3,60.8,False,True,False
node/3786087268,15,228.3,60.8,False,True,False
node/3786087273,15,228.3,60.8,False,True,False
node/3786651044,15,228.3,60.8,False,False,True
node/3786669546,15,228.3,60.8,False,True,False
node/3786669547,15,228.3,60.8,False,True,False
node/3786669548,15,228.3,60.8,False,False,True
node/3786669549,15,228.3,60.8,False,True,False
node/3786719323,15,228.3,60.8,False,False,True
node/3786719325,15,228.3,60.8,False,True,False
node/3786719326,15,228.3,60.8,False,False,True
node/3787404038,15,228.3,60.8,False,True,False
node/3787404039,15,228.3,60.8,False,True,False
node/3787404041,15,228.3,60.8,False,False,True
node/3787404043,15,228.3,60.8,False,False,True
node/3787404046,15,228.3,60.8,False,False,True
node/3787404047,15,228.3,60.8,False,True,False
node/3787492257,15,228.3,60.8,False,False,True
node/3787492261,15,228.3,60.8,False,False,True
node/3787492263,15,228.3,60.8,False,True,False
node/3787515583,15,228.3,60.8,False,False,True
node/3787515590,15,228.3,60.8,False,False,True
node/3787561579,15,228.3,60.8,False,False,True
node/3787561580,15,228.3,60.8,False,False,True
node/3787561581,15,228.3,60.8,True,False,False
node/3787613716,15,228.3,60.8,False,True,False
node/3787613717,15,228.3,60.8,False,True,False
node/3787665759,15,228.3,60.8,False,True,False
node/3787665768,15,228.3,60.8,False,True,False
node/3787901073,15,228.3,60.8,False,False,True
node/3788667384,15,228.3,60.8,False,True,False
node/3788722359,15,228.3,60.8,False,False,True
node/3788722361,15,228.3,60.8,True,False,False
node/3788722362,15,228.3,60.8,False,True,False
node/3788722363,15,228.3,60.8,False,False,True
node/3788722365,15,228.3,60.8,False,False,True
node/3788722366,15,228.3,60.8,False,True,False
node/3788722367,15,228.3,60.8,False,False,True
node/3788722368,15,228.3,60.8,False,False,True
node/3789567789,15,228.3,60.8,False,True,False
node/3789624734,15,228.3,60.8,False,True,False
node/3789624735,15,228.3,60.8,False,True,False
node/3789624736,15,228.3,60.8,False,True,False
node/3789624737,15,228.3,60.8,False,True,False
node/3789624738,15,228.3,60.8,False,True,False
node/3789624740,15,228.3,60.8,False,True,False
node/3789624741,15,228.3,60.8,False,True,False
node/3789624742,15,228.3,60.8,False,False,True
node/3790545075,15,228.3,60.8,False,False,True
node/3790545076,15,228.3,60.8,False,False,True
node/3790545077,15,228.3,60.8,False,True,False
node/3790545078,15,228.3,60.8,False,True,False
node/3790545079,15,228.3,60.8,True,True,False
node/3790545080,15,228.3,60.8,False,False,True
node/3790545081,15,228.3,60.8,False,False,True
node/3790545083,15,228.3,60.8,False,False,True
node/3790545084,15,228.3,60.8,False,True,False
node/3790545085,15,228.3,60.8,False,False,True
node/3790545086,15,228.3,60.8,False,False,True
node/3790547698,15,228.3,60.8,False,False,True
node/3790779433,15,228.3,60.8,False,True,False
node/3790779435,15,228.3,60.8,False,True,False
node/3790779441,15,228.3,60.8,False,True,False
node/3790779442,15,228.3,60.8,False,True,False
node/3790779444,15,228.3,60.8,False,True,False
node/3790779446,15,228.3,60.8,False,True,False
node/3790779447,15,228.3,60.8,False,True,False
node/3790779449,15,228.3,60.8,False,True,False
node/3790779450,15,228.3,60.8,False,True,False
node/3790779451,15,228.3,60.8,False,True,False
node/3791785050,15,228.3,60.8,False,True,False
node/3806894854,15,228.3,60.8,True,False,False
node/3806894856,15,228.3,60.8,False,True,False
node/3806895657,15,228.3,60.8,True,False,False
node/3808056722,15,228.3,60.8,False,False,True
node/3808056723,15,228.3,60.8,False,False,True
node/3808100251,15,228.3,60.8,False,False,True
node/3808366787,15,228.3,60.8,False,True,False
node/3808366789,15,228.3,60.8,False,True,False
node/3808366793,15,228.3,60.8,False,True,False
node/3808366795,15,228.3,60.8,False,True,False
node/3808366796,15,228.3,60.8,False,False,True
node/3808544749,15,228.3,60.8,False,True,False
node/3808544750,15,228.3,60.8,False,True,False
node/3808544751,15,228.3,60.8,False,True,False
node/3808544752,15,228.3,60.8,False,True,False
node/3808544753,15,228.3,60.8,False,True,False
node/3808544754,15,228.3,60.8,False,True,False
node/3808544755,15,228.3,60.8,False,True,False
node/3808554257,15,228.3,60.8,False,False,True
node/3823152620,15,228.3,60.8,False,True,False
node/3823152623,15,228.3,60.8,False,True,False
node/3823152631,15,228.3,60.8,False,True,False
node/3823152636,15,228.3,60.8,False,True,False
node/3823152653,15,228.3,60.8,False,True,False
node/3823152760,15,228.3,60.8,False,True,False
node/3823152762,15,228.3,60.8,False,True,False
node/3823152789,15,228.3,60.8,False,True,False
node/3825603158,15,228.3,60.8,False,False,True
node/3886301889,15,228.3,60.8,False,False,True
node/3893104707,15,228.3,60.8,False,False,True
node/3898715839,15,228.3,60.8,False,False,True
node/3984824935,15,228.3,60.8,True,False,False
node/3988010391,15,228.3,60.8,False,True,False
node/4041812652,15,228.3,60.8,False,False,True
node/4041812653,15,228.3,60.8,False,False,True
node/4041812654,15,228.3,60.8,False,False,True
node/4041812885,15,228.3,60.8,True,True,False
node/4041812886,15,228.3,60.8,False,False,True
node/4080244174,15,228.3,60.8,False,False,True
node/4092138538,15,228.3,60.8,False,False,True
node/4092140237,15,228.3,60.8,False,True,False
node/4092140238,15,228.3,60.8,False,False,True
node/4092142657,15,228.3,60.8,False,True,False
node/4092142658,15,228.3,60.8,False,True,False
node/4092143105,15,228.3,60.8,False,False,True
node/4098009012,15,228.3,60.8,False,True,False
node/4112825570,15,228.3,60.8,True,True,False
node/4142388098,15,228.3,60.8,False,False,True
node/4142388099,15,228.3,60.8,False,False,True
node/4142393672,15,228.3,60.8,False,True,False
node/4171387732,15,228.3,60.8,True,False,False
node/4193106133,15,228.3,60.8,False,False,True
node/4193136328,15,228.3,60.8,False,False,True
node/4193136330,15,228.3,60.8,False,False,True
node/4193136331,15,228.3,60.8,False,False,True
node/4193143533,15,228.3,60.8,False,False,True
node/4193161889,15,228.3,60.8,True,False,False
node/4193161890,15,228.3,60.8,False,False,True
node/4193179568,15,228.3,60.8,False,False,True
node/4193188215,15,228.3,60.8,False,True,False
node/4193208464,15,228.3,60.8,False,False,True
node/4193208465,15,228.3,60.8,False,False,True
node/4193215078,15,228.3,60.8,False,False,True
node/4193215079,15,228.3,60.8,False,True,False
node/4193216816,15,228.3,60.8,False,True,False
node/4194146586,15,228.3,60.8,False,False,True
node/4194146587,15,228.3,60.8,False,True,False
node/4194146588,15,228.3,60.8,False,False,True
node/4194150189,15,228.3,60.8,False,True,False
node/4194150190,15,228.3,60.8,False,False,True
node/4194156248,15,228.3,60.8,False,False,True
node/4194156249,15,228.3,60.8,False,True,False
node/4194167377,15,228.3,60.8,False,False,True
node/4194167378,15,228.3,60.8,True,False,False
node/4194172133,15,228.3,60.8,True,True,False
node/4194972032,15,228.3,60.8,False,False,True
node/4194981100,15,228.3,60.8,False,True,False
node/4194998394,15,228.3,60.8,False,True,False
node/4195580734,15,228.3,60.8,False,False,True
node/4195580735,15,228.3,60.8,False,False,True
node/4195580736,15,228.3,60.8,False,False,True
node/4195580737,15,228.3,60.8,False,False,True
node/4195580738,15,228.3,60.8,False,True,False
node/4195587789,15,228.3,60.8,True,False,False
node/4195587790,15,228.3,60.8,False,True,False
node/4210787008,15,228.3,60.8,True,False,False
node/4215676309,15,228.3,60.8,False,False,True
node/4239035808,15,228.3,60.8,False,False,True
node/4239035809,15,228.3,60.8,True,False,False
node/4239035810,15,228.3,60.8,False,True,False
node/4239035811,15,228.3,60.8,False,False,True
node/4242926832,15,228.3,60.8,False,False,True
node/4243522528,15,228.3,60.8,True,True,False
node/4252333548,15,228.3,60.8,False,False,True
node/4252333549,15,228.3,60.8,False,False,True
node/4252333550,15,228.3,60.8,False,False,True
node/4252360817,15,228.3,60.8,False,False,True
node/4252360818,15,228.3,60.8,False,False,True
node/4253445390,15,228.3,60.8,False,False,True
node/4337326010,15,228.3,60.8,True,False,False
node/4337326011,15,228.3,60.8,False,False,True
node/4339591470,15,228.3,60.8,True,False,False
node/4355937750,15,228.3,60.8,False,False,True
node/4362472195,15,228.3,60.8,False,True,False
node/4374347653,15,228.3,60.8,False,True,False
node/4374788663,15,228.3,60.8,True,False,False
node/4386308014,15,228.3,60.8,True,False,False
node/4424654969,15,228.3,60.8,False,False,True
node/4424657665,15,228.3,60.8,False,False,True
node/4424657666,15,228.3,60.8,False,True,False
node/4425378039,15,228.3,60.8,False,False,True
node/4426436695,15,228.3,60.8,True,True,False
node/4426442193,15,228.3,60.8,False,False,True
node/4426482290,15,228.3,60.8,True,False,False
node/4456582562,15,228.3,60.8,False,True,False
node/4456582565,15,228.3,60.8,False,True,False
node/4473561091,15,228.3,60.8,False,False,True
node/4473769189,15,228.3,60.8,False,False,True
node/4487292403,15,228.3,60.8,False,False,True
node/4487343173,15,228.3,60.8,False,True,False
node/4487343174,15,228.3,60.8,False,True,False
node/4487344995,15,228.3,60.8,False,True,False
node/4487344996,15,228.3,60.8,False,True,False
node/4487346505,15,228.3,60.8,False,True,False
node/4487346506,15,228.3,60.8,False,True,False
node/4487347141,15,228.3,60.8,False,True,False
node/4487347142,15,228.3,60.8,False,True,False
node/4487348056,15,228.3,60.8,False,True,False
node/4487348057,15,228.3,60.8,False,True,False
node/4487350518,15,228.3,60.8,False,True,False
node/4487351146,15,228.3,60.8,False,True,False
node/4487353302,15,228.3,60.8,False,False,True
node/4487358726,15,228.3,60.8,False,True,False
node/4487367446,15,228.3,60.8,False,False,True
node/4487419608,15,228.3,60.8,False,False,True
node/4487419769,15,228.3,60.8,False,True,False
node/4487472020,15,228.3,60.8,False,False,True
node/4487478836,15,228.3,60.8,False,True,False
node/4512720078,15,228.3,60.8,False,True,False
node/4524796538,15,228.3,60.8,False,False,True
node/4540215835,15,228.3,60.8,False,False,True
node/4551348007,15,228.3,60.8,False,False,True
node/4553717072,15,228.3,60.8,False,False,True
node/4560348361,15,228.3,60.8,False,True,False
node/4560348362,15,228.3,60.8,False,True,False
node/4560348363,15,228.3,60.8,False,True,False
node/4560348364,15,228.3,60.8,False,True,False
node/4560348365,15,228.3,60.8,False,True,False
node/4560348366,15,228.3,60.8,False,True,False
node/4560348367,15,228.3,60.8,False,False,True
node/4560348368,15,228.3,60.8,True,False,False
node/4568359909,15,228.3,60.8,False,False,True
node/4568362314,15,228.3,60.8,False,False,True
node/4570534699,15,228.3,60.8,False,False,True
node/4608459918,15,228.3,60.8,False,True,False
node/4608531377,15,228.3,60.8,True,False,False
node/4621725801,15,228.3,60.8,False,False,True
node/4654764836,15,228.3,60.8,True,False,False
node/4662947772,15,228.3,60.8,False,True,False
node/4697111064,15,228.3,60.8,False,False,True
node/4843517235,15,228.3,60.8,False,False,True
node/4843517239,15,228.3,60.8,False,False,True
node/4843767716,15,228.3,60.8,False,False,True
node/4863923321,15,228.3,60.8,False,False,True
node/4889206188,15,228.3,60.8,False,False,True
node/4889206189,15,228.3,60.8,False,False,True
node/4889234645,15,228.3,60.8,True,False,False
node/4889234647,15,228.3,60.8,False,True,False
node/4889234648,15,228.3,60.8,False,True,False
node/4889403490,15,228.3,60.8,False,False,True
node/4889403492,15,228.3,60.8,True,True,False
node/4889403494,15,228.3,60.8,False,True,False
node/4889403500,15,228.3,60.8,False,True,False
node/4889473571,15,228.3,60.8,False,False,True
node/4889473572,15,228.3,60.8,False,False,True
node/4889473573,15,228.3,60.8,False,False,True
node/4889473577,15,228.3,60.8,False,False,True
node/4889473581,15,228.3,60.8,False,True,False
node/4889473587,15,228.3,60.8,False,False,True
node/4889473588,15,228.3,60.8,False,True,False
node/4889473589,15,228.3,60.8,True,False,False
node/4889473590,15,228.3,60.8,True,True,False
node/4889473592,15,228.3,60.8,False,True,False
node/4889662234,15,228.3,60.8,False,False,True
node/4889662235,15,228.3,60.8,False,False,True
node/4889662237,15,228.3,60.8,True,False,False
node/4889789447,15,228.3,60.8,False,True,False
node/4889789453,15,228.3,60.8,False,False,True
node/4889789454,15,228.3,60.8,False,False,True
node/4889789455,15,228.3,60.8,True,False,False
node/4889789456,15,228.3,60.8,True,True,False
node/4889789487,15,228.3,60.8,False,False,True
node/4889789488,15,228.3,60.8,False,False,True
node/4889789494,15,228.3,60.8,False,False,True
node/4889789495,15,228.3,60.8,True,False,False
node/4889919233,15,228.3,60.8,False,False,True
node/4889919251,15,228.3,60.8,False,False,True
node/4889919253,15,228.3,60.8,False,True,False
node/4889919298,15,228.3,60.8,False,True,False
node/4889919299,15,228.3,60.8,False,True,False
node/4889919300,15,228.3,60.8,False,True,False
node/4890108670,15,228.3,60.8,False,True,False
node/4890108683,15,228.3,60.8,False,True,False
node/4891272623,15,228.3,60.8,False,True,False
node/4891272633,15,228.3,60.8,False,False,True
node/4891272634,15,228.3,60.8,False,True,False
node/4893995307,15,228.3,60.8,True,False,False
node/4898290186,15,228.3,60.8,False,False,True
node/4898290194,15,228.3,60.8,False,True,False
node/4898290203,15,228.3,60.8,False,True,False
node/4899160641,15,228.3,60.8,False,False,True
node/4899160645,15,228.3,60.8,False,False,True
node/4899160672,15,228.3,60.8,False,True,False
node/4899160693,15,228.3,60.8,False,True,False
node/4903310230,15,228.3,60.8,False,True,False
node/4903310233,15,228.3,60.8,False,True,False
node/4903310235,15,228.3,60.8,False,False,True
node/4903310236,15,228.3,60.8,False,True,False
node/4903310237,15,228.3,60.8,False,True,False
node/4903310239,15,228.3,60.8,False,True,False
node/4903310240,15,228.3,60.8,False,True,False
node/4992102606,15,228.3,60.8,False,True,False
node/5026213522,15,228.3,60.8,False,False,True
node/5064259820,15,228.3,60.8,False,False,True
node/5081364232,15,228.3,60.8,False,False,True
node/5081364233,15,228.3,60.8,False,False,True
node/5081364236,15,228.3,60.8,False,False,True
node/5081364237,15,228.3,60.8,False,False,True
node/5081364239,15,228.3,60.8,False,False,True
node/5081364240,15,228.3,60.8,False,False,True
node/5081364241,15,228.3,60.8,False,False,True
node/5081364242,15,228.3,60.8,False,False,True
node/5081364243,15,228.3,60.8,False,False,True
node/5081364244,15,228.3,60.8,False,False,True
node/5081379378,15,228.3,60.8,False,False,True
node/5081379380,15,228.3,60.8,False,False,True
node/5111433087,15,228.3,60.8,False,True,False
node/5111687993,15,228.3,60.8,False,True,False
node/5216559622,15,228.3,60.8,False,False,True
node/5316455423,15,228.3,60.8,False,False,True
node/5316455424,15,228.3,60.8,False,False,True
node/5316455426,15,228.3,60.8,False,True,False
node/5316455427,15,228.3,60.8,False,True,False
node/5316455428,15,228.3,60.8,False,False,True
node/5316484435,15,228.3,60.8,False,False,True
node/5316484436,15,228.3,60.8,False,False,True
node/5316484437,15,228.3,60.8,False,False,True
node/5316484438,15,228.3,60.8,False,False,True
node/5316484439,15,228.3,60.8,False,False,True
node/5368403844,15,228.3,60.8,False,True,False
node/5368403855,15,228.3,60.8,False,True,False
node/5368438797,15,228.3,60.8,False,True,False
node/5368438799,15,228.3,60.8,False,True,False
node/5403073723,15,228.3,60.8,True,False,False
node/5418905623,15,228.3,60.8,False,True,False
node/5462381426,15,228.3,60.8,False,True,False
node/5527705621,15,228.3,60.8,False,False,True
node/5593411954,15,228.3,60.8,False,False,True
node/5678403949,15,228.3,60.8,False,False,True
node/5743615987,15,228.3,60.8,False,False,True
node/5796551026,15,228.3,60.8,True,False,False
node/5996557765,15,228.3,60.8,False,False,True
node/6004558476,15,228.3,60.8,False,False,True
node/6004558478,15,228.3,60.8,False,False,True
node/6004558480,15,228.3,60.8,False,False,True
node/6004558481,15,228.3,60.8,False,False,True
node/6004558482,15,228.3,60.8,False,False,True
node/6090069009,15,228.3,60.8,False,True,False
node/6296219968,15,228.3,60.8,False,False,True
node/6296219969,15,228.3,60.8,False,False,True
node/6349597364,15,228.3,60.8,False,False,True
node/6351757089,15,228.3,60.8,False,False,True
node/6363762843,15,228.3,60.8,False,True,False
node/6753442263,15,228.3,60.8,False,True,False
node/6812085822,15,228.3,60.8,False,True,False
node/6988405352,15,228.3,60.8,False,False,True
node/6988405353,15,228.3,60.8,False,False,True
node/6988405354,15,228.3,60.8,False,False,True
node/6988405355,15,228.3,60.8,False,False,True
node/6988405357,15,228.3,60.8,False,False,True
node/6988405359,15,228.3,60.8,False,True,False
node/6988568582,15,228.3,60.8,True,False,False
node/6988568583,15,228.3,60.8,False,True,False
node/6988568584,15,228.3,60.8,True,False,False
node/6988569285,15,228.3,60.8,True,False,False
node/6988569286,15,228.3,60.8,True,False,False
node/7117392386,15,228.3,60.8,False,False,True
node/7221409716,15,228.3,60.8,False,False,True
node/7523062100,15,228.3,60.8,False,True,False
node/8138571319,15,228.3,60.8,False,True,False
node/8397306827,15,228.3,60.8,False,True,False
node/8404480139,15,228.3,60.8,True,False,False
node/8404480140,15,228.3,60.8,False,True,False
node/8500711611,15,228.3,60.8,False,True,False
node/8615074676,15,228.3,60.8,False,False,True
node/8712721886,15,228.3,60.8,False,False,True
node/8712721888,15,228.3,60.8,False,False,True
node/8712721890,15,228.3,60.8,False,False,True
node/8712721892,15,228.3,60.8,False,False,True
node/8712721894,15,228.3,60.8,False,False,True
node/8712721901,15,228.3,60.8,False,False,True
node/8718907948,15,228.3,60.8,False,True,False
node/8718907950,15,228.3,60.8,False,True,False
node/8754224147,15,228.3,60.8,False,False,True
node/8754224150,15,228.3,60.8,False,False,True
node/9021294461,15,228.3,60.8,False,False,True
node/9022370340,15,228.3,60.8,False,False,True
node/9022370341,15,228.3,60.8,False,False,True
node/9031432377,15,228.3,60.8,False,True,False
node/9248045252,15,228.3,60.8,False,True,False
node/9248045256,15,228.3,60.8,False,False,True
node/9250830301,15,228.3,60.8,False,False,True
node/9250830304,15,228.3,60.8,False,False,True
node/9296818002,15,228.3,60.8,False,False,True
node/9353402328,15,228.3,60.8,False,True,False
node/9424085228,15,228.3,60.8,False,False,True
node/9424085231,15,228.3,60.8,False,True,False
node/9424085236,15,228.3,60.8,False,False,True
node/9424085238,15,228.3,60.8,False,False,True
node/9424085240,15,228.3,60.8,False,False,True
node/9424085242,15,228.3,60.8,False,True,False
node/9426374619,15,228.3,60.8,False,False,True
node/9426374621,15,228.3,60.8,False,False,True
node/9426374626,15,228.3,60.8,False,True,False
node/9426374629,15,228.3,60.8,False,False,True
node/9436677648,15,228.3,60.8,False,False,True
node/9436677650,15,228.3,60.8,False,False,True
node/9436677652,15,228.3,60.8,False,False,True
node/9436677658,15,228.3,60.8,False,False,True
node/9436677660,15,228.3,60.8,False,False,True
node/9436677664,15,228.3,60.8,False,False,True
node/9436677666,15,228.3,60.8,False,False,True
node/9436677668,15,228.3,60.8,False,False,True
node/9436677673,15,228.3,60.8,False,False,True
node/9436677675,15,228.3,60.8,False,True,False
node/9455340734,15,228.3,60.8,False,True,False
node/9455340735,15,228.3,60.8,False,True,False
node/9455340736,15,228.3,60.8,True,False,False
node/9455340737,15,228.3,60.8,False,True,False
node/9457632139,15,228.3,60.8,False,True,False
node/9458578380,15,228.3,60.8,False,True,False
node/9471105464,15,228.3,60.8,True,True,False
node/9471105465,15,228.3,60.8,False,True,False
node/9471270836,15,228.3,60.8,False,True,False
node/9471611824,15,228.3,60.8,False,True,False
node/9471611825,15,228.3,60.8,False,True,False
node/9471611827,15,228.3,60.8,True,True,False
node/9471611828,15,228.3,60.8,False,True,False
node/9471611829,15,228.3,60.8,False,True,False
node/9471611830,15,228.3,60.8,False,True,False
node/9471840470,15,228.3,60.8,False,True,False
node/9471840471,15,228.3,60.8,False,False,True
node/9471915759,15,228.3,60.8,False,True,False
node/9471915760,15,228.3,60.8,False,False,True
node/9471915761,15,228.3,60.8,False,True,False
node/9471915763,15,228.3,60.8,False,True,False
node/9471915764,15,228.3,60.8,False,True,False
node/9472043398,15,228.3,60.8,False,True,False
node/9474161479,15,228.3,60.8,False,False,True
node/9474161480,15,228.3,60.8,False,True,False
node/9474161481,15,228.3,60.8,False,True,False
node/9474161482,15,228.3,60.8,False,True,False
node/9474161483,15,228.3,60.8,False,True,False
node/9474161484,15,228.3,60.8,False,True,False
node/9474161485,15,228.3,60.8,False,True,False
node/9474161486,15,228.3,60.8,False,True,False
node/9474161487,15,228.3,60.8,False,True,False
node/9474161488,15,228.3,60.8,False,True,False
node/9474161489,15,228.3,60.8,False,True,False
node/9474161490,15,228.3,60.8,False,True,False
node/9474161491,15,228.3,60.8,False,False,True
node/9474255789,15,228.3,60.8,False,True,False
node/9483807053,15,228.3,60.8,False,False,True
node/9486912224,15,228.3,60.8,False,True,False
node/9486912225,15,228.3,60.8,False,True,False
node/9486912226,15,228.3,60.8,False,True,False
node/9487060567,15,228.3,60.8,False,False,True
node/9487060568,15,228.3,60.8,True,True,False
node/9487060569,15,228.3,60.8,True,True,False
node/9487060570,15,228.3,60.8,False,True,False
node/9487060571,15,228.3,60.8,False,True,False
node/9487060572,15,228.3,60.8,False,True,False
node/9487060573,15,228.3,60.8,False,False,True
node/9487060574,15,228.3,60.8,False,True,False
node/9487060575,15,228.3,60.8,False,True,False
node/9487060576,15,228.3,60.8,False,True,False
node/9489106792,15,228.3,60.8,False,False,True
node/9489394997,15,228.3,60.8,False,False,True
node/9489394998,15,228.3,60.8,False,True,False
node/9489394999,15,228.3,60.8,False,True,False
node/9489395000,15,228.3,60.8,False,True,False
node/9489395001,15,228.3,60.8,False,True,False
node/9489395002,15,228.3,60.8,False,True,False
node/9489395005,15,228.3,60.8,False,True,False
node/9489395007,15,228.3,60.8,False,True,False
node/9489395008,15,228.3,60.8,False,True,False
node/9489395009,15,228.3,60.8,False,True,False
node/9489395010,15,228.3,60.8,False,True,False
node/9489395011,15,228.3,60.8,False,True,False
node/9489395013,15,228.3,60.8,False,True,False
node/9489395014,15,228.3,60.8,True,False,False
node/9489395015,15,228.3,60.8,True,False,False
node/9489395016,15,228.3,60.8,False,True,False
node/9490704152,15,228.3,60.8,False,False,True
node/9491868997,15,228.3,60.8,False,True,False
node/9497948304,15,228.3,60.8,False,False,True
node/9498129791,15,228.3,60.8,False,False,True
node/9498129793,15,228.3,60.8,False,True,False
node/9525581152,15,228.3,60.8,False,True,False
node/9525601821,15,228.3,60.8,False,True,False
node/9525670315,15,228.3,60.8,False,False,True
node/9545043130,15,228.3,60.8,False,True,False
node/9545067603,15,228.3,60.8,False,True,False
node/9565757000,15,228.3,60.8,False,False,True
node/9611795082,15,228.3,60.8,False,False,True
node/9626862549,15,228.3,60.8,False,True,False
node/9626869393,15,228.3,60.8,False,True,False
node/9626869394,15,228.3,60.8,False,False,True
node/9626869395,15,228.3,60.8,True,True,False
node/9626930589,15,228.3,60.8,True,True,False
node/9626942260,15,228.3,60.8,False,True,False
node/9626942263,15,228.3,60.8,False,True,False
node/9628627535,15,228.3,60.8,False,False,True
node/9628627536,15,228.3,60.8,False,True,False
node/9628627537,15,228.3,60.8,False,True,False
node/9628627538,15,228.3,60.8,False,True,False
node/9649426472,15,228.3,60.8,False,True,False
node/9649426473,15,228.3,60.8,False,True,False
node/9649426474,15,228.3,60.8,False,True,False
node/9649426475,15,228.3,60.8,True,False,False
node/9649543534,15,228.3,60.8,False,True,False
node/9649543535,15,228.3,60.8,False,True,False
node/9649543536,15,228.3,60.8,False,True,False
node/9649543537,15,228.3,60.8,True,False,False
node/9649543538,15,228.3,60.8,True,False,False
node/9649543539,15,228.3,60.8,True,False,False
node/9649543540,15,228.3,60.8,True,False,False
node/9649543541,15,228.3,60.8,False,False,True
node/9657605909,15,228.3,60.8,False,False,True
node/9738415468,15,228.3,60.8,False,True,False
node/9783507189,15,228.3,60.8,False,False,True
node/9850072032,15,228.3,60.8,False,False,True
node/9888166829,15,228.3,60.8,False,False,True
node/9895185440,15,228.3,60.8,False,True,False
node/9895316684,15,228.3,60.8,False,False,True
node/9901788302,15,228.3,60.8,False,False,True
node/9975298517,15,228.3,60.8,False,False,True
node/9975325597,15,228.3,60.8,False,False,True
node/9975993052,15,228.3,60.8,False,False,True
node/9979439490,15,228.3,60.8,False,False,True
node/9979453966,15,228.3,60.8,False,False,True
node/9979453968,15,228.3,60.8,False,False,True
node/9979889993,15,228.3,60.8,False,False,True
node/9985667275,15,228.3,60.8,False,True,False
node/9986170316,15,228.3,60.8,True,False,False
node/9986175704,15,228.3,60.8,False,False,True
node/9994996600,15,228.3,60.8,False,False,True
node/9995010587,15,228.3,60.8,False,False,True
node/9995012057,15,228.3,60.8,False,False,True
node/10004309776,15,228.3,60.8,True,False,False
node/10004319991,15,228.3,60.8,False,False,True
node/10006171601,15,228.3,60.8,False,True,False
node/10006173918,15,228.3,60.8,True,False,False
node/10006207182,15,228.3,60.8,False,True,False
node/10006452198,15,228.3,60.8,False,False,True
node/10008868525,15,228.3,60.8,False,False,True
node/10008868528,15,228.3,60.8,True,False,False
node/10008889273,15,228.3,60.8,True,False,False
node/10009011030,15,228.3,60.8,False,False,True
node/10009064543,15,228.3,60.8,False,False,True
node/10044383302,15,228.3,60.8,False,False,True
node/10056597632,15,228.3,60.8,False,False,True
node/10103394740,15,228.3,60.8,False,False,True
node/10103394741,15,228.3,60.8,False,False,True
node/10103394742,15,228.3,60.8,False,True,False
node/10175760858,15,228.3,60.8,False,False,True
node/10175900841,15,228.3,60.8,True,False,False
node/10189375756,15,228.3,60.8,False,False,True
node/10199274347,15,228.3,60.8,False,False,True
node/10199887329,15,228.3,60.8,False,True,False
node/10199887330,15,228.3,60.8,False,True,False
node/10204153342,15,228.3,60.8,False,True,False
node/10204153343,15,228.3,60.8,False,True,False
node/10204153345,15,228.3,60.8,False,True,False
node/10207442018,15,228.3,60.8,True,False,False
node/10207442023,15,228.3,60.8,False,False,True
node/10207587794,15,228.3,60.8,False,True,False
node/10207587797,15,228.3,60.8,False,True,False
node/10207587798,15,228.3,60.8,False,False,True
node/10207587803,15,228.3,60.8,False,True,False
node/10207587805,15,228.3,60.8,False,False,True
node/10207587807,15,228.3,60.8,False,False,True
node/10207587809,15,228.3,60.8,False,False,True
node/10207587811,15,228.3,60.8,False,False,True
node/10212096588,15,228.3,60.8,False,False,True
node/10212096590,15,228.3,60.8,False,False,True
node/10212096594,15,228.3,60.8,False,False,True
node/10214454559,15,228.3,60.8,False,False,True
node/10214557894,15,228.3,60.8,False,False,True
node/10214557897,15,228.3,60.8,False,True,False
node/10220186990,15,228.3,60.8,False,True,False
node/10221647123,15,228.3,60.8,False,True,False
node/10221706211,15,228.3,60.8,True,True,False
node/10233145912,15,228.3,60.8,False,True,False
node/10233145916,15,228.3,60.8,False,False,True
node/10233193117,15,228.3,60.8,False,False,True
node/10233193118,15,228.3,60.8,False,False,True
node/10233193119,15,228.3,60.8,False,False,True
node/10246496584,15,228.3,60.8,False,True,False
node/10259286009,15,228.3,60.8,False,False,True
node/10262640853,15,228.3,60.8,False,True,False
node/10267146386,15,228.3,60.8,False,False,True
node/10294911755,15,228.3,60.8,False,False,True
node/10297955289,15,228.3,60.8,False,True,False
node/10298363397,15,228.3,60.8,False,True,False
node/10298363398,15,228.3,60.8,False,True,False
node/10300849766,15,228.3,60.8,False,False,True
node/10302138467,15,228.3,60.8,False,False,True
node/10302140400,15,228.3,60.8,False,True,False
node/10313084094,15,228.3,60.8,False,False,True
node/10550642607,15,228.3,60.8,False,False,True
node/10550695909,15,228.3,60.8,False,False,True
node/10570800426,15,228.3,60.8,False,True,False
node/10572781594,15,228.3,60.8,False,False,True
node/10572819518,15,228.3,60.8,False,False,True
node/10582303877,15,228.3,60.8,False,False,True
node/10582303878,15,228.3,60.8,False,True,False
node/10582303879,15,228.3,60.8,False,False,True
node/10582303880,15,228.3,60.8,False,True,False
node/10582303881,15,228.3,60.8,False,True,False
node/10582303882,15,228.3,60.8,False,True,False
node/10582303883,15,228.3,60.8,False,True,False
node/10587112992,15,228.3,60.8,False,True,False
node/10587112993,15,228.3,60.8,False,True,False
node/10587112994,15,228.3,60.8,False,False,True
node/10589033362,15,228.3,60.8,False,True,False
node/10589033363,15,228.3,60.8,False,True,False
node/10589033364,15,228.3,60.8,False,True,False
node/10589033365,15,228.3,60.8,False,True,False
node/10589132886,15,228.3,60.8,True,False,False
node/10589132887,15,228.3,60.8,True,False,False
node/10589132888,15,228.3,60.8,True,False,False
node/10594645101,15,228.3,60.8,False,True,False
node/10594645102,15,228.3,60.8,False,True,False
node/10596848258,15,228.3,60.8,False,True,False
node/10596848259,15,228.3,60.8,False,True,False
node/10598917409,15,228.3,60.8,False,True,False
node/10601614184,15,228.3,60.8,False,False,True
node/10601614187,15,228.3,60.8,False,False,True
node/10601614188,15,228.3,60.8,False,True,False
node/10601614189,15,228.3,60.8,False,False,True
node/10601614190,15,228.3,60.8,False,False,True
node/10601614191,15,228.3,60.8,False,True,False
node/10601614192,15,228.3,60.8,False,False,True
node/10601614193,15,228.3,60.8,True,False,False
node/10601655681,15,228.3,60.8,False,True,False
node/10644975558,15,228.3,60.8,False,True,False
node/10644975559,15,228.3,60.8,False,True,False
node/10644975560,15,228.3,60.8,False,True,False
node/10644975562,15,228.3,60.8,False,True,False
node/10646561671,15,228.3,60.8,False,False,True
node/10646561672,15,228.3,60.8,False,True,False
node/10652163790,15,228.3,60.8,False,True,False
node/10652163791,15,228.3,60.8,False,False,True
node/10652163792,15,228.3,60.8,False,True,False
node/10669969858,15,228.3,60.8,True,False,False
node/10681358588,15,228.3,60.8,False,True,False
node/10686312725,15,228.3,60.8,False,False,True
node/10686367822,15,228.3,60.8,False,False,True
node/10695062076,15,228.3,60.8,False,False,True
node/10695066052,15,228.3,60.8,False,False,True
node/10700086556,15,228.3,60.8,False,False,True
node/10707344667,15,228.3,60.8,False,False,True
node/10707454078,15,228.3,60.8,False,False,True
node/10716585952,15,228.3,60.8,False,False,True
node/10719056688,15,228.3,60.8,False,False,True
node/10735512681,15,228.3,60.8,True,True,False
node/10737009427,15,228.3,60.8,False,False,True
node/10737066739,15,228.3,60.8,False,False,True
node/10737067372,15,228.3,60.8,False,False,True
node/10737088551,15,228.3,60.8,False,False,True
node/10737241564,15,228.3,60.8,False,False,True
node/10737334789,15,228.3,60.8,False,False,True
node/10745394912,15,228.3,60.8,False,True,False
node/10745394915,15,228.3,60.8,False,True,False
node/10745477593,15,228.3,60.8,True,True,False
node/10746364332,15,228.3,60.8,False,True,False
node/10748907091,15,228.3,60.8,False,True,False
node/10750421773,15,228.3,60.8,False,False,True
node/10750447195,15,228.3,60.8,False,False,True
node/10750477450,15,228.3,60.8,False,False,True
node/10750548873,15,228.3,60.8,False,False,True
node/10750780153,15,228.3,60.8,False,False,True
node/10755995859,15,228.3,60.8,False,True,False
node/10771358655,15,228.3,60.8,False,False,True
node/10776067841,15,228.3,60.8,False,False,True
node/10776067844,15,228.3,60.8,False,False,True
node/10778025660,15,228.3,60.8,False,False,True
node/10778202585,15,228.3,60.8,False,False,True
node/10778202587,15,228.3,60.8,False,False,True
node/10778270047,15,228.3,60.8,False,False,True
node/10778270050,15,228.3,60.8,False,False,True
node/10778270052,15,228.3,60.8,False,False,True
node/10779337539,15,228.3,60.8,False,False,True
node/10788398292,15,228.3,60.8,False,True,False
node/10794950621,15,228.3,60.8,False,True,False
node/10798943982,15,228.3,60.8,False,False,True
node/10822353650,15,228.3,60.8,False,False,True
node/10822353652,15,228.3,60.8,False,False,True
node/10824717317,15,228.3,60.8,False,False,True
node/10824717320,15,228.3,60.8,False,False,True
node/10837089318,15,228.3,60.8,False,False,True
node/10857691408,15,228.3,60.8,False,False,True
node/10860641329,15,228.3,60.8,False,False,True
node/10860641334,15,228.3,60.8,False,True,False
node/10865419978,15,228.3,60.8,False,False,True
node/10873797461,15,228.3,60.8,False,True,False
node/10891354579,15,228.3,60.8,False,False,True
node/10891354591,15,228.3,60.8,False,False,True
node/10899634896,15,228.3,60.8,False,False,True
node/10919471213,15,228.3,60.8,False,False,True
node/10919471215,15,228.3,60.8,False,False,True
node/10926618869,15,228.3,60.8,False,True,False
node/10942429363,15,228.3,60.8,False,True,False
node/10942429365,15,228.3,60.8,False,True,False
node/10949109054,15,228.3,60.8,False,True,False
node/10961887135,15,228.3,60.8,False,False,True
node/10971486940,15,228.3,60.8,False,True,False
node/10977261284,15,228.3,60.8,False,True,False
node/10981051285,15,228.3,60.8,False,False,True
node/10981051304,15,228.3,60.8,False,False,True
node/10989741468,15,228.3,60.8,False,False,True
node/10995041777,15,228.3,60.8,True,False,False
node/10995041779,15,228.3,60.8,False,False,True
node/10995041788,15,228.3,60.8,False,False,True
node/10995041791,15,228.3,60.8,True,False,False
node/10995041793,15,228.3,60.8,False,True,False
node/11001907246,15,228.3,60.8,True,False,False
node/11001907253,15,228.3,60.8,True,True,False
node/11003348984,15,228.3,60.8,False,True,False
node/11007907456,15,228.3,60.8,False,False,True
node/11007907458,15,228.3,60.8,False,False,True
node/11007907459,15,228.3,60.8,False,True,False
node/11007907462,15,228.3,60.8,False,False,True
node/11007907464,15,228.3,60.8,False,False,True
node/11016695336,15,228.3,60.8,False,False,True
node/11037609725,15,228.3,60.8,False,False,True
node/11097291306,15,228.3,60.8,False,False,True
node/11097291905,15,228.3,60.8,False,False,True
node/11136559005,15,228.3,60.8,False,False,True
node/11149491868,15,228.3,60.8,False,True,False
node/11150977085,15,228.3,60.8,False,True,False
node/11193187175,15,228.3,60.8,False,True,False
node/11193187179,15,228.3,60.8,False,False,True
node/11193187186,15,228.3,60.8,False,False,True
node/11193187188,15,228.3,60.8,False,True,False
node/11193751093,15,228.3,60.8,False,False,True
node/11193751102,15,228.3,60.8,False,True,False
node/11197446155,15,228.3,60.8,False,False,True
node/11203052910,15,228.3,60.8,False,False,True
node/11210550551,15,228.3,60.8,False,True,False
node/11210550553,15,228.3,60.8,False,True,False
node/11212456302,15,228.3,60.8,False,True,False
node/11212456304,15,228.3,60.8,False,False,True
node/11212456308,15,228.3,60.8,False,False,True
node/11215559275,15,228.3,60.8,False,False,True
node/11220604093,15,228.3,60.8,False,False,True
node/11222480993,15,228.3,60.8,False,True,False
node/11222848438,15,228.3,60.8,False,False,True
node/11233627569,15,228.3,60.8,False,False,True
node/11235388391,15,228.3,60.8,False,True,False
node/11235405379,15,228.3,60.8,False,True,False
node/11235408065,15,228.3,60.8,False,True,False
node/11235412827,15,228.3,60.8,False,True,False
node/11235430799,15,228.3,60.8,False,True,False
node/11235430874,15,228.3,60.8,False,False,True
node/11236573939,15,228.3,60.8,False,False,True
node/11238499756,15,228.3,60.8,False,False,True
node/11238499757,15,228.3,60.8,False,False,True
node/11244138190,15,228.3,60.8,True,True,False
node/11248475435,15,228.3,60.8,False,True,False
node/11274012885,15,228.3,60.8,False,False,True
node/11281776284,15,228.3,60.8,False,False,True
node/11283160956,15,228.3,60.8,False,False,True
node/11283184445,15,228.3,60.8,False,False,True
node/11283889164,15,228.3,60.8,False,False,True
node/11283910670,15,228.3,60.8,False,True,False
node/11283956785,15,228.3,60.8,False,True,False
node/11286211754,15,228.3,60.8,False,True,False
node/11286558768,15,228.3,60.8,False,False,True
node/11286572070,15,228.3,60.8,False,False,True
node/11286572071,15,228.3,60.8,False,False,True
node/11286572074,15,228.3,60.8,False,True,False
node/11286572077,15,228.3,60.8,False,True,False
node/11286751086,15,228.3,60.8,False,False,True
node/11286751090,15,228.3,60.8,False,False,True
node/11286751091,15,228.3,60.8,True,False,False
node/11286751094,15,228.3,60.8,False,False,True
node/11289186733,15,228.3,60.8,False,False,True
node/11290916361,15,228.3,60.8,False,False,True
node/11293706011,15,228.3,60.8,False,False,True
node/11293706013,15,228.3,60.8,False,False,True
node/11293706015,15,228.3,60.8,False,False,True
node/11293706017,15,228.3,60.8,False,False,True
node/11293706019,15,228.3,60.8,False,False,True
node/11293706022,15,228.3,60.8,False,False,True
node/11297604116,15,228.3,60.8,False,False,True
node/11297604125,15,228.3,60.8,False,False,True
node/11299621037,15,228.3,60.8,False,False,True
node/11299621038,15,228.3,60.8,False,False,True
node/11299621041,15,228.3,60.8,False,False,True
node/11299621042,15,228.3,60.8,False,False,True
node/11299621045,15,228.3,60.8,False,False,True
node/11299621046,15,228.3,60.8,False,False,True
node/11300078683,15,228.3,60.8,False,True,False
node/11300078685,15,228.3,60.8,False,True,False
node/11300078687,15,228.3,60.8,False,False,True
node/11300078690,15,228.3,60.8,False,False,True
node/11300078692,15,228.3,60.8,False,False,True
node/11300078700,15,228.3,60.8,True,False,False
node/11302894301,15,228.3,60.8,False,False,True
node/11302894305,15,228.3,60.8,False,True,False
node/11302894308,15,228.3,60.8,False,False,True
node/11305046919,15,228.3,60.8,False,False,True
node/11305046922,15,228.3,60.8,False,False,True
node/11307860004,15,228.3,60.8,False,True,False
node/11307860007,15,228.3,60.8,False,True,False
node/11309345425,15,228.3,60.8,True,False,False
node/11309345427,15,228.3,60.8,False,False,True
node/11309345430,15,228.3,60.8,False,False,True
node/11309793360,15,228.3,60.8,False,False,True
node/11309793362,15,228.3,60.8,False,False,True
node/11309895064,15,228.3,60.8,False,False,True
node/11314917558,15,228.3,60.8,False,False,True
node/11323343363,15,228.3,60.8,True,False,False
node/11323343365,15,228.3,60.8,False,False,True
node/11328986976,15,228.3,60.8,True,True,False
node/11328986977,15,228.3,60.8,False,False,True
node/11329310178,15,228.3,60.8,False,False,True
node/11329310180,15,228.3,60.8,False,False,True
node/11329310182,15,228.3,60.8,False,False,True
node/11329310184,15,228.3,60.8,False,True,False
node/11330897293,15,228.3,60.8,False,False,True
node/11331078189,15,228.3,60.8,False,False,True
node/11331221297,15,228.3,60.8,False,False,True
node/11331221302,15,228.3,60.8,False,True,False
node/11333439775,15,228.3,60.8,False,False,True
node/11333439779,15,228.3,60.8,False,False,True
node/11338249480,15,228.3,60.8,False,False,True
node/11341444243,15,228.3,60.8,False,False,True
node/11343157437,15,228.3,60.8,True,False,False
node/11343157441,15,228.3,60.8,False,True,False
node/11346416968,15,228.3,60.8,False,True,False
node/11346523975,15,228.3,60.8,False,True,False
node/11351141167,15,228.3,60.8,False,False,True
node/11360278411,15,228.3,60.8,False,False,True
node/11363940916,15,228.3,60.8,False,False,True
node/11368105980,15,228.3,60.8,False,False,True
node/11368588671,15,228.3,60.8,False,False,True
node/11375700083,15,228.3,60.8,False,False,True
node/11381441089,15,228.3,60.8,False,False,True
node/11394201826,15,228.3,60.8,False,False,True
node/11394201828,15,228.3,60.8,False,False,True
node/11394201830,15,228.3,60.8,False,False,True
node/11394201832,15,228.3,60.8,True,False,False
node/11394201834,15,228.3,60.8,False,False,True
node/11394506647,15,228.3,60.8,False,False,True
node/11396119821,15,228.3,60.8,False,False,True
node/11409602394,15,228.3,60.8,False,True,False
node/11409602397,15,228.3,60.8,False,True,False
node/11409602398,15,228.3,60.8,False,True,False
node/11449233173,15,228.3,60.8,False,False,True
node/11479066355,15,228.3,60.8,False,True,False
node/11486928221,15,228.3,60.8,False,False,True
node/11671805825,15,228.3,60.8,False,True,False
node/11910143361,15,228.3,60.8,False,False,True
node/12119676991,15,228.3,60.8,False,False,True
node/12172779822,15,228.3,60.8,False,False,True
node/12172781205,15,228.3,60.8,False,False,True
node/12190210046,15,228.3,60.8,False,False,True
node/12192793806,15,228.3,60.8,False,False,True
node/12199115379,15,228.3,60.8,False,False,True
node/12282173654,15,228.3,60.8,False,True,False
node/12288248548,15,228.3,60.8,False,True,False
node/12293672165,15,228.3,60.8,False,True,False
node/12294106887,15,228.3,60.8,False,True,False
node/12294241027,15,228.3,60.8,False,True,False
node/12348483124,15,228.3,60.8,False,False,True
node/12348483127,15,228.3,60.8,False,False,True
node/12367986198,15,228.3,60.8,False,False,True
node/12367986200,15,228.3,60.8,False,False,True
node/12371264418,15,228.3,60.8,False,False,True
node/12371264420,15,228.3,60.8,False,False,True
node/12371264422,15,228.3,60.8,False,True,False
node/12371264424,15,228.3,60.8,False,True,False
node/12371264426,15,228.3,60.8,False,True,False
node/12371264428,15,228.3,60.8,True,False,False
node/12384729380,15,228.3,60.8,False,False,True
node/12384729382,15,228.3,60.8,False,False,True
node/12384973717,15,228.3,60.8,False,False,True
node/12384973719,15,228.3,60.8,False,True,False
node/12384973720,15,228.3,60.8,True,False,False
node/12384973723,15,228.3,60.8,True,False,False
node/12384973725,15,228.3,60.8,False,True,False
node/12384973726,15,228.3,60.8,True,True,False
node/12384973729,15,228.3,60.8,False,True,False
node/12388466673,15,228.3,60.8,False,False,True
node/12416572526,15,228.3,60.8,False,False,True
node/12453116220,15,228.3,60.8,False,False,True
node/12453144002,15,228.3,60.8,False,True,False
node/12527905018,15,228.3,60.8,False,False,True
node/12529678839,15,228.3,60.8,False,False,True
node/12531539666,15,228.3,60.8,False,True,False
node/12616221007,15,228.3,60.8,False,False,True
node/12616221009,15,228.3,60.8,False,True,False
node/12620653917,15,228.3,60.8,False,False,True
node/12623557021,15,228.3,60.8,False,False,True
node/12625947814,15,228.3,60.8,False,False,True
node/12625947816,15,228.3,60.8,False,False,True
node/12633396728,15,228.3,60.8,False,False,True
node/12760074395,15,228.3,60.8,False,False,True
node/12760074400,15,228.3,60.8,False,False,True
node/12760085602,15,228.3,60.8,False,False,True
node/12898594759,15,228.3,60.8,True,False,False
node/12949650911,15,228.3,60.8,False,False,True
node/12961190801,15,228.3,60.8,False,False,True
node/12961190802,15,228.3,60.8,True,False,False
node/12961249305,15,228.3,60.8,False,False,True
node/13335422720,15,228.3,60.8,False,False,True
node/13335422721,15,228.3,60.8,False,False,True
node/13338205713,15,228.3,60.8,False,True,False
node/13338205726,15,228.3,60.8,False,True,False
node/13358645044,15,228.3,60.8,False,False,True
node/13390489892,15,228.3,60.8,False,False,True
node/13462282699,15,228.3,60.8,False,False,True
node/13462423720,15,228.3,60.8,False,False,True
node/13463687345,15,228.3,60.8,True,True,False
node/13463687346,15,228.3,60.8,False,True,False
node/13463687349,15,228.3,60.8,False,True,False
node/13463687352,15,228.3,60.8,False,True,False
node/13474226814,15,228.3,60.8,False,True,False
node/13474226815,15,228.3,60.8,False,False,True
node/13523874202,15,228.3,60.8,True,False,False
node/13566135712,15,228.3,60.8,False,False,True
node/13570114678,15,228.3,60.8,False,True,False
node/13585814422,15,228.3,60.8,False,False,True
node/13585814424,15,228.3,60.8,False,False,True
node/13585814425,15,228.3,60.8,False,False,True
node/13607465023,15,228.3,60.8,False,True,False
node/13645258115,15,228.3,60.8,False,False,True
node/13651994145,15,228.3,60.8,False,True,False
node/13655204277,15,228.3,60.8,False,True,False
node/13725165459,15,228.3,60.8,False,False,True
node/13786920938,15,228.3,60.8,False,False,True
node/13786920939,15,228.3,60.8,False,False,True
node/13787007025,15,228.3,60.8,False,True,False
node/13794370691,15,228.3,60.8,False,False,True
node/13795016030,15,228.3,60.8,False,True,False
node/13795300298,15,228.3,60.8,False,False,True
node/13795390647,15,228.3,60.8,False,False,True
node/13795390648,15,228.3,60.8,False,False,True
node/13798463596,15,228.3,60.8,True,False,False
node/13798524124,15,228.3,60.8,False,True,False
node/13798576354,15,228.3,60.8,True,False,False
node/13828018057,15,228.3,60.8,True,False,False
node/13867225722,15,228.3,60.8,False,False,True
node/13911832401,15,228.3,60.8,False,False,True
node/14029009015,15,228.3,60.8,False,False,True
node/21298371,16,247.5,51.9,False,False,True
node/95760547,16,247.5,51.9,False,True,False
node/95760548,16,247.5,51.9,True,False,False
node/95760550,16,247.5,51.9,False,False,True
node/95766440,16,247.5,51.9,False,True,False
node/95766815,16,247.5,51.9,False,False,True
node/102254906,16,247.5,51.9,False,True,False
node/114340464,16,247.5,51.9,True,True,False
node/114359530,16,247.5,51.9,False,True,False
node/114359538,16,247.5,51.9,False,False,True
node/114359562,16,247.5,51.9,False,True,False
node/114359572,16,247.5,51.9,False,True,False
node/245477294,16,247.5,51.9,True,True,False
node/245557029,16,247.5,51.9,False,True,False
node/245557039,16,247.5,51.9,True,True,False
node/245557048,16,247.5,51.9,True,True,False
node/245557054,16,247.5,51.9,True,True,False
node/245566207,16,247.5,51.9,True,False,False
node/248225549,16,247.5,51.9,False,True,False
node/251745095,16,247.5,51.9,False,True,False
node/260349632,16,247.5,51.9,False,False,True
node/260349654,16,247.5,51.9,False,True,False
node/260350380,16,247.5,51.9,False,True,False
node/260350384,16,247.5,51.9,False,True,False
node/260350759,16,247.5,51.9,False,True,False
node/268403389,16,247.5,51.9,False,True,False
node/268403390,16,247.5,51.9,False,True,False
node/268403415,16,247.5,51.9,False,True,False
node/268403421,16,247.5,51.9,False,True,False
node/271199334,16,247.5,51.9,False,False,True
node/281014139,16,247.5,51.9,True,False,False
node/281014594,16,247.5,51.9,False,True,False
node/282012567,16,247.5,51.9,False,True,False
node/282014871,16,247.5,51.9,False,True,False
node/292089713,16,247.5,51.9,False,True,False
node/306412919,16,247.5,51.9,False,True,False
node/306596480,16,247.5,51.9,False,True,False
node/343365115,16,247.5,51.9,False,True,False
node/345361935,16,247.5,51.9,True,False,False
node/345361940,16,247.5,51.9,False,True,False
node/345361945,16,247.5,51.9,False,False,True
node/345361952,16,247.5,51.9,False,True,False
node/365547378,16,247.5,51.9,True,True,False
node/365561354,16,247.5,51.9,False,False,True
node/428296354,16,247.5,51.9,False,True,False
node/428787332,16,247.5,51.9,True,True,False
node/428791961,16,247.5,51.9,False,True,False
node/429185332,16,247.5,51.9,True,True,False
node/429187148,16,247.5,51.9,False,False,True
node/429187149,16,247.5,51.9,False,True,False
node/432845451,16,247.5,51.9,False,True,False
node/432845456,16,247.5,51.9,False,True,False
node/441590515,16,247.5,51.9,True,True,False
node/441590516,16,247.5,51.9,False,True,False
node/506111737,16,247.5,51.9,False,True,False
node/540813432,16,247.5,51.9,True,False,False
node/583399850,16,247.5,51.9,False,True,False
node/615041486,16,247.5,51.9,False,False,True
node/634639449,16,247.5,51.9,False,True,False
node/634639645,16,247.5,51.9,False,True,False
node/642433231,16,247.5,51.9,False,True,False
node/642433232,16,247.5,51.9,False,True,False
node/642433233,16,247.5,51.9,True,True,False
node/643630956,16,247.5,51.9,False,True,False
node/643630958,16,247.5,51.9,False,False,True
node/645389866,16,247.5,51.9,False,True,False
node/645389873,16,247.5,51.9,False,False,True
node/645389878,16,247.5,51.9,False,False,True
node/645389913,16,247.5,51.9,False,True,False
node/645389918,16,247.5,51.9,False,True,False
node/645389928,16,247.5,51.9,False,True,False
node/647201933,16,247.5,51.9,False,True,False
node/647201935,16,247.5,51.9,False,True,False
node/648626763,16,247.5,51.9,False,True,False
node/648626772,16,247.5,51.9,False,True,False
node/648626781,16,247.5,51.9,False,True,False
node/648626782,16,247.5,51.9,False,True,False
node/648626783,16,247.5,51.9,False,True,False
node/648626786,16,247.5,51.9,False,True,False
node/648653672,16,247.5,51.9,False,False,True
node/648653719,16,247.5,51.9,False,True,False
node/649739307,16,247.5,51.9,False,True,False
node/649739313,16,247.5,51.9,False,True,False
node/649739318,16,247.5,51.9,False,True,False
node/649739404,16,247.5,51.9,False,True,False
node/649739407,16,247.5,51.9,True,True,False
node/649739411,16,247.5,51.9,False,True,False
node/649739415,16,247.5,51.9,False,True,False
node/649739510,16,247.5,51.9,False,True,False
node/649739564,16,247.5,51.9,False,True,False
node/649739566,16,247.5,51.9,False,True,False
node/650781102,16,247.5,51.9,False,True,False
node/650781127,16,247.5,51.9,False,False,True
node/650781131,16,247.5,51.9,False,True,False
node/653771340,16,247.5,51.9,False,True,False
node/654538356,16,247.5,51.9,False,True,False
node/654538374,16,247.5,51.9,False,True,False
node/654538375,16,247.5,51.9,False,True,False
node/654538389,16,247.5,51.9,False,True,False
node/654538397,16,247.5,51.9,False,True,False
node/654538401,16,247.5,51.9,False,True,False
node/654538411,16,247.5,51.9,False,True,False
node/654538442,16,247.5,51.9,False,True,False
node/654538443,16,247.5,51.9,False,False,True
node/654538451,16,247.5,51.9,False,True,False
node/654538454,16,247.5,51.9,False,True,False
node/654538457,16,247.5,51.9,False,True,False
node/654538460,16,247.5,51.9,False,True,False
node/654538463,16,247.5,51.9,False,True,False
node/654538466,16,247.5,51.9,True,True,False
node/654538473,16,247.5,51.9,False,False,True
node/654538490,16,247.5,51.9,False,True,False
node/655335119,16,247.5,51.9,False,True,False
node/655335152,16,247.5,51.9,False,True,False
node/655335180,16,247.5,51.9,True,True,False
node/655335182,16,247.5,51.9,True,False,False
node/655335201,16,247.5,51.9,False,True,False
node/656735044,16,247.5,51.9,False,True,False
node/656735048,16,247.5,51.9,False,True,False
node/656735052,16,247.5,51.9,True,False,False
node/656735055,16,247.5,51.9,False,True,False
node/656735065,16,247.5,51.9,False,True,False
node/656735070,16,247.5,51.9,False,True,False
node/656735073,16,247.5,51.9,True,True,False
node/656735077,16,247.5,51.9,False,False,True
node/656735078,16,247.5,51.9,True,True,False
node/656735081,16,247.5,51.9,False,True,False
node/656735085,16,247.5,51.9,False,False,True
node/656863421,16,247.5,51.9,False,True,False
node/656863425,16,247.5,51.9,False,True,False
node/656863430,16,247.5,51.9,False,True,False
node/656863433,16,247.5,51.9,False,True,False
node/656863437,16,247.5,51.9,False,True,False
node/656863438,16,247.5,51.9,True,True,False
node/656863440,16,247.5,51.9,False,True,False
node/656863441,16,247.5,51.9,False,True,False
node/656863442,16,247.5,51.9,False,True,False
node/656863443,16,247.5,51.9,False,True,False
node/656863444,16,247.5,51.9,True,True,False
node/656863445,16,247.5,51.9,False,True,False
node/658877712,16,247.5,51.9,True,False,False
node/658877713,16,247.5,51.9,False,False,True
node/658877718,16,247.5,51.9,False,True,False
node/658911165,16,247.5,51.9,False,True,False
node/658911193,16,247.5,51.9,False,False,True
node/658911195,16,247.5,51.9,True,False,False
node/658911196,16,247.5,51.9,False,True,False
node/658911197,16,247.5,51.9,False,True,False
node/659563415,16,247.5,51.9,False,False,True
node/659563416,16,247.5,51.9,False,False,True
node/660867285,16,247.5,51.9,False,True,False
node/660867286,16,247.5,51.9,False,True,False
node/660867287,16,247.5,51.9,False,True,False
node/660867288,16,247.5,51.9,False,False,True
node/660867289,16,247.5,51.9,False,True,False
node/660867290,16,247.5,51.9,False,True,False
node/660867292,16,247.5,51.9,True,False,False
node/660867293,16,247.5,51.9,False,True,False
node/660867294,16,247.5,51.9,False,True,False
node/660867295,16,247.5,51.9,True,False,False
node/660867296,16,247.5,51.9,False,True,False
node/660867298,16,247.5,51.9,False,True,False
node/660867299,16,247.5,51.9,False,True,False
node/660867300,16,247.5,51.9,True,False,False
node/660867304,16,247.5,51.9,False,True,False
node/660867305,16,247.5,51.9,False,False,True
node/660867312,16,247.5,51.9,False,False,True
node/660867313,16,247.5,51.9,False,False,True
node/660867314,16,247.5,51.9,False,True,False
node/660867315,16,247.5,51.9,False,True,False
node/660867316,16,247.5,51.9,False,False,True
node/660867317,16,247.5,51.9,False,True,False
node/660867318,16,247.5,51.9,False,True,False
node/660867324,16,247.5,51.9,False,True,False
node/660867325,16,247.5,51.9,False,True,False
node/660867326,16,247.5,51.9,False,True,False
node/660867327,16,247.5,51.9,False,False,True
node/660867339,16,247.5,51.9,False,True,False
node/660867340,16,247.5,51.9,False,True,False
node/660867344,16,247.5,51.9,False,True,False
node/660867345,16,247.5,51.9,False,True,False
node/660867346,16,247.5,51.9,False,True,False
node/660867347,16,247.5,51.9,False,True,False
node/660867349,16,247.5,51.9,False,False,True
node/660880366,16,247.5,51.9,False,True,False
node/660880367,16,247.5,51.9,False,True,False
node/661288871,16,247.5,51.9,False,False,True
node/661288898,16,247.5,51.9,False,True,False
node/661288904,16,247.5,51.9,True,False,False
node/661288911,16,247.5,51.9,False,False,True
node/661288915,16,247.5,51.9,False,True,False
node/661288930,16,247.5,51.9,True,False,False
node/661288941,16,247.5,51.9,False,True,False
node/661288968,16,247.5,51.9,True,False,False
node/661757871,16,247.5,51.9,False,False,True
node/661757872,16,247.5,51.9,False,True,False
node/661757877,16,247.5,51.9,False,True,False
node/661757879,16,247.5,51.9,False,False,True
node/661757880,16,247.5,51.9,False,True,False
node/661757882,16,247.5,51.9,False,True,False
node/661757898,16,247.5,51.9,False,True,False
node/661757908,16,247.5,51.9,False,True,False
node/661757910,16,247.5,51.9,False,True,False
node/661757912,16,247.5,51.9,False,True,False
node/661757915,16,247.5,51.9,False,True,False
node/661757917,16,247.5,51.9,False,True,False
node/661757918,16,247.5,51.9,False,True,False
node/661773006,16,247.5,51.9,False,True,False
node/661773007,16,247.5,51.9,False,True,False
node/661773011,16,247.5,51.9,False,True,False
node/661829363,16,247.5,51.9,False,True,False
node/661829364,16,247.5,51.9,False,False,True
node/661829365,16,247.5,51.9,False,True,False
node/661829366,16,247.5,51.9,False,True,False
node/661829367,16,247.5,51.9,False,True,False
node/661829369,16,247.5,51.9,False,False,True
node/661829371,16,247.5,51.9,False,True,False
node/661829374,16,247.5,51.9,False,True,False
node/661829376,16,247.5,51.9,False,True,False
node/661902193,16,247.5,51.9,False,False,True
node/661902212,16,247.5,51.9,False,True,False
node/662188142,16,247.5,51.9,False,False,True
node/662249354,16,247.5,51.9,False,True,False
node/662249355,16,247.5,51.9,False,False,True
node/662287133,16,247.5,51.9,True,False,False
node/662287136,16,247.5,51.9,False,False,True
node/662287137,16,247.5,51.9,False,True,False
node/662287139,16,247.5,51.9,True,False,False
node/662287141,16,247.5,51.9,False,True,False
node/662287142,16,247.5,51.9,False,False,True
node/662300553,16,247.5,51.9,False,False,True
node/662300555,16,247.5,51.9,False,True,False
node/662300556,16,247.5,51.9,False,True,False
node/662300559,16,247.5,51.9,False,True,False
node/662300561,16,247.5,51.9,False,True,False
node/662300562,16,247.5,51.9,False,True,False
node/662300563,16,247.5,51.9,False,True,False
node/662300564,16,247.5,51.9,False,False,True
node/662300565,16,247.5,51.9,False,False,True
node/662344054,16,247.5,51.9,False,True,False
node/662344055,16,247.5,51.9,False,False,True
node/662344057,16,247.5,51.9,False,True,False
node/662438476,16,247.5,51.9,False,True,False
node/662585054,16,247.5,51.9,False,False,True
node/662585056,16,247.5,51.9,False,True,False
node/662585059,16,247.5,51.9,False,True,False
node/662585063,16,247.5,51.9,False,False,True
node/662585066,16,247.5,51.9,True,True,False
node/662585070,16,247.5,51.9,True,True,False
node/662585073,16,247.5,51.9,False,True,False
node/662585078,16,247.5,51.9,False,False,True
node/662585081,16,247.5,51.9,False,True,False
node/662585084,16,247.5,51.9,False,True,False
node/663389725,16,247.5,51.9,False,True,False
node/663389729,16,247.5,51.9,False,False,True
node/663825165,16,247.5,51.9,False,False,True
node/663825168,16,247.5,51.9,False,False,True
node/663825170,16,247.5,51.9,False,True,False
node/663868617,16,247.5,51.9,False,True,False
node/663868618,16,247.5,51.9,False,False,True
node/663868619,16,247.5,51.9,False,True,False
node/664389964,16,247.5,51.9,False,False,True
node/667196516,16,247.5,51.9,False,True,False
node/674736277,16,247.5,51.9,True,True,False
node/676643327,16,247.5,51.9,True,True,False
node/676643331,16,247.5,51.9,False,True,False
node/676643332,16,247.5,51.9,True,True,False
node/676643334,16,247.5,51.9,True,True,False
node/676691581,16,247.5,51.9,False,True,False
node/676691586,16,247.5,51.9,False,True,False
node/676691589,16,247.5,51.9,False,True,False
node/676691594,16,247.5,51.9,False,False,True
node/676691598,16,247.5,51.9,False,False,True
node/676691604,16,247.5,51.9,False,False,True
node/676700279,16,247.5,51.9,False,True,False
node/676738424,16,247.5,51.9,False,True,False
node/676738427,16,247.5,51.9,False,True,False
node/676738429,16,247.5,51.9,False,True,False
node/676738431,16,247.5,51.9,False,True,False
node/676738433,16,247.5,51.9,False,False,True
node/676745533,16,247.5,51.9,False,False,True
node/678880586,16,247.5,51.9,False,True,False
node/678880588,16,247.5,51.9,False,True,False
node/678880589,16,247.5,51.9,False,True,False
node/678880590,16,247.5,51.9,False,False,True
node/678880591,16,247.5,51.9,False,False,True
node/678880592,16,247.5,51.9,False,True,False
node/678880593,16,247.5,51.9,False,False,True
node/678880594,16,247.5,51.9,False,False,True
node/678880595,16,247.5,51.9,False,False,True
node/678880597,16,247.5,51.9,False,True,False
node/678880608,16,247.5,51.9,False,True,False
node/678880610,16,247.5,51.9,False,False,True
node/678880612,16,247.5,51.9,False,False,True
node/678880613,16,247.5,51.9,True,False,False
node/679447426,16,247.5,51.9,False,True,False
node/679475723,16,247.5,51.9,False,False,True
node/679475726,16,247.5,51.9,False,True,False
node/679475728,16,247.5,51.9,False,True,False
node/679475731,16,247.5,51.9,True,False,False
node/679479311,16,247.5,51.9,True,True,False
node/680299285,16,247.5,51.9,True,True,False
node/680377132,16,247.5,51.9,False,True,False
node/680520275,16,247.5,51.9,False,True,False
node/680520281,16,247.5,51.9,False,True,False
node/680520285,16,247.5,51.9,False,False,True
node/680520294,16,247.5,51.9,False,True,False
node/680520299,16,247.5,51.9,True,False,False
node/680520328,16,247.5,51.9,True,False,False
node/680520333,16,247.5,51.9,False,True,False
node/680520338,16,247.5,51.9,False,False,True
node/680520342,16,247.5,51.9,True,False,False
node/680520360,16,247.5,51.9,False,True,False
node/687864649,16,247.5,51.9,False,False,True
node/692073197,16,247.5,51.9,False,True,False
node/692073222,16,247.5,51.9,False,False,True
node/693683785,16,247.5,51.9,False,False,True
node/693933529,16,247.5,51.9,False,True,False
node/693933532,16,247.5,51.9,False,False,True
node/705535132,16,247.5,51.9,False,True,False
node/705664753,16,247.5,51.9,False,True,False
node/705685629,16,247.5,51.9,False,False,True
node/705704754,16,247.5,51.9,False,False,True
node/705704795,16,247.5,51.9,False,False,True
node/705704828,16,247.5,51.9,False,False,True
node/705722195,16,247.5,51.9,False,True,False
node/705722196,16,247.5,51.9,False,False,True
node/705722197,16,247.5,51.9,False,True,False
node/705722198,16,247.5,51.9,False,True,False
node/705722199,16,247.5,51.9,False,False,True
node/705722205,16,247.5,51.9,True,True,False
node/705722208,16,247.5,51.9,False,False,True
node/705722221,16,247.5,51.9,False,True,False
node/706725638,16,247.5,51.9,True,True,False
node/708087631,16,247.5,51.9,False,False,True
node/708087634,16,247.5,51.9,False,True,False
node/708087640,16,247.5,51.9,True,True,False
node/708087642,16,247.5,51.9,False,True,False
node/708087644,16,247.5,51.9,False,False,True
node/708087647,16,247.5,51.9,False,False,True
node/708087651,16,247.5,51.9,False,True,False
node/708123785,16,247.5,51.9,False,True,False
node/708123787,16,247.5,51.9,False,True,False
node/708123789,16,247.5,51.9,False,True,False
node/708123793,16,247.5,51.9,False,True,False
node/714175316,16,247.5,51.9,False,True,False
node/714175323,16,247.5,51.9,False,False,True
node/714175327,16,247.5,51.9,False,False,True
node/714175330,16,247.5,51.9,False,False,True
node/714175333,16,247.5,51.9,False,True,False
node/714175337,16,247.5,51.9,False,True,False
node/714175341,16,247.5,51.9,True,True,False
node/714307639,16,247.5,51.9,False,True,False
node/714307640,16,247.5,51.9,False,True,False
node/714307641,16,247.5,51.9,False,True,False
node/714307642,16,247.5,51.9,True,True,False
node/714307643,16,247.5,51.9,False,True,False
node/714307644,16,247.5,51.9,True,True,False
node/714307646,16,247.5,51.9,False,True,False
node/714307653,16,247.5,51.9,False,True,False
node/714307655,16,247.5,51.9,False,True,False
node/714331149,16,247.5,51.9,False,True,False
node/714331150,16,247.5,51.9,False,True,False
node/715795985,16,247.5,51.9,True,True,False
node/715795988,16,247.5,51.9,False,True,False
node/715795997,16,247.5,51.9,False,True,False
node/715795999,16,247.5,51.9,True,True,False
node/715796009,16,247.5,51.9,False,True,False
node/715796017,16,247.5,51.9,False,True,False
node/715796020,16,247.5,51.9,False,False,True
node/715827009,16,247.5,51.9,False,True,False
node/715827015,16,247.5,51.9,False,True,False
node/715948229,16,247.5,51.9,False,False,True
node/715948266,16,247.5,51.9,True,False,False
node/715987136,16,247.5,51.9,False,True,False
node/715987152,16,247.5,51.9,False,True,False
node/715987155,16,247.5,51.9,False,True,False
node/715987157,16,247.5,51.9,False,True,False
node/715987159,16,247.5,51.9,False,True,False
node/715987161,16,247.5,51.9,False,True,False
node/716008478,16,247.5,51.9,False,True,False
node/716008561,16,247.5,51.9,False,True,False
node/716008564,16,247.5,51.9,False,True,False
node/716008566,16,247.5,51.9,False,False,True
node/716008568,16,247.5,51.9,False,True,False
node/716008570,16,247.5,51.9,False,True,False
node/716015766,16,247.5,51.9,False,True,False
node/716023939,16,247.5,51.9,False,True,False
node/716023940,16,247.5,51.9,False,True,False
node/716023943,16,247.5,51.9,False,True,False
node/716023944,16,247.5,51.9,False,True,False
node/716023945,16,247.5,51.9,False,True,False
node/716023947,16,247.5,51.9,False,True,False
node/717641269,16,247.5,51.9,False,False,True
node/717641278,16,247.5,51.9,False,True,False
node/717641294,16,247.5,51.9,True,True,False
node/717641295,16,247.5,51.9,False,True,False
node/717641335,16,247.5,51.9,False,True,False
node/717641337,16,247.5,51.9,True,False,False
node/723173231,16,247.5,51.9,True,False,False
node/723278918,16,247.5,51.9,False,True,False
node/723278937,16,247.5,51.9,False,False,True
node/723278949,16,247.5,51.9,True,False,False
node/723278960,16,247.5,51.9,False,True,False
node/726880667,16,247.5,51.9,True,False,False
node/726880696,16,247.5,51.9,True,False,False
node/726880711,16,247.5,51.9,True,True,False
node/726880721,16,247.5,51.9,False,True,False
node/726880760,16,247.5,51.9,False,False,True
node/726899485,16,247.5,51.9,False,True,False
node/726905052,16,247.5,51.9,True,False,False
node/726923443,16,247.5,51.9,True,False,False
node/726927282,16,247.5,51.9,False,True,False
node/726927283,16,247.5,51.9,False,True,False
node/727781189,16,247.5,51.9,False,False,True
node/727781213,16,247.5,51.9,True,True,False
node/727781214,16,247.5,51.9,False,True,False
node/727802743,16,247.5,51.9,True,False,False
node/727802745,16,247.5,51.9,False,False,True
node/729049314,16,247.5,51.9,False,False,True
node/729049328,16,247.5,51.9,False,True,False
node/729049334,16,247.5,51.9,True,True,False
node/729049339,16,247.5,51.9,False,True,False
node/729049346,16,247.5,51.9,False,True,False
node/729049367,16,247.5,51.9,False,True,False
node/729049373,16,247.5,51.9,True,True,False
node/729049377,16,247.5,51.9,False,True,False
node/729049383,16,247.5,51.9,False,True,False
node/729049385,16,247.5,51.9,False,True,False
node/729049388,16,247.5,51.9,False,True,False
node/729049391,16,247.5,51.9,False,True,False
node/729049395,16,247.5,51.9,False,True,False
node/729049397,16,247.5,51.9,False,True,False
node/729313995,16,247.5,51.9,False,True,False
node/729313996,16,247.5,51.9,False,True,False
node/729313999,16,247.5,51.9,False,True,False
node/729314003,16,247.5,51.9,False,True,False
node/729314006,16,247.5,51.9,False,True,False
node/729314009,16,247.5,51.9,False,True,False
node/729314010,16,247.5,51.9,True,True,False
node/729314013,16,247.5,51.9,False,True,False
node/729314014,16,247.5,51.9,False,True,False
node/729314016,16,247.5,51.9,False,True,False
node/729314017,16,247.5,51.9,False,True,False
node/729314018,16,247.5,51.9,False,True,False
node/729314022,16,247.5,51.9,False,True,False
node/729314023,16,247.5,51.9,False,True,False
node/729314024,16,247.5,51.9,False,True,False
node/729314025,16,247.5,51.9,False,True,False
node/729314026,16,247.5,51.9,False,True,False
node/729314027,16,247.5,51.9,False,True,False
node/729314028,16,247.5,51.9,False,True,False
node/729314029,16,247.5,51.9,False,True,False
node/729314030,16,247.5,51.9,True,True,False
node/729314031,16,247.5,51.9,False,True,False
node/729314034,16,247.5,51.9,False,True,False
node/729314035,16,247.5,51.9,False,True,False
node/729314036,16,247.5,51.9,False,True,False
node/729314038,16,247.5,51.9,False,True,False
node/729314039,16,247.5,51.9,False,True,False
node/729314040,16,247.5,51.9,False,False,True
node/729314041,16,247.5,51.9,False,True,False
node/729314042,16,247.5,51.9,False,True,False
node/729314043,16,247.5,51.9,False,True,False
node/729314044,16,247.5,51.9,False,False,True
node/729314045,16,247.5,51.9,False,True,False
node/729314046,16,247.5,51.9,False,True,False
node/729314047,16,247.5,51.9,True,True,False
node/729314048,16,247.5,51.9,True,True,False
node/729314050,16,247.5,51.9,False,True,False
node/729314052,16,247.5,51.9,False,True,False
node/729314064,16,247.5,51.9,False,True,False
node/729314066,16,247.5,51.9,False,False,True
node/729314068,16,247.5,51.9,False,True,False
node/729314070,16,247.5,51.9,True,True,False
node/736901117,16,247.5,51.9,True,False,False
node/736901118,16,247.5,51.9,False,True,False
node/745843278,16,247.5,51.9,False,False,True
node/745843542,16,247.5,51.9,False,False,True
node/745843545,16,247.5,51.9,False,False,True
node/745843563,16,247.5,51.9,False,False,True
node/745843569,16,247.5,51.9,False,False,True
node/745843571,16,247.5,51.9,False,False,True
node/745843576,16,247.5,51.9,False,False,True
node/745843585,16,247.5,51.9,True,False,False
node/745843596,16,247.5,51.9,False,False,True
node/745843602,16,247.5,51.9,False,False,True
node/745843611,16,247.5,51.9,False,True,False
node/745843617,16,247.5,51.9,False,True,False
node/745843620,16,247.5,51.9,False,False,True
node/745843621,16,247.5,51.9,False,True,False
node/745843639,16,247.5,51.9,False,True,False
node/745843644,16,247.5,51.9,True,False,False
node/745843650,16,247.5,51.9,False,False,True
node/745843653,16,247.5,51.9,False,False,True
node/745843668,16,247.5,51.9,False,True,False
node/745843686,16,247.5,51.9,False,True,False
node/745843689,16,247.5,51.9,False,False,True
node/745843700,16,247.5,51.9,False,False,True
node/745843718,16,247.5,51.9,False,True,False
node/745843722,16,247.5,51.9,False,True,False
node/745843747,16,247.5,51.9,False,False,True
node/745843781,16,247.5,51.9,False,True,False
node/745843793,16,247.5,51.9,False,True,False
node/745843795,16,247.5,51.9,False,True,False
node/745843804,16,247.5,51.9,False,True,False
node/745843817,16,247.5,51.9,False,False,True
node/747373723,16,247.5,51.9,False,True,False
node/749915461,16,247.5,51.9,False,False,True
node/749915469,16,247.5,51.9,False,True,False
node/749915496,16,247.5,51.9,False,True,False
node/749915501,16,247.5,51.9,False,True,False
node/776998377,16,247.5,51.9,False,False,True
node/776998421,16,247.5,51.9,False,True,False
node/776998536,16,247.5,51.9,False,True,False
node/776998611,16,247.5,51.9,False,True,False
node/776998622,16,247.5,51.9,False,True,False
node/776998653,16,247.5,51.9,False,True,False
node/776998658,16,247.5,51.9,True,True,False
node/776998702,16,247.5,51.9,False,True,False
node/776998708,16,247.5,51.9,False,True,False
node/785897777,16,247.5,51.9,False,True,False
node/785897978,16,247.5,51.9,False,True,False
node/793812415,16,247.5,51.9,True,True,False
node/886417884,16,247.5,51.9,False,True,False
node/886547417,16,247.5,51.9,False,True,False
node/886547790,16,247.5,51.9,False,True,False
node/895947217,16,247.5,51.9,False,True,False
node/935738120,16,247.5,51.9,False,True,False
node/935738124,16,247.5,51.9,False,True,False
node/935738170,16,247.5,51.9,False,True,False
node/959824618,16,247.5,51.9,False,True,False
node/959824625,16,247.5,51.9,False,False,True
node/959824630,16,247.5,51.9,False,True,False
node/959824634,16,247.5,51.9,False,True,False
node/959824649,16,247.5,51.9,False,True,False
node/959824652,16,247.5,51.9,False,True,False
node/959824653,16,247.5,51.9,False,True,False
node/959824656,16,247.5,51.9,False,True,False
node/959824657,16,247.5,51.9,False,False,True
node/959824659,16,247.5,51.9,True,False,False
node/959824660,16,247.5,51.9,False,True,False
node/959824663,16,247.5,51.9,False,True,False
node/959824666,16,247.5,51.9,True,True,False
node/959824668,16,247.5,51.9,False,True,False
node/959824671,16,247.5,51.9,False,False,True
node/981872291,16,247.5,51.9,False,True,False
node/981872301,16,247.5,51.9,False,True,False
node/981872303,16,247.5,51.9,False,True,False
node/981872304,16,247.5,51.9,False,True,False
node/982682845,16,247.5,51.9,False,False,True
node/982682846,16,247.5,51.9,False,False,True
node/982682847,16,247.5,51.9,False,True,False
node/982855592,16,247.5,51.9,False,True,False
node/983814549,16,247.5,51.9,False,True,False
node/992112751,16,247.5,51.9,False,True,False
node/992112753,16,247.5,51.9,False,True,False
node/992113410,16,247.5,51.9,False,True,False
node/994009755,16,247.5,51.9,False,True,False
node/994089720,16,247.5,51.9,False,True,False
node/994089728,16,247.5,51.9,True,True,False
node/994089735,16,247.5,51.9,False,False,True
node/994118008,16,247.5,51.9,False,False,True
node/994118017,16,247.5,51.9,True,True,False
node/994132203,16,247.5,51.9,False,False,True
node/994147890,16,247.5,51.9,True,False,False
node/994147892,16,247.5,51.9,False,True,False
node/994147895,16,247.5,51.9,False,False,True
node/994147905,16,247.5,51.9,True,False,False
node/994147907,16,247.5,51.9,True,False,False
node/994183875,16,247.5,51.9,False,False,True
node/994183913,16,247.5,51.9,True,True,False
node/994183921,16,247.5,51.9,True,False,False
node/994183929,16,247.5,51.9,True,False,False
node/996118014,16,247.5,51.9,False,True,False
node/996118054,16,247.5,51.9,False,True,False
node/996190138,16,247.5,51.9,False,True,False
node/996572168,16,247.5,51.9,False,False,True
node/996572180,16,247.5,51.9,False,False,True
node/996572322,16,247.5,51.9,False,True,False
node/997306488,16,247.5,51.9,False,False,True
node/998207278,16,247.5,51.9,False,False,True
node/998638141,16,247.5,51.9,False,True,False
node/998638179,16,247.5,51.9,False,True,False
node/998759971,16,247.5,51.9,False,False,True
node/998807645,16,247.5,51.9,False,True,False
node/998807657,16,247.5,51.9,True,True,False
node/1003229677,16,247.5,51.9,False,True,False
node/1003229681,16,247.5,51.9,False,True,False
node/1003229692,16,247.5,51.9,True,True,False
node/1003229702,16,247.5,51.9,False,True,False
node/1003229707,16,247.5,51.9,False,True,False
node/1003229715,16,247.5,51.9,False,True,False
node/1003229718,16,247.5,51.9,False,True,False
node/1003229728,16,247.5,51.9,False,True,False
node/1003229735,16,247.5,51.9,False,True,False
node/1003229737,16,247.5,51.9,False,True,False
node/1003229752,16,247.5,51.9,False,True,False
node/1003276458,16,247.5,51.9,False,True,False
node/1003276459,16,247.5,51.9,False,True,False
node/1003276463,16,247.5,51.9,True,True,False
node/1003276465,16,247.5,51.9,False,True,False
node/1003276466,16,247.5,51.9,False,True,False
node/1003276473,16,247.5,51.9,True,True,False
node/1004444450,16,247.5,51.9,False,True,False
node/1004444476,16,247.5,51.9,False,False,True
node/1004444491,16,247.5,51.9,False,True,False
node/1006057366,16,247.5,51.9,False,True,False
node/1006057367,16,247.5,51.9,False,True,False
node/1006057386,16,247.5,51.9,False,True,False
node/1006191591,16,247.5,51.9,False,False,True
node/1009311669,16,247.5,51.9,False,True,False
node/1009311749,16,247.5,51.9,True,True,False
node/1009311797,16,247.5,51.9,False,False,True
node/1009311852,16,247.5,51.9,True,False,False
node/1009311915,16,247.5,51.9,False,True,False
node/1009311952,16,247.5,51.9,False,True,False
node/1009311965,16,247.5,51.9,False,True,False
node/1009311968,16,247.5,51.9,False,False,True
node/1009312027,16,247.5,51.9,False,True,False
node/1009312067,16,247.5,51.9,False,True,False
node/1009312095,16,247.5,51.9,False,False,True
node/1009312121,16,247.5,51.9,False,False,True
node/1011790277,16,247.5,51.9,True,True,False
node/1011790316,16,247.5,51.9,True,True,False
node/1011790353,16,247.5,51.9,False,True,False
node/1011790361,16,247.5,51.9,False,True,False
node/1011790364,16,247.5,51.9,False,True,False
node/1011790393,16,247.5,51.9,False,False,True
node/1011790396,16,247.5,51.9,False,True,False
node/1011790409,16,247.5,51.9,False,False,True
node/1011790418,16,247.5,51.9,False,True,False
node/1011790481,16,247.5,51.9,False,True,False
node/1011790502,16,247.5,51.9,True,True,False
node/1018022682,16,247.5,51.9,False,False,True
node/1018022684,16,247.5,51.9,False,True,False
node/1027462220,16,247.5,51.9,False,False,True
node/1028229243,16,247.5,51.9,False,True,False
node/1028305084,16,247.5,51.9,False,False,True
node/1028305247,16,247.5,51.9,False,False,True
node/1028830776,16,247.5,51.9,False,False,True
node/1028830979,16,247.5,51.9,False,False,True
node/1030280352,16,247.5,51.9,False,True,False
node/1030280471,16,247.5,51.9,False,True,False
node/1030280474,16,247.5,51.9,False,True,False
node/1097841709,16,247.5,51.9,False,False,True
node/1097841716,16,247.5,51.9,False,True,False
node/1097841737,16,247.5,51.9,False,True,False
node/1097841741,16,247.5,51.9,False,False,True
node/1097841742,16,247.5,51.9,False,True,False
node/1097841743,16,247.5,51.9,False,True,False
node/1097841752,16,247.5,51.9,False,False,True
node/1103678784,16,247.5,51.9,False,False,True
node/1112456261,16,247.5,51.9,False,False,True
node/1119024747,16,247.5,51.9,True,True,False
node/1134256752,16,247.5,51.9,False,True,False
node/1137794310,16,247.5,51.9,True,True,False
node/1137802570,16,247.5,51.9,False,False,True
node/1137802579,16,247.5,51.9,False,False,True
node/1137818886,16,247.5,51.9,False,False,True
node/1137818887,16,247.5,51.9,False,False,True
node/1137830092,16,247.5,51.9,False,True,False
node/1137830094,16,247.5,51.9,False,False,True
node/1137830095,16,247.5,51.9,False,False,True
node/1137872245,16,247.5,51.9,False,False,True
node/1137872285,16,247.5,51.9,False,True,False
node/1137958736,16,247.5,51.9,False,True,False
node/1137973396,16,247.5,51.9,False,True,False
node/1137973399,16,247.5,51.9,False,True,False
node/1138006269,16,247.5,51.9,False,True,False
node/1138006277,16,247.5,51.9,False,False,True
node/1138036121,16,247.5,51.9,False,True,False
node/1272557317,16,247.5,51.9,True,False,False
node/1272557326,16,247.5,51.9,False,True,False
node/1272557340,16,247.5,51.9,False,True,False
node/1272557344,16,247.5,51.9,False,False,True
node/1272557365,16,247.5,51.9,False,True,False
node/1272557389,16,247.5,51.9,False,False,True
node/1272557552,16,247.5,51.9,False,True,False
node/1272557584,16,247.5,51.9,True,False,False
node/1272557592,16,247.5,51.9,False,True,False
node/1272557608,16,247.5,51.9,True,True,False
node/1272557630,16,247.5,51.9,False,True,False
node/1272557684,16,247.5,51.9,False,True,False
node/1272557722,16,247.5,51.9,False,True,False
node/1272557753,16,247.5,51.9,True,True,False
node/1272557793,16,247.5,51.9,False,True,False
node/1272557798,16,247.5,51.9,False,True,False
node/1272557812,16,247.5,51.9,False,True,False
node/1272557834,16,247.5,51.9,False,True,False
node/1273595512,16,247.5,51.9,False,True,False
node/1273595518,16,247.5,51.9,False,True,False
node/1273595527,16,247.5,51.9,False,True,False
node/1273595530,16,247.5,51.9,False,True,False
node/1273595532,16,247.5,51.9,False,True,False
node/1273595537,16,247.5,51.9,True,True,False
node/1273595542,16,247.5,51.9,False,True,False
node/1273595550,16,247.5,51.9,False,False,True
node/1273595555,16,247.5,51.9,False,True,False
node/1273633817,16,247.5,51.9,False,False,True
node/1273655589,16,247.5,51.9,False,True,False
node/1273655591,16,247.5,51.9,False,True,False
node/1273655598,16,247.5,51.9,False,True,False
node/1273665587,16,247.5,51.9,False,True,False
node/1273702741,16,247.5,51.9,False,True,False
node/1273702747,16,247.5,51.9,True,True,False
node/1273702764,16,247.5,51.9,False,True,False
node/1273702767,16,247.5,51.9,True,False,False
node/1273702784,16,247.5,51.9,False,True,False
node/1273702791,16,247.5,51.9,False,True,False
node/1273702802,16,247.5,51.9,False,True,False
node/1273736294,16,247.5,51.9,False,True,False
node/1273736296,16,247.5,51.9,False,True,False
node/1273736302,16,247.5,51.9,False,True,False
node/1273736308,16,247.5,51.9,False,True,False
node/1273742525,16,247.5,51.9,False,True,False
node/1273749690,16,247.5,51.9,True,False,False
node/1276273393,16,247.5,51.9,False,True,False
node/1276273403,16,247.5,51.9,False,True,False
node/1276273408,16,247.5,51.9,False,True,False
node/1276273411,16,247.5,51.9,False,True,False
node/1276273423,16,247.5,51.9,False,True,False
node/1276273425,16,247.5,51.9,False,True,False
node/1276320492,16,247.5,51.9,False,True,False
node/1276320582,16,247.5,51.9,False,True,False
node/1276400883,16,247.5,51.9,False,False,True
node/1276400897,16,247.5,51.9,False,True,False
node/1276400927,16,247.5,51.9,False,True,False
node/1276417089,16,247.5,51.9,False,True,False
node/1276417092,16,247.5,51.9,False,True,False
node/1276417093,16,247.5,51.9,False,True,False
node/1276478031,16,247.5,51.9,True,False,False
node/1276478077,16,247.5,51.9,False,False,True
node/1276478093,16,247.5,51.9,False,False,True
node/1276478094,16,247.5,51.9,False,True,False
node/1276478112,16,247.5,51.9,False,True,False
node/1276478121,16,247.5,51.9,False,False,True
node/1276478123,16,247.5,51.9,False,False,True
node/1276502116,16,247.5,51.9,False,False,True
node/1277721731,16,247.5,51.9,False,True,False
node/1277721734,16,247.5,51.9,False,True,False
node/1277721737,16,247.5,51.9,False,False,True
node/1277721740,16,247.5,51.9,False,True,False
node/1277721745,16,247.5,51.9,False,False,True
node/1277721746,16,247.5,51.9,False,False,True
node/1277732178,16,247.5,51.9,False,False,True
node/1277834061,16,247.5,51.9,False,False,True
node/1277834071,16,247.5,51.9,False,False,True
node/1277834092,16,247.5,51.9,False,True,False
node/1277834103,16,247.5,51.9,False,False,True
node/1277834111,16,247.5,51.9,False,True,False
node/1277834138,16,247.5,51.9,False,False,True
node/1277834152,16,247.5,51.9,False,True,False
node/1277834154,16,247.5,51.9,False,False,True
node/1277834174,16,247.5,51.9,False,False,True
node/1277834175,16,247.5,51.9,False,True,False
node/1277834225,16,247.5,51.9,False,False,True
node/1277834240,16,247.5,51.9,False,True,False
node/1277834262,16,247.5,51.9,False,False,True
node/1277834264,16,247.5,51.9,False,False,True
node/1277834274,16,247.5,51.9,False,True,False
node/1277834295,16,247.5,51.9,False,False,True
node/1277834337,16,247.5,51.9,False,False,True
node/1277834347,16,247.5,51.9,False,True,False
node/1277834368,16,247.5,51.9,False,False,True
node/1277834371,16,247.5,51.9,False,True,False
node/1277834396,16,247.5,51.9,False,True,False
node/1277834449,16,247.5,51.9,False,True,False
node/1277834452,16,247.5,51.9,True,False,False
node/1277834459,16,247.5,51.9,False,True,False
node/1277834466,16,247.5,51.9,False,True,False
node/1277834472,16,247.5,51.9,False,True,False
node/1277834492,16,247.5,51.9,False,False,True
node/1277834493,16,247.5,51.9,False,True,False
node/1277834582,16,247.5,51.9,False,False,True
node/1277834607,16,247.5,51.9,False,True,False
node/1277834618,16,247.5,51.9,False,False,True
node/1277834624,16,247.5,51.9,False,False,True
node/1277834649,16,247.5,51.9,False,False,True
node/1277834699,16,247.5,51.9,False,False,True
node/1277834725,16,247.5,51.9,False,False,True
node/1277834727,16,247.5,51.9,False,True,False
node/1279480910,16,247.5,51.9,True,False,False
node/1279480912,16,247.5,51.9,True,False,False
node/1279480916,16,247.5,51.9,False,False,True
node/1279480918,16,247.5,51.9,False,False,True
node/1279480923,16,247.5,51.9,False,False,True
node/1279480925,16,247.5,51.9,False,False,True
node/1279480929,16,247.5,51.9,False,True,False
node/1279480935,16,247.5,51.9,False,False,True
node/1279657058,16,247.5,51.9,False,True,False
node/1279675102,16,247.5,51.9,True,False,False
node/1279695348,16,247.5,51.9,True,True,False
node/1279695361,16,247.5,51.9,False,True,False
node/1279742021,16,247.5,51.9,False,False,True
node/1279742023,16,247.5,51.9,True,False,False
node/1279742024,16,247.5,51.9,False,True,False
node/1279742035,16,247.5,51.9,False,True,False
node/1279742039,16,247.5,51.9,False,True,False
node/1279742050,16,247.5,51.9,False,True,False
node/1279742054,16,247.5,51.9,False,True,False
node/1279742061,16,247.5,51.9,False,False,True
node/1279742063,16,247.5,51.9,False,True,False
node/1279742065,16,247.5,51.9,False,False,True
node/1279742073,16,247.5,51.9,False,True,False
node/1283536253,16,247.5,51.9,False,False,True
node/1283536254,16,247.5,51.9,False,False,True
node/1284581959,16,247.5,51.9,False,True,False
node/1284582060,16,247.5,51.9,False,False,True
node/1284926939,16,247.5,51.9,True,False,False
node/1284926944,16,247.5,51.9,False,True,False
node/1284926961,16,247.5,51.9,False,True,False
node/1284926963,16,247.5,51.9,False,True,False
node/1284926984,16,247.5,51.9,False,False,True
node/1284926985,16,247.5,51.9,False,False,True
node/1284926996,16,247.5,51.9,False,False,True
node/1284927009,16,247.5,51.9,False,True,False
node/1284927034,16,247.5,51.9,False,False,True
node/1284927074,16,247.5,51.9,False,True,False
node/1284927083,16,247.5,51.9,False,False,True
node/1284927093,16,247.5,51.9,False,True,False
node/1284927099,16,247.5,51.9,False,True,False
node/1284927115,16,247.5,51.9,False,True,False
node/1284927124,16,247.5,51.9,False,True,False
node/1284927131,16,247.5,51.9,False,True,False
node/1284927139,16,247.5,51.9,True,True,False
node/1286915409,16,247.5,51.9,False,True,False
node/1286915419,16,247.5,51.9,False,True,False
node/1286915421,16,247.5,51.9,True,True,False
node/1289529721,16,247.5,51.9,False,True,False
node/1289529758,16,247.5,51.9,False,True,False
node/1293986598,16,247.5,51.9,False,True,False
node/1293986601,16,247.5,51.9,False,True,False
node/1293986603,16,247.5,51.9,False,True,False
node/1294003447,16,247.5,51.9,False,False,True
node/1294003448,16,247.5,51.9,False,False,True
node/1294003450,16,247.5,51.9,False,False,True
node/1294003452,16,247.5,51.9,False,True,False
node/1294003453,16,247.5,51.9,False,True,False
node/1294003454,16,247.5,51.9,False,False,True
node/1294003461,16,247.5,51.9,False,False,True
node/1294003462,16,247.5,51.9,False,False,True
node/1295136729,16,247.5,51.9,False,True,False
node/1295150682,16,247.5,51.9,False,True,False
node/1295159013,16,247.5,51.9,False,False,True
node/1295159014,16,247.5,51.9,False,False,True
node/1295276479,16,247.5,51.9,False,True,False
node/1295312638,16,247.5,51.9,False,False,True
node/1295312640,16,247.5,51.9,False,False,True
node/1295312642,16,247.5,51.9,False,False,True
node/1295312646,16,247.5,51.9,True,False,False
node/1295312650,16,247.5,51.9,False,False,True
node/1295312655,16,247.5,51.9,False,False,True
node/1295312656,16,247.5,51.9,True,False,False
node/1295312657,16,247.5,51.9,False,False,True
node/1295343768,16,247.5,51.9,False,False,True
node/1295406453,16,247.5,51.9,False,False,True
node/1295406518,16,247.5,51.9,False,False,True
node/1295523738,16,247.5,51.9,False,True,False
node/1295523740,16,247.5,51.9,False,True,False
node/1295523743,16,247.5,51.9,False,False,True
node/1295523744,16,247.5,51.9,False,True,False
node/1295523757,16,247.5,51.9,True,False,False
node/1295523759,16,247.5,51.9,False,True,False
node/1295523760,16,247.5,51.9,False,True,False
node/1295523761,16,247.5,51.9,False,False,True
node/1295523762,16,247.5,51.9,False,True,False
node/1295523766,16,247.5,51.9,False,True,False
node/1295523767,16,247.5,51.9,False,True,False
node/1295523769,16,247.5,51.9,False,True,False
node/1295531541,16,247.5,51.9,False,False,True
node/1316610234,16,247.5,51.9,False,False,True
node/1316610236,16,247.5,51.9,False,False,True
node/1316610237,16,247.5,51.9,True,True,False
node/1316610238,16,247.5,51.9,True,False,False
node/1316610240,16,247.5,51.9,False,False,True
node/1316610242,16,247.5,51.9,False,True,False
node/1316610243,16,247.5,51.9,True,False,False
node/1316610245,16,247.5,51.9,False,False,True
node/1322862540,16,247.5,51.9,False,False,True
node/1322862545,16,247.5,51.9,False,True,False
node/1322862633,16,247.5,51.9,True,True,False
node/1322862663,16,247.5,51.9,True,True,False
node/1322862715,16,247.5,51.9,False,True,False
node/1322862749,16,247.5,51.9,True,False,False
node/1335607719,16,247.5,51.9,False,False,True
node/1335607722,16,247.5,51.9,False,True,False
node/1335607723,16,247.5,51.9,True,True,False
node/1335607726,16,247.5,51.9,False,False,True
node/1335607728,16,247.5,51.9,False,True,False
node/1335607730,16,247.5,51.9,False,False,True
node/1335607732,16,247.5,51.9,False,False,True
node/1362090001,16,247.5,51.9,False,False,True
node/1473295091,16,247.5,51.9,False,False,True
node/1473306609,16,247.5,51.9,False,True,False
node/1473306610,16,247.5,51.9,True,False,False
node/1474688192,16,247.5,51.9,False,True,False
node/1475413557,16,247.5,51.9,False,True,False
node/1475413558,16,247.5,51.9,False,True,False
node/1475413560,16,247.5,51.9,False,True,False
node/1475429792,16,247.5,51.9,False,True,False
node/1497152885,16,247.5,51.9,False,True,False
node/1497152886,16,247.5,51.9,False,True,False
node/1502802078,16,247.5,51.9,False,False,True
node/1518738714,16,247.5,51.9,False,True,False
node/1518738715,16,247.5,51.9,True,False,False
node/1518866593,16,247.5,51.9,False,True,False
node/1518866598,16,247.5,51.9,False,False,True
node/1518866601,16,247.5,51.9,False,True,False
node/1518866613,16,247.5,51.9,False,True,False
node/1518866616,16,247.5,51.9,False,False,True
node/1537450915,16,247.5,51.9,False,False,True
node/1539516740,16,247.5,51.9,False,False,True
node/1539534959,16,247.5,51.9,False,False,True
node/1539534962,16,247.5,51.9,False,False,True
node/1539534967,16,247.5,51.9,False,True,False
node/1539547355,16,247.5,51.9,False,False,True
node/1539547356,16,247.5,51.9,False,False,True
node/1539547361,16,247.5,51.9,False,False,True
node/1539562850,16,247.5,51.9,False,False,True
node/1539562852,16,247.5,51.9,False,True,False
node/1539562853,16,247.5,51.9,False,True,False
node/1539562854,16,247.5,51.9,False,True,False
node/1539583173,16,247.5,51.9,False,False,True
node/1539597590,16,247.5,51.9,False,False,True
node/1539597616,16,247.5,51.9,False,True,False
node/1539678548,16,247.5,51.9,False,False,True
node/1539678558,16,247.5,51.9,False,True,False
node/1544841003,16,247.5,51.9,False,False,True
node/1545845574,16,247.5,51.9,False,True,False
node/1545845576,16,247.5,51.9,False,False,True
node/1545845580,16,247.5,51.9,False,False,True
node/1545846262,16,247.5,51.9,False,False,True
node/1545847888,16,247.5,51.9,False,False,True
node/1545848949,16,247.5,51.9,False,False,True
node/1545849902,16,247.5,51.9,False,False,True
node/1545851487,16,247.5,51.9,False,True,False
node/1545851489,16,247.5,51.9,False,False,True
node/1545851972,16,247.5,51.9,False,False,True
node/1545852463,16,247.5,51.9,False,False,True
node/1545853114,16,247.5,51.9,False,False,True
node/1545853893,16,247.5,51.9,True,False,False
node/1546437496,16,247.5,51.9,False,True,False
node/1547068643,16,247.5,51.9,False,True,False
node/1547080406,16,247.5,51.9,False,True,False
node/1547084482,16,247.5,51.9,False,True,False
node/1547085681,16,247.5,51.9,True,True,False
node/1547090441,16,247.5,51.9,False,True,False
node/1547091135,16,247.5,51.9,True,False,False
node/1547092080,16,247.5,51.9,True,True,False
node/1547093044,16,247.5,51.9,True,False,False
node/1547094139,16,247.5,51.9,False,False,True
node/1547095073,16,247.5,51.9,False,False,True
node/1547097088,16,247.5,51.9,False,False,True
node/1547098418,16,247.5,51.9,False,False,True
node/1547099219,16,247.5,51.9,False,True,False
node/1547099890,16,247.5,51.9,False,True,False
node/1547100713,16,247.5,51.9,False,True,False
node/1547101216,16,247.5,51.9,False,False,True
node/1547101542,16,247.5,51.9,False,True,False
node/1547102325,16,247.5,51.9,False,False,True
node/1547103089,16,247.5,51.9,False,False,True
node/1547961077,16,247.5,51.9,False,True,False
node/1547961082,16,247.5,51.9,True,False,False
node/1547961083,16,247.5,51.9,False,False,True
node/1547961122,16,247.5,51.9,False,True,False
node/1547961128,16,247.5,51.9,True,False,False
node/1547961129,16,247.5,51.9,False,False,True
node/1547961130,16,247.5,51.9,False,False,True
node/1547961131,16,247.5,51.9,False,True,False
node/1547961134,16,247.5,51.9,False,False,True
node/1547961136,16,247.5,51.9,False,False,True
node/1547961140,16,247.5,51.9,False,False,True
node/1548015810,16,247.5,51.9,False,False,True
node/1548018877,16,247.5,51.9,False,False,True
node/1548019979,16,247.5,51.9,False,False,True
node/1548020871,16,247.5,51.9,False,False,True
node/1548022428,16,247.5,51.9,False,True,False
node/1548045188,16,247.5,51.9,False,False,True
node/1548046401,16,247.5,51.9,False,False,True
node/1548046768,16,247.5,51.9,False,False,True
node/1548550224,16,247.5,51.9,False,False,True
node/1557202178,16,247.5,51.9,False,True,False
node/1566286256,16,247.5,51.9,False,True,False
node/1566286258,16,247.5,51.9,False,False,True
node/1568171880,16,247.5,51.9,False,False,True
node/1568189550,16,247.5,51.9,False,True,False
node/1568189556,16,247.5,51.9,False,True,False
node/1568190839,16,247.5,51.9,False,True,False
node/1568191884,16,247.5,51.9,False,False,True
node/1596105515,16,247.5,51.9,True,False,False
node/1596105520,16,247.5,51.9,True,False,False
node/1598229853,16,247.5,51.9,False,True,False
node/1598229892,16,247.5,51.9,True,True,False
node/1614792198,16,247.5,51.9,False,False,True
node/1618961808,16,247.5,51.9,False,False,True
node/1627126724,16,247.5,51.9,True,False,False
node/1627175135,16,247.5,51.9,False,True,False
node/1627175170,16,247.5,51.9,False,False,True
node/1627175189,16,247.5,51.9,False,True,False
node/1627175192,16,247.5,51.9,False,True,False
node/1627175196,16,247.5,51.9,False,False,True
node/1627175209,16,247.5,51.9,False,False,True
node/1627175219,16,247.5,51.9,False,False,True
node/1630392450,16,247.5,51.9,True,True,False
node/1630392475,16,247.5,51.9,True,True,False
node/1630392476,16,247.5,51.9,True,True,False
node/1722078721,16,247.5,51.9,False,False,True
node/1725942660,16,247.5,51.9,True,False,False
node/1726338739,16,247.5,51.9,False,False,True
node/1741645047,16,247.5,51.9,False,True,False
node/1755319252,16,247.5,51.9,False,False,True
node/1759975493,16,247.5,51.9,True,True,False
node/1760433108,16,247.5,51.9,True,True,False
node/1772533650,16,247.5,51.9,False,True,False
node/1829091889,16,247.5,51.9,True,True,False
node/1855655660,16,247.5,51.9,True,False,False
node/1860891777,16,247.5,51.9,True,True,False
node/1860891778,16,247.5,51.9,False,False,True
node/1861526781,16,247.5,51.9,False,True,False
node/1861526787,16,247.5,51.9,False,False,True
node/1861526788,16,247.5,51.9,False,True,False
node/1861526789,16,247.5,51.9,False,True,False
node/1861554261,16,247.5,51.9,True,True,False
node/1861554267,16,247.5,51.9,False,True,False
node/1896236935,16,247.5,51.9,False,True,False
node/1918467028,16,247.5,51.9,False,True,False
node/1918467030,16,247.5,51.9,False,True,False
node/1918467032,16,247.5,51.9,True,True,False
node/1918467038,16,247.5,51.9,False,True,False
node/1918467042,16,247.5,51.9,False,True,False
node/1918467044,16,247.5,51.9,False,True,False
node/1918467045,16,247.5,51.9,True,True,False
node/1918467046,16,247.5,51.9,False,True,False
node/1918467049,16,247.5,51.9,False,True,False
node/1918467050,16,247.5,51.9,True,True,False
node/1918467051,16,247.5,51.9,False,False,True
node/1918467053,16,247.5,51.9,True,False,False
node/1918467054,16,247.5,51.9,False,True,False
node/1918467055,16,247.5,51.9,True,False,False
node/1918480815,16,247.5,51.9,False,False,True
node/1918488179,16,247.5,51.9,False,False,True
node/1918505665,16,247.5,51.9,False,False,True
node/1923996586,16,247.5,51.9,False,True,False
node/1923997018,16,247.5,51.9,False,True,False
node/1923997019,16,247.5,51.9,False,True,False
node/1923999678,16,247.5,51.9,False,True,False
node/1923999680,16,247.5,51.9,False,True,False
node/1924009113,16,247.5,51.9,False,True,False
node/1924009596,16,247.5,51.9,False,True,False
node/1924011395,16,247.5,51.9,False,True,False
node/1924011398,16,247.5,51.9,False,True,False
node/1930722216,16,247.5,51.9,False,False,True
node/1930722222,16,247.5,51.9,False,False,True
node/1930722228,16,247.5,51.9,False,False,True
node/1930730805,16,247.5,51.9,False,False,True
node/1930730808,16,247.5,51.9,False,False,True
node/1930730811,16,247.5,51.9,False,False,True
node/1932890437,16,247.5,51.9,False,False,True
node/1934423140,16,247.5,51.9,False,False,True
node/1937224299,16,247.5,51.9,True,True,False
node/1937305778,16,247.5,51.9,True,False,False
node/1937305782,16,247.5,51.9,False,False,True
node/1937305786,16,247.5,51.9,True,False,False
node/1938479893,16,247.5,51.9,False,False,True
node/1948113489,16,247.5,51.9,False,True,False
node/1953124118,16,247.5,51.9,True,True,False
node/1953124142,16,247.5,51.9,False,True,False
node/1953124146,16,247.5,51.9,False,True,False
node/1953124147,16,247.5,51.9,False,True,False
node/1965093067,16,247.5,51.9,False,False,True
node/1965093084,16,247.5,51.9,False,True,False
node/1989004811,16,247.5,51.9,False,False,True
node/1989004813,16,247.5,51.9,False,True,False
node/1989004814,16,247.5,51.9,False,True,False
node/1993694164,16,247.5,51.9,False,True,False
node/1999319832,16,247.5,51.9,False,True,False
node/1999319835,16,247.5,51.9,False,True,False
node/1999319836,16,247.5,51.9,True,False,False
node/1999319841,16,247.5,51.9,False,True,False
node/2015156309,16,247.5,51.9,False,True,False
node/2017318693,16,247.5,51.9,True,False,False
node/2017318698,16,247.5,51.9,True,False,False
node/2035541438,16,247.5,51.9,False,True,False
node/2035541439,16,247.5,51.9,False,False,True
node/2035541440,16,247.5,51.9,False,False,True
node/2051364322,16,247.5,51.9,False,False,True
node/2051364324,16,247.5,51.9,False,True,False
node/2051364325,16,247.5,51.9,True,True,False
node/2051364328,16,247.5,51.9,False,True,False
node/2055285208,16,247.5,51.9,False,True,False
node/2065192433,16,247.5,51.9,False,False,True
node/2065222332,16,247.5,51.9,True,False,False
node/2065222333,16,247.5,51.9,False,False,True
node/2065266872,16,247.5,51.9,False,True,False
node/2072182666,16,247.5,51.9,True,False,False
node/2072182667,16,247.5,51.9,False,False,True
node/2073827079,16,247.5,51.9,False,False,True
node/2073903610,16,247.5,51.9,True,True,False
node/2098398133,16,247.5,51.9,True,False,False
node/2106295907,16,247.5,51.9,False,False,True
node/2106383022,16,247.5,51.9,True,False,False
node/2106383023,16,247.5,51.9,False,True,False
node/2140750247,16,247.5,51.9,True,False,False
node/2140750248,16,247.5,51.9,False,False,True
node/2153344669,16,247.5,51.9,False,True,False
node/2153344670,16,247.5,51.9,True,False,False
node/2193287724,16,247.5,51.9,False,False,True
node/2193287727,16,247.5,51.9,False,False,True
node/2193330937,16,247.5,51.9,False,False,True
node/2195525294,16,247.5,51.9,False,False,True
node/2203322037,16,247.5,51.9,False,True,False
node/2208067335,16,247.5,51.9,False,True,False
node/2208585974,16,247.5,51.9,False,True,False
node/2208623408,16,247.5,51.9,False,False,True
node/2208630568,16,247.5,51.9,True,False,False
node/2208630571,16,247.5,51.9,False,False,True
node/2208630573,16,247.5,51.9,False,False,True
node/2208652334,16,247.5,51.9,False,True,False
node/2208662025,16,247.5,51.9,False,False,True
node/2215015137,16,247.5,51.9,False,False,True
node/2286139662,16,247.5,51.9,False,True,False
node/2286139669,16,247.5,51.9,False,True,False
node/2286139677,16,247.5,51.9,False,True,False
node/2286139682,16,247.5,51.9,False,True,False
node/2286139686,16,247.5,51.9,True,True,False
node/2286139690,16,247.5,51.9,False,False,True
node/2286139693,16,247.5,51.9,False,False,True
node/2286139702,16,247.5,51.9,False,True,False
node/2286139705,16,247.5,51.9,False,True,False
node/2286139707,16,247.5,51.9,False,True,False
node/2286139708,16,247.5,51.9,False,False,True
node/2286177771,16,247.5,51.9,True,True,False
node/2286177772,16,247.5,51.9,False,True,False
node/2294678465,16,247.5,51.9,False,True,False
node/2294678470,16,247.5,51.9,True,True,False
node/2294693273,16,247.5,51.9,False,True,False
node/2294693275,16,247.5,51.9,False,True,False
node/2294693276,16,247.5,51.9,False,True,False
node/2294693277,16,247.5,51.9,True,False,False
node/2294701897,16,247.5,51.9,False,True,False
node/2294701898,16,247.5,51.9,False,False,True
node/2296408188,16,247.5,51.9,False,False,True
node/2296408198,16,247.5,51.9,False,True,False
node/2296408226,16,247.5,51.9,False,True,False
node/2296423208,16,247.5,51.9,False,True,False
node/2296423210,16,247.5,51.9,False,True,False
node/2296423211,16,247.5,51.9,False,True,False
node/2301075384,16,247.5,51.9,False,False,True
node/2317639999,16,247.5,51.9,False,True,False
node/2329193234,16,247.5,51.9,False,True,False
node/2353678188,16,247.5,51.9,False,True,False
node/2353678191,16,247.5,51.9,False,True,False
node/2360434224,16,247.5,51.9,False,False,True
node/2363249181,16,247.5,51.9,False,True,False
node/2363249195,16,247.5,51.9,False,True,False
node/2363249210,16,247.5,51.9,False,True,False
node/2395077524,16,247.5,51.9,False,True,False
node/2400614076,16,247.5,51.9,False,False,True
node/2403785852,16,247.5,51.9,False,True,False
node/2403785857,16,247.5,51.9,False,True,False
node/2403785859,16,247.5,51.9,False,True,False
node/2404020692,16,247.5,51.9,True,True,False
node/2404101218,16,247.5,51.9,False,True,False
node/2406983946,16,247.5,51.9,True,False,False
node/2411169383,16,247.5,51.9,False,True,False
node/2411169384,16,247.5,51.9,False,True,False
node/2411184701,16,247.5,51.9,False,True,False
node/2411184721,16,247.5,51.9,False,True,False
node/2411481251,16,247.5,51.9,False,True,False
node/2411481253,16,247.5,51.9,False,True,False
node/2411513132,16,247.5,51.9,True,True,False
node/2415182284,16,247.5,51.9,False,True,False
node/2415182285,16,247.5,51.9,False,True,False
node/2419304189,16,247.5,51.9,False,False,True
node/2419311329,16,247.5,51.9,False,False,True
node/2420264565,16,247.5,51.9,True,False,False
node/2420779243,16,247.5,51.9,False,False,True
node/2425602959,16,247.5,51.9,False,False,True
node/2425602960,16,247.5,51.9,False,True,False
node/2430052872,16,247.5,51.9,False,True,False
node/2430052878,16,247.5,51.9,False,False,True
node/2430052881,16,247.5,51.9,False,False,True
node/2430052891,16,247.5,51.9,False,False,True
node/2430094940,16,247.5,51.9,False,True,False
node/2430094942,16,247.5,51.9,False,True,False
node/2430094943,16,247.5,51.9,False,False,True
node/2430107030,16,247.5,51.9,False,True,False
node/2430107032,16,247.5,51.9,False,False,True
node/2430118086,16,247.5,51.9,False,False,True
node/2430118089,16,247.5,51.9,True,False,False
node/2446591586,16,247.5,51.9,False,True,False
node/2446591590,16,247.5,51.9,False,True,False
node/2454003720,16,247.5,51.9,False,False,True
node/2454367769,16,247.5,51.9,True,True,False
node/2461220917,16,247.5,51.9,True,True,False
node/2471413129,16,247.5,51.9,False,True,False
node/2471413139,16,247.5,51.9,True,True,False
node/2471413159,16,247.5,51.9,False,True,False
node/2476362894,16,247.5,51.9,False,True,False
node/2477037398,16,247.5,51.9,False,False,True
node/2477037400,16,247.5,51.9,False,True,False
node/2477037401,16,247.5,51.9,True,False,False
node/2477037402,16,247.5,51.9,False,True,False
node/2477037403,16,247.5,51.9,False,False,True
node/2477060423,16,247.5,51.9,False,True,False
node/2477060431,16,247.5,51.9,True,True,False
node/2480091091,16,247.5,51.9,False,True,False
node/2480091096,16,247.5,51.9,False,False,True
node/2485511088,16,247.5,51.9,True,False,False
node/2486627817,16,247.5,51.9,False,True,False
node/2486627825,16,247.5,51.9,False,True,False
node/2486694059,16,247.5,51.9,False,True,False
node/2493833605,16,247.5,51.9,False,True,False
node/2501698688,16,247.5,51.9,True,True,False
node/2505950544,16,247.5,51.9,False,True,False
node/2505950560,16,247.5,51.9,True,True,False
node/2506015556,16,247.5,51.9,False,False,True
node/2512698134,16,247.5,51.9,False,False,True
node/2512698333,16,247.5,51.9,False,False,True
node/2514370015,16,247.5,51.9,False,True,False
node/2514370016,16,247.5,51.9,False,True,False
node/2514370020,16,247.5,51.9,False,True,False
node/2514370021,16,247.5,51.9,False,True,False
node/2514370024,16,247.5,51.9,False,True,False
node/2514370025,16,247.5,51.9,False,True,False
node/2514370028,16,247.5,51.9,False,True,False
node/2514370029,16,247.5,51.9,False,True,False
node/2514370031,16,247.5,51.9,False,True,False
node/2514370033,16,247.5,51.9,False,True,False
node/2514370034,16,247.5,51.9,False,True,False
node/2514370036,16,247.5,51.9,False,True,False
node/2518949173,16,247.5,51.9,False,False,True
node/2519017877,16,247.5,51.9,False,False,True
node/2529130118,16,247.5,51.9,False,False,True
node/2529588241,16,247.5,51.9,False,True,False
node/2529588265,16,247.5,51.9,False,True,False
node/2529588297,16,247.5,51.9,False,True,False
node/2529853669,16,247.5,51.9,False,True,False
node/2535325123,16,247.5,51.9,False,True,False
node/2535325127,16,247.5,51.9,False,True,False
node/2535381184,16,247.5,51.9,True,True,False
node/2535381201,16,247.5,51.9,False,False,True
node/2543430048,16,247.5,51.9,True,True,False
node/2544824842,16,247.5,51.9,False,False,True
node/2548806283,16,247.5,51.9,False,True,False
node/2548806285,16,247.5,51.9,False,True,False
node/2548820055,16,247.5,51.9,False,True,False
node/2548820056,16,247.5,51.9,False,False,True
node/2548832867,16,247.5,51.9,False,True,False
node/2550239720,16,247.5,51.9,False,True,False
node/2550350554,16,247.5,51.9,True,True,False
node/2550350560,16,247.5,51.9,False,True,False
node/2550363775,16,247.5,51.9,False,False,True
node/2550369646,16,247.5,51.9,True,True,False
node/2550369647,16,247.5,51.9,False,True,False
node/2550371587,16,247.5,51.9,False,False,True
node/2552386604,16,247.5,51.9,True,False,False
node/2552386606,16,247.5,51.9,False,True,False
node/2552386607,16,247.5,51.9,False,True,False
node/2552386608,16,247.5,51.9,True,False,False
node/2552386611,16,247.5,51.9,False,False,True
node/2552386613,16,247.5,51.9,False,False,True
node/2552386615,16,247.5,51.9,False,False,True
node/2552386617,16,247.5,51.9,False,True,False
node/2552386620,16,247.5,51.9,False,True,False
node/2552386621,16,247.5,51.9,False,True,False
node/2552386623,16,247.5,51.9,False,True,False
node/2552397560,16,247.5,51.9,False,True,False
node/2552397569,16,247.5,51.9,True,True,False
node/2552397579,16,247.5,51.9,False,True,False
node/2557705900,16,247.5,51.9,False,True,False
node/2557705901,16,247.5,51.9,False,True,False
node/2557705902,16,247.5,51.9,False,False,True
node/2558370099,16,247.5,51.9,False,True,False
node/2558385819,16,247.5,51.9,False,True,False
node/2559088012,16,247.5,51.9,False,False,True
node/2562158864,16,247.5,51.9,True,True,False
node/2564409414,16,247.5,51.9,False,False,True
node/2564423006,16,247.5,51.9,False,False,True
node/2564432541,16,247.5,51.9,False,True,False
node/2564448047,16,247.5,51.9,False,True,False
node/2564448048,16,247.5,51.9,False,True,False
node/2564448049,16,247.5,51.9,False,True,False
node/2564795419,16,247.5,51.9,False,False,True
node/2566152661,16,247.5,51.9,False,True,False
node/2566152663,16,247.5,51.9,True,False,False
node/2566152665,16,247.5,51.9,False,True,False
node/2566152668,16,247.5,51.9,False,False,True
node/2566656677,16,247.5,51.9,True,False,False
node/2566656687,16,247.5,51.9,False,True,False
node/2568950459,16,247.5,51.9,False,True,False
node/2569777539,16,247.5,51.9,False,False,True
node/2569917218,16,247.5,51.9,False,False,True
node/2570294500,16,247.5,51.9,False,True,False
node/2575832359,16,247.5,51.9,False,False,True
node/2606330407,16,247.5,51.9,True,True,False
node/2606331448,16,247.5,51.9,False,True,False
node/2606331546,16,247.5,51.9,False,True,False
node/2608051029,16,247.5,51.9,False,True,False
node/2608091514,16,247.5,51.9,False,False,True
node/2608634440,16,247.5,51.9,True,True,False
node/2609195844,16,247.5,51.9,False,False,True
node/2609222331,16,247.5,51.9,False,True,False
node/2609222332,16,247.5,51.9,False,True,False
node/2609222333,16,247.5,51.9,False,False,True
node/2609222334,16,247.5,51.9,True,True,False
node/2609224353,16,247.5,51.9,False,True,False
node/2609227364,16,247.5,51.9,False,False,True
node/2609227365,16,247.5,51.9,False,False,True
node/2609244196,16,247.5,51.9,False,False,True
node/2609287291,16,247.5,51.9,False,False,True
node/2609287292,16,247.5,51.9,False,True,False
node/2609287293,16,247.5,51.9,False,True,False
node/2609287294,16,247.5,51.9,False,False,True
node/2609287295,16,247.5,51.9,False,True,False
node/2609287297,16,247.5,51.9,False,True,False
node/2609287298,16,247.5,51.9,False,True,False
node/2609287300,16,247.5,51.9,False,True,False
node/2609319753,16,247.5,51.9,False,False,True
node/2609456195,16,247.5,51.9,False,True,False
node/2609456203,16,247.5,51.9,False,False,True
node/2610182511,16,247.5,51.9,False,False,True
node/2610487133,16,247.5,51.9,False,True,False
node/2610487134,16,247.5,51.9,False,True,False
node/2610487135,16,247.5,51.9,False,False,True
node/2610487136,16,247.5,51.9,False,False,True
node/2610487137,16,247.5,51.9,False,True,False
node/2610487138,16,247.5,51.9,True,True,False
node/2610487140,16,247.5,51.9,False,True,False
node/2610487141,16,247.5,51.9,False,False,True
node/2610487142,16,247.5,51.9,False,False,True
node/2610487143,16,247.5,51.9,False,False,True
node/2610487144,16,247.5,51.9,False,False,True
node/2610487145,16,247.5,51.9,False,True,False
node/2610487146,16,247.5,51.9,False,True,False
node/2610487147,16,247.5,51.9,False,True,False
node/2610487149,16,247.5,51.9,False,True,False
node/2610487151,16,247.5,51.9,False,True,False
node/2610487152,16,247.5,51.9,False,False,True
node/2613161145,16,247.5,51.9,False,True,False
node/2613161147,16,247.5,51.9,False,True,False
node/2613168362,16,247.5,51.9,False,False,True
node/2613168363,16,247.5,51.9,False,False,True
node/2613168365,16,247.5,51.9,False,True,False
node/2613168366,16,247.5,51.9,False,True,False
node/2613168367,16,247.5,51.9,True,True,False
node/2613183476,16,247.5,51.9,False,False,True
node/2613183477,16,247.5,51.9,False,False,True
node/2613183478,16,247.5,51.9,True,False,False
node/2613183479,16,247.5,51.9,True,True,False
node/2613183480,16,247.5,51.9,False,False,True
node/2613183481,16,247.5,51.9,False,False,True
node/2613229354,16,247.5,51.9,False,True,False
node/2613236650,16,247.5,51.9,False,True,False
node/2613247651,16,247.5,51.9,False,True,False
node/2613254699,16,247.5,51.9,False,True,False
node/2616310814,16,247.5,51.9,False,False,True
node/2616310815,16,247.5,51.9,False,True,False
node/2616310816,16,247.5,51.9,False,True,False
node/2616310817,16,247.5,51.9,False,True,False
node/2616310818,16,247.5,51.9,False,True,False
node/2616310820,16,247.5,51.9,True,True,False
node/2616310821,16,247.5,51.9,False,False,True
node/2616310822,16,247.5,51.9,False,True,False
node/2616310823,16,247.5,51.9,True,True,False
node/2616310828,16,247.5,51.9,False,False,True
node/2616310833,16,247.5,51.9,False,False,True
node/2616310837,16,247.5,51.9,False,False,True
node/2616331666,16,247.5,51.9,False,False,True
node/2616331667,16,247.5,51.9,False,True,False
node/2616331669,16,247.5,51.9,False,False,True
node/2616331670,16,247.5,51.9,False,True,False
node/2616331671,16,247.5,51.9,False,False,True
node/2616331672,16,247.5,51.9,False,True,False
node/2616331673,16,247.5,51.9,True,True,False
node/2616331674,16,247.5,51.9,False,True,False
node/2616331676,16,247.5,51.9,False,True,False
node/2616331677,16,247.5,51.9,False,True,False
node/2616331678,16,247.5,51.9,True,False,False
node/2616331679,16,247.5,51.9,False,False,True
node/2616331680,16,247.5,51.9,False,True,False
node/2616331681,16,247.5,51.9,False,False,True
node/2616339079,16,247.5,51.9,False,False,True
node/2616339081,16,247.5,51.9,False,False,True
node/2617569033,16,247.5,51.9,False,False,True
node/2617569034,16,247.5,51.9,False,True,False
node/2617575259,16,247.5,51.9,False,False,True
node/2617575260,16,247.5,51.9,False,True,False
node/2617880174,16,247.5,51.9,True,False,False
node/2617880183,16,247.5,51.9,False,True,False
node/2617880190,16,247.5,51.9,True,False,False
node/2617880197,16,247.5,51.9,True,True,False
node/2617880202,16,247.5,51.9,False,True,False
node/2617892086,16,247.5,51.9,True,True,False
node/2617892095,16,247.5,51.9,False,True,False
node/2617892104,16,247.5,51.9,False,True,False
node/2617892112,16,247.5,51.9,True,False,False
node/2617892121,16,247.5,51.9,False,False,True
node/2617892128,16,247.5,51.9,True,True,False
node/2617892136,16,247.5,51.9,False,False,True
node/2617892144,16,247.5,51.9,False,True,False
node/2617895513,16,247.5,51.9,True,True,False
node/2617895518,16,247.5,51.9,False,False,True
node/2617953959,16,247.5,51.9,False,True,False
node/2624837103,16,247.5,51.9,True,False,False
node/2624837110,16,247.5,51.9,True,False,False
node/2625780869,16,247.5,51.9,False,False,True
node/2625780870,16,247.5,51.9,False,False,True
node/2625780872,16,247.5,51.9,False,True,False
node/2625780873,16,247.5,51.9,False,False,True
node/2625780874,16,247.5,51.9,False,False,True
node/2625780876,16,247.5,51.9,False,False,True
node/2625780877,16,247.5,51.9,True,True,False
node/2625780878,16,247.5,51.9,True,False,False
node/2625785828,16,247.5,51.9,False,False,True
node/2625785833,16,247.5,51.9,False,False,True
node/2625785837,16,247.5,51.9,False,False,True
node/2625785842,16,247.5,51.9,False,False,True
node/2625785846,16,247.5,51.9,False,False,True
node/2625785850,16,247.5,51.9,False,True,False
node/2625786658,16,247.5,51.9,False,False,True
node/2625786659,16,247.5,51.9,False,True,False
node/2625787776,16,247.5,51.9,False,False,True
node/2625787777,16,247.5,51.9,False,True,False
node/2627188431,16,247.5,51.9,False,True,False
node/2627201344,16,247.5,51.9,False,True,False
node/2627201353,16,247.5,51.9,False,True,False
node/2631032334,16,247.5,51.9,False,False,True
node/2631032335,16,247.5,51.9,False,False,True
node/2631039385,16,247.5,51.9,True,False,False
node/2631039386,16,247.5,51.9,False,True,False
node/2631039387,16,247.5,51.9,False,True,False
node/2631039388,16,247.5,51.9,False,True,False
node/2631039389,16,247.5,51.9,False,True,False
node/2631039393,16,247.5,51.9,False,False,True
node/2631527781,16,247.5,51.9,False,True,False
node/2631756552,16,247.5,51.9,False,True,False
node/2631756553,16,247.5,51.9,False,False,True
node/2631756554,16,247.5,51.9,False,True,False
node/2631756555,16,247.5,51.9,False,False,True
node/2632468940,16,247.5,51.9,False,True,False
node/2632468948,16,247.5,51.9,False,False,True
node/2632468954,16,247.5,51.9,False,False,True
node/2632516492,16,247.5,51.9,False,False,True
node/2632516497,16,247.5,51.9,False,False,True
node/2632516502,16,247.5,51.9,False,False,True
node/2632516503,16,247.5,51.9,False,True,False
node/2632516505,16,247.5,51.9,False,True,False
node/2632516506,16,247.5,51.9,False,False,True
node/2632516507,16,247.5,51.9,False,False,True
node/2632516508,16,247.5,51.9,False,False,True
node/2632516511,16,247.5,51.9,False,True,False
node/2632516512,16,247.5,51.9,False,False,True
node/2632516514,16,247.5,51.9,False,False,True
node/2632516522,16,247.5,51.9,False,True,False
node/2632527072,16,247.5,51.9,True,False,False
node/2632527073,16,247.5,51.9,False,False,True
node/2632527074,16,247.5,51.9,False,True,False
node/2632527077,16,247.5,51.9,False,False,True
node/2632527082,16,247.5,51.9,False,True,False
node/2632554931,16,247.5,51.9,False,True,False
node/2632554938,16,247.5,51.9,True,True,False
node/2632554943,16,247.5,51.9,False,False,True
node/2632554948,16,247.5,51.9,False,True,False
node/2633469511,16,247.5,51.9,False,True,False
node/2633469513,16,247.5,51.9,False,True,False
node/2633469514,16,247.5,51.9,False,True,False
node/2633484153,16,247.5,51.9,False,False,True
node/2633484154,16,247.5,51.9,False,True,False
node/2633484156,16,247.5,51.9,False,True,False
node/2633484160,16,247.5,51.9,False,True,False
node/2633484163,16,247.5,51.9,False,True,False
node/2633488031,16,247.5,51.9,True,True,False
node/2633488032,16,247.5,51.9,False,True,False
node/2633488034,16,247.5,51.9,False,True,False
node/2633488035,16,247.5,51.9,False,True,False
node/2633489850,16,247.5,51.9,False,True,False
node/2633499506,16,247.5,51.9,False,True,False
node/2633499507,16,247.5,51.9,False,True,False
node/2633501124,16,247.5,51.9,False,True,False
node/2633501125,16,247.5,51.9,False,True,False
node/2633501126,16,247.5,51.9,False,False,True
node/2633502957,16,247.5,51.9,False,False,True
node/2634028279,16,247.5,51.9,False,True,False
node/2634028999,16,247.5,51.9,True,False,False
node/2634029628,16,247.5,51.9,False,False,True
node/2634030510,16,247.5,51.9,True,False,False
node/2634032303,16,247.5,51.9,True,True,False
node/2634035179,16,247.5,51.9,False,False,True
node/2634036911,16,247.5,51.9,False,False,True
node/2634039227,16,247.5,51.9,False,True,False
node/2634039972,16,247.5,51.9,False,True,False
node/2634040663,16,247.5,51.9,False,True,False
node/2634041075,16,247.5,51.9,False,True,False
node/2634042268,16,247.5,51.9,False,False,True
node/2634043774,16,247.5,51.9,False,False,True
node/2634844753,16,247.5,51.9,True,False,False
node/2634846075,16,247.5,51.9,False,True,False
node/2634847265,16,247.5,51.9,False,True,False
node/2634848724,16,247.5,51.9,True,False,False
node/2634850212,16,247.5,51.9,True,True,False
node/2634851336,16,247.5,51.9,True,True,False
node/2634852908,16,247.5,51.9,False,True,False
node/2634854438,16,247.5,51.9,False,True,False
node/2634855102,16,247.5,51.9,False,True,False
node/2634859534,16,247.5,51.9,False,True,False
node/2634862903,16,247.5,51.9,False,True,False
node/2634862904,16,247.5,51.9,False,True,False
node/2634862908,16,247.5,51.9,False,True,False
node/2634865385,16,247.5,51.9,False,True,False
node/2634866389,16,247.5,51.9,False,True,False
node/2634866390,16,247.5,51.9,False,True,False
node/2634867851,16,247.5,51.9,False,False,True
node/2634897688,16,247.5,51.9,False,False,True
node/2635330493,16,247.5,51.9,False,True,False
node/2639687114,16,247.5,51.9,False,False,True
node/2639688189,16,247.5,51.9,False,False,True
node/2639689855,16,247.5,51.9,False,True,False
node/2639692427,16,247.5,51.9,False,False,True
node/2639692432,16,247.5,51.9,False,True,False
node/2639692436,16,247.5,51.9,False,True,False
node/2639696198,16,247.5,51.9,False,True,False
node/2639699090,16,247.5,51.9,False,True,False
node/2639699364,16,247.5,51.9,False,True,False
node/2639702342,16,247.5,51.9,False,False,True
node/2639702343,16,247.5,51.9,False,True,False
node/2639703129,16,247.5,51.9,False,False,True
node/2639704177,16,247.5,51.9,False,False,True
node/2639708393,16,247.5,51.9,True,True,False
node/2639746328,16,247.5,51.9,False,False,True
node/2639749378,16,247.5,51.9,False,True,False
node/2639749379,16,247.5,51.9,False,False,True
node/2639749380,16,247.5,51.9,False,True,False
node/2639751837,16,247.5,51.9,False,False,True
node/2639752285,16,247.5,51.9,False,True,False
node/2639752932,16,247.5,51.9,False,True,False
node/2639753753,16,247.5,51.9,True,True,False
node/2639754519,16,247.5,51.9,False,False,True
node/2639757139,16,247.5,51.9,False,False,True
node/2639758109,16,247.5,51.9,True,False,False
node/2639758492,16,247.5,51.9,False,True,False
node/2639759479,16,247.5,51.9,False,True,False
node/2639762351,16,247.5,51.9,False,False,True
node/2645436023,16,247.5,51.9,True,True,False
node/2651683562,16,247.5,51.9,False,True,False
node/2651683563,16,247.5,51.9,False,True,False
node/2651684228,16,247.5,51.9,False,False,True
node/2651685650,16,247.5,51.9,False,False,True
node/2651685974,16,247.5,51.9,False,False,True
node/2651687847,16,247.5,51.9,False,False,True
node/2651688413,16,247.5,51.9,False,False,True
node/2651690853,16,247.5,51.9,False,False,True
node/2651716329,16,247.5,51.9,False,True,False
node/2651717273,16,247.5,51.9,False,True,False
node/2651719576,16,247.5,51.9,False,False,True
node/2651722607,16,247.5,51.9,False,True,False
node/2651722630,16,247.5,51.9,False,True,False
node/2651723071,16,247.5,51.9,False,True,False
node/2651723072,16,247.5,51.9,False,True,False
node/2651723433,16,247.5,51.9,False,False,True
node/2651750041,16,247.5,51.9,False,True,False
node/2651750042,16,247.5,51.9,True,True,False
node/2651751914,16,247.5,51.9,False,True,False
node/2651754334,16,247.5,51.9,False,True,False
node/2651754685,16,247.5,51.9,False,True,False
node/2651759822,16,247.5,51.9,False,False,True
node/2651759844,16,247.5,51.9,False,True,False
node/2651759850,16,247.5,51.9,False,True,False
node/2651764637,16,247.5,51.9,False,True,False
node/2651765054,16,247.5,51.9,False,True,False
node/2651767002,16,247.5,51.9,True,True,False
node/2651767007,16,247.5,51.9,True,False,False
node/2651768359,16,247.5,51.9,True,False,False
node/2651769006,16,247.5,51.9,False,True,False
node/2653803192,16,247.5,51.9,False,True,False
node/2653804621,16,247.5,51.9,False,True,False
node/2653813817,16,247.5,51.9,True,True,False
node/2653813818,16,247.5,51.9,True,True,False
node/2653814460,16,247.5,51.9,False,True,False
node/2653824863,16,247.5,51.9,False,True,False
node/2653825749,16,247.5,51.9,False,False,True
node/2653863599,16,247.5,51.9,False,True,False
node/2653869319,16,247.5,51.9,True,False,False
node/2653871049,16,247.5,51.9,True,False,False
node/2653871625,16,247.5,51.9,False,True,False
node/2653887470,16,247.5,51.9,False,True,False
node/2655759127,16,247.5,51.9,False,True,False
node/2655760267,16,247.5,51.9,False,True,False
node/2655760270,16,247.5,51.9,False,True,False
node/2655761685,16,247.5,51.9,False,False,True
node/2655761841,16,247.5,51.9,False,True,False
node/2655763313,16,247.5,51.9,False,False,True
node/2655765534,16,247.5,51.9,False,True,False
node/2655767049,16,247.5,51.9,False,False,True
node/2655767050,16,247.5,51.9,False,False,True
node/2655767105,16,247.5,51.9,False,False,True
node/2655767410,16,247.5,51.9,False,True,False
node/2655768678,16,247.5,51.9,False,False,True
node/2655784984,16,247.5,51.9,False,True,False
node/2655784985,16,247.5,51.9,False,False,True
node/2655784986,16,247.5,51.9,False,False,True
node/2655784987,16,247.5,51.9,False,True,False
node/2655784988,16,247.5,51.9,False,False,True
node/2655787647,16,247.5,51.9,False,True,False
node/2655787658,16,247.5,51.9,False,True,False
node/2655787670,16,247.5,51.9,False,False,True
node/2655790968,16,247.5,51.9,False,True,False
node/2655790976,16,247.5,51.9,True,False,False
node/2655791330,16,247.5,51.9,True,False,False
node/2655813144,16,247.5,51.9,True,False,False
node/2655814103,16,247.5,51.9,True,False,False
node/2655814108,16,247.5,51.9,True,False,False
node/2655815607,16,247.5,51.9,False,False,True
node/2655815608,16,247.5,51.9,False,True,False
node/2655817999,16,247.5,51.9,False,True,False
node/2655819182,16,247.5,51.9,False,True,False
node/2655819183,16,247.5,51.9,False,True,False
node/2655819671,16,247.5,51.9,False,True,False
node/2655820401,16,247.5,51.9,False,False,True
node/2655820410,16,247.5,51.9,False,True,False
node/2655823568,16,247.5,51.9,True,False,False
node/2655827135,16,247.5,51.9,False,False,True
node/2655827824,16,247.5,51.9,False,False,True
node/2655827825,16,247.5,51.9,True,False,False
node/2655827826,16,247.5,51.9,True,True,False
node/2655827842,16,247.5,51.9,False,False,True
node/2655829297,16,247.5,51.9,False,False,True
node/2655829298,16,247.5,51.9,False,True,False
node/2655830447,16,247.5,51.9,False,True,False
node/2655830455,16,247.5,51.9,False,True,False
node/2655835417,16,247.5,51.9,False,True,False
node/2655836478,16,247.5,51.9,True,False,False
node/2659231278,16,247.5,51.9,False,True,False
node/2659360764,16,247.5,51.9,True,True,False
node/2659362311,16,247.5,51.9,False,True,False
node/2662811502,16,247.5,51.9,True,True,False
node/2662815867,16,247.5,51.9,False,True,False
node/2662818263,16,247.5,51.9,False,True,False
node/2662820234,16,247.5,51.9,False,True,False
node/2662820621,16,247.5,51.9,False,True,False
node/2662828661,16,247.5,51.9,False,True,False
node/2662838180,16,247.5,51.9,False,True,False
node/2662840694,16,247.5,51.9,False,False,True
node/2662843884,16,247.5,51.9,False,False,True
node/2662847374,16,247.5,51.9,False,True,False
node/2662849222,16,247.5,51.9,False,True,False
node/2664120596,16,247.5,51.9,False,True,False
node/2664120877,16,247.5,51.9,False,True,False
node/2664137046,16,247.5,51.9,False,True,False
node/2664152347,16,247.5,51.9,False,True,False
node/2664153098,16,247.5,51.9,True,True,False
node/2664153220,16,247.5,51.9,False,True,False
node/2665597586,16,247.5,51.9,False,False,True
node/2665599980,16,247.5,51.9,True,True,False
node/2665610047,16,247.5,51.9,False,False,True
node/2665611536,16,247.5,51.9,False,False,True
node/2665612322,16,247.5,51.9,False,True,False
node/2665617638,16,247.5,51.9,False,True,False
node/2665624752,16,247.5,51.9,False,True,False
node/2665628422,16,247.5,51.9,False,True,False
node/2665629447,16,247.5,51.9,False,True,False
node/2665657134,16,247.5,51.9,False,True,False
node/2665661664,16,247.5,51.9,False,True,False
node/2665720151,16,247.5,51.9,False,False,True
node/2665721436,16,247.5,51.9,False,True,False
node/2665729560,16,247.5,51.9,False,True,False
node/2665782703,16,247.5,51.9,False,False,True
node/2665785610,16,247.5,51.9,False,True,False
node/2665788104,16,247.5,51.9,False,False,True
node/2665789145,16,247.5,51.9,False,False,True
node/2666147343,16,247.5,51.9,False,True,False
node/2666935033,16,247.5,51.9,False,False,True
node/2667005368,16,247.5,51.9,True,False,False
node/2667005369,16,247.5,51.9,False,False,True
node/2667005370,16,247.5,51.9,False,False,True
node/2668421266,16,247.5,51.9,False,True,False
node/2668421267,16,247.5,51.9,False,True,False
node/2668424488,16,247.5,51.9,False,True,False
node/2668430722,16,247.5,51.9,False,True,False
node/2668430728,16,247.5,51.9,False,True,False
node/2668452933,16,247.5,51.9,True,True,False
node/2668452935,16,247.5,51.9,False,True,False
node/2668455763,16,247.5,51.9,True,True,False
node/2668467396,16,247.5,51.9,False,False,True
node/2668505483,16,247.5,51.9,False,True,False
node/2668517864,16,247.5,51.9,True,True,False
node/2668517874,16,247.5,51.9,True,True,False
node/2668517881,16,247.5,51.9,True,True,False
node/2668517891,16,247.5,51.9,True,True,False
node/2707129442,16,247.5,51.9,False,False,True
node/2707129452,16,247.5,51.9,True,True,False
node/2707204585,16,247.5,51.9,True,False,False
node/2707210897,16,247.5,51.9,False,True,False
node/2707212224,16,247.5,51.9,False,False,True
node/2707223596,16,247.5,51.9,False,False,True
node/2707224402,16,247.5,51.9,False,False,True
node/2711706935,16,247.5,51.9,False,False,True
node/2762341491,16,247.5,51.9,False,False,True
node/2810719946,16,247.5,51.9,False,True,False
node/2820769012,16,247.5,51.9,False,True,False
node/2856773444,16,247.5,51.9,True,True,False
node/2856773445,16,247.5,51.9,False,True,False
node/2859842830,16,247.5,51.9,False,True,False
node/2859872048,16,247.5,51.9,False,False,True
node/2859878218,16,247.5,51.9,True,False,False
node/2859881743,16,247.5,51.9,True,True,False
node/2859881744,16,247.5,51.9,True,True,False
node/2859881745,16,247.5,51.9,True,True,False
node/2859883816,16,247.5,51.9,False,True,False
node/2859889328,16,247.5,51.9,False,False,True
node/2859891239,16,247.5,51.9,True,False,False
node/2859894501,16,247.5,51.9,False,False,True
node/2859906856,16,247.5,51.9,True,True,False
node/2859912035,16,247.5,51.9,False,False,True
node/2859912153,16,247.5,51.9,True,True,False
node/2860037788,16,247.5,51.9,False,True,False
node/2860037790,16,247.5,51.9,False,True,False
node/2860061583,16,247.5,51.9,False,True,False
node/2860061584,16,247.5,51.9,False,False,True
node/2860065379,16,247.5,51.9,False,False,True
node/2860065380,16,247.5,51.9,False,False,True
node/2860065381,16,247.5,51.9,False,False,True
node/2860065382,16,247.5,51.9,False,True,False
node/2860066520,16,247.5,51.9,False,False,True
node/2862131629,16,247.5,51.9,False,True,False
node/2862183667,16,247.5,51.9,True,True,False
node/2862183668,16,247.5,51.9,True,False,False
node/2862207916,16,247.5,51.9,False,False,True
node/2862282747,16,247.5,51.9,False,False,True
node/2868399805,16,247.5,51.9,False,True,False
node/2868407742,16,247.5,51.9,False,True,False
node/2868407743,16,247.5,51.9,False,True,False
node/2870175902,16,247.5,51.9,False,True,False
node/2870175903,16,247.5,51.9,False,False,True
node/2870196120,16,247.5,51.9,False,True,False
node/2886845058,16,247.5,51.9,True,True,False
node/2886845060,16,247.5,51.9,False,False,True
node/2886903239,16,247.5,51.9,False,True,False
node/2886907973,16,247.5,51.9,False,True,False
node/2886907974,16,247.5,51.9,False,True,False
node/2886907975,16,247.5,51.9,False,True,False
node/2886925986,16,247.5,51.9,True,False,False
node/2886956717,16,247.5,51.9,False,False,True
node/2887017262,16,247.5,51.9,False,True,False
node/2887079094,16,247.5,51.9,False,False,True
node/2887079666,16,247.5,51.9,False,False,True
node/2887383937,16,247.5,51.9,False,True,False
node/2923126645,16,247.5,51.9,False,True,False
node/2924350291,16,247.5,51.9,False,True,False
node/2924350292,16,247.5,51.9,False,False,True
node/2924350377,16,247.5,51.9,False,True,False
node/2924350395,16,247.5,51.9,True,True,False
node/2924360256,16,247.5,51.9,True,True,False
node/2924360279,16,247.5,51.9,False,True,False
node/2924372002,16,247.5,51.9,False,True,False
node/2924372022,16,247.5,51.9,False,True,False
node/2924372034,16,247.5,51.9,False,True,False
node/2943609225,16,247.5,51.9,False,True,False
node/2947251443,16,247.5,51.9,False,False,True
node/2977882640,16,247.5,51.9,False,False,True
node/2988500054,16,247.5,51.9,True,False,False
node/2989246792,16,247.5,51.9,False,False,True
node/2997509000,16,247.5,51.9,False,False,True
node/2997509002,16,247.5,51.9,False,False,True
node/2997509003,16,247.5,51.9,True,True,False
node/2997509008,16,247.5,51.9,False,False,True
node/2997509011,16,247.5,51.9,False,True,False
node/2997509012,16,247.5,51.9,False,True,False
node/2998129806,16,247.5,51.9,False,True,False
node/2998129809,16,247.5,51.9,False,False,True
node/2998129811,16,247.5,51.9,False,True,False
node/2998129813,16,247.5,51.9,False,True,False
node/2998183224,16,247.5,51.9,False,True,False
node/2998183226,16,247.5,51.9,True,True,False
node/2998183228,16,247.5,51.9,False,True,False
node/2998183230,16,247.5,51.9,False,True,False
node/2998183232,16,247.5,51.9,False,True,False
node/2998184134,16,247.5,51.9,False,False,True
node/2998184136,16,247.5,51.9,False,True,False
node/2998184138,16,247.5,51.9,False,True,False
node/2998393385,16,247.5,51.9,False,True,False
node/2998583701,16,247.5,51.9,False,False,True
node/3003594978,16,247.5,51.9,False,True,False
node/3004237497,16,247.5,51.9,False,False,True
node/3004237498,16,247.5,51.9,False,True,False
node/3004237499,16,247.5,51.9,False,True,False
node/3005158302,16,247.5,51.9,False,True,False
node/3005158303,16,247.5,51.9,False,False,True
node/3005194063,16,247.5,51.9,False,True,False
node/3012120995,16,247.5,51.9,False,False,True
node/3012140701,16,247.5,51.9,False,False,True
node/3012222971,16,247.5,51.9,False,True,False
node/3012431711,16,247.5,51.9,False,False,True
node/3012431713,16,247.5,51.9,False,True,False
node/3012431723,16,247.5,51.9,False,True,False
node/3012431725,16,247.5,51.9,False,True,False
node/3012431726,16,247.5,51.9,False,True,False
node/3012431728,16,247.5,51.9,False,True,False
node/3012431730,16,247.5,51.9,False,True,False
node/3012431732,16,247.5,51.9,False,True,False
node/3012433135,16,247.5,51.9,False,True,False
node/3012433137,16,247.5,51.9,False,True,False
node/3013077540,16,247.5,51.9,False,False,True
node/3016472376,16,247.5,51.9,False,True,False
node/3016472378,16,247.5,51.9,False,True,False
node/3016472382,16,247.5,51.9,False,True,False
node/3016472384,16,247.5,51.9,False,True,False
node/3016472387,16,247.5,51.9,False,True,False
node/3016472392,16,247.5,51.9,False,False,True
node/3016582659,16,247.5,51.9,True,True,False
node/3016582662,16,247.5,51.9,False,False,True
node/3016582663,16,247.5,51.9,False,True,False
node/3016582666,16,247.5,51.9,False,True,False
node/3016582671,16,247.5,51.9,False,False,True
node/3016582672,16,247.5,51.9,False,False,True
node/3016600596,16,247.5,51.9,False,True,False
node/3016600597,16,247.5,51.9,False,True,False
node/3016600599,16,247.5,51.9,False,True,False
node/3019007373,16,247.5,51.9,True,False,False
node/3019007375,16,247.5,51.9,False,True,False
node/3019007376,16,247.5,51.9,True,False,False
node/3019007377,16,247.5,51.9,True,False,False
node/3019037302,16,247.5,51.9,True,False,False
node/3019037303,16,247.5,51.9,False,False,True
node/3019037304,16,247.5,51.9,False,False,True
node/3020888382,16,247.5,51.9,False,False,True
node/3021854035,16,247.5,51.9,False,False,True
node/3021854038,16,247.5,51.9,False,False,True
node/3022882348,16,247.5,51.9,False,False,True
node/3022882349,16,247.5,51.9,False,True,False
node/3028081934,16,247.5,51.9,True,False,False
node/3028366657,16,247.5,51.9,False,True,False
node/3035842803,16,247.5,51.9,False,False,True
node/3036649482,16,247.5,51.9,False,True,False
node/3036649483,16,247.5,51.9,False,True,False
node/3036649484,16,247.5,51.9,True,True,False
node/3036649485,16,247.5,51.9,False,True,False
node/3036649486,16,247.5,51.9,False,True,False
node/3036649487,16,247.5,51.9,False,True,False
node/3036666259,16,247.5,51.9,False,False,True
node/3041929151,16,247.5,51.9,False,False,True
node/3041929152,16,247.5,51.9,False,False,True
node/3041929155,16,247.5,51.9,False,False,True
node/3050921307,16,247.5,51.9,True,False,False
node/3050921308,16,247.5,51.9,True,False,False
node/3059689204,16,247.5,51.9,False,True,False
node/3059793358,16,247.5,51.9,False,False,True
node/3096115845,16,247.5,51.9,False,False,True
node/3106096237,16,247.5,51.9,True,False,False
node/3115184429,16,247.5,51.9,True,True,False
node/3127491126,16,247.5,51.9,False,False,True
node/3139739588,16,247.5,51.9,False,False,True
node/3149270079,16,247.5,51.9,True,True,False
node/3152346117,16,247.5,51.9,False,False,True
node/3178775169,16,247.5,51.9,False,False,True
node/3178775170,16,247.5,51.9,False,False,True
node/3178775173,16,247.5,51.9,False,False,True
node/3178775174,16,247.5,51.9,False,False,True
node/3200725396,16,247.5,51.9,False,False,True
node/3224062590,16,247.5,51.9,False,False,True
node/3224062593,16,247.5,51.9,True,False,False
node/3224062596,16,247.5,51.9,False,False,True
node/3236536366,16,247.5,51.9,False,False,True
node/3236536367,16,247.5,51.9,False,False,True
node/3254078124,16,247.5,51.9,False,True,False
node/3254078125,16,247.5,51.9,False,True,False
node/3263986607,16,247.5,51.9,False,False,True
node/3309932310,16,247.5,51.9,False,False,True
node/3312832841,16,247.5,51.9,False,False,True
node/3338613447,16,247.5,51.9,False,False,True
node/3341528120,16,247.5,51.9,False,False,True
node/3348364710,16,247.5,51.9,True,False,False
node/3348364711,16,247.5,51.9,False,True,False
node/3362155108,16,247.5,51.9,False,True,False
node/3370698715,16,247.5,51.9,False,True,False
node/3371795958,16,247.5,51.9,False,True,False
node/3371795959,16,247.5,51.9,False,True,False
node/3372962161,16,247.5,51.9,False,True,False
node/3373060056,16,247.5,51.9,False,True,False
node/3373440443,16,247.5,51.9,False,True,False
node/3376598376,16,247.5,51.9,False,True,False
node/3377118662,16,247.5,51.9,False,True,False
node/3378110325,16,247.5,51.9,False,True,False
node/3378447632,16,247.5,51.9,False,True,False
node/3387897732,16,247.5,51.9,True,True,False
node/3410546250,16,247.5,51.9,False,True,False
node/3425093493,16,247.5,51.9,False,True,False
node/3425093495,16,247.5,51.9,False,True,False
node/3429335811,16,247.5,51.9,False,True,False
node/3458303207,16,247.5,51.9,False,False,True
node/3458303213,16,247.5,51.9,False,False,True
node/3458303214,16,247.5,51.9,False,False,True
node/3458303223,16,247.5,51.9,False,False,True
node/3458303224,16,247.5,51.9,False,False,True
node/3458303225,16,247.5,51.9,False,False,True
node/3458303227,16,247.5,51.9,False,False,True
node/3458303232,16,247.5,51.9,False,False,True
node/3501065010,16,247.5,51.9,False,True,False
node/3501065011,16,247.5,51.9,False,True,False
node/3612316539,16,247.5,51.9,False,True,False
node/3624945317,16,247.5,51.9,False,False,True
node/3628864690,16,247.5,51.9,False,False,True
node/3701299048,16,247.5,51.9,False,False,True
node/3702639733,16,247.5,51.9,True,False,False
node/3704614993,16,247.5,51.9,False,False,True
node/3704614998,16,247.5,51.9,False,False,True
node/3707878984,16,247.5,51.9,False,True,False
node/3707878986,16,247.5,51.9,False,True,False
node/3709071960,16,247.5,51.9,False,True,False
node/3716873809,16,247.5,51.9,False,True,False
node/3716873810,16,247.5,51.9,False,False,True
node/3717587927,16,247.5,51.9,False,False,True
node/3717587929,16,247.5,51.9,False,False,True
node/3717587931,16,247.5,51.9,True,False,False
node/3717587934,16,247.5,51.9,False,False,True
node/3720096881,16,247.5,51.9,False,True,False
node/3720096914,16,247.5,51.9,False,True,False
node/3720303412,16,247.5,51.9,False,True,False
node/3720303418,16,247.5,51.9,False,True,False
node/3731257157,16,247.5,51.9,False,False,True
node/3752972249,16,247.5,51.9,False,False,True
node/3752972250,16,247.5,51.9,True,False,False
node/3753012028,16,247.5,51.9,False,False,True
node/3758949027,16,247.5,51.9,False,False,True
node/3758949054,16,247.5,51.9,False,False,True
node/3758949055,16,247.5,51.9,False,False,True
node/3758949367,16,247.5,51.9,False,True,False
node/3758949375,16,247.5,51.9,False,False,True
node/3758949387,16,247.5,51.9,False,True,False
node/3758958225,16,247.5,51.9,False,True,False
node/3759179957,16,247.5,51.9,False,True,False
node/3759179960,16,247.5,51.9,False,False,True
node/3773487102,16,247.5,51.9,False,True,False
node/3773487103,16,247.5,51.9,False,False,True
node/3773574431,16,247.5,51.9,True,False,False
node/3773574434,16,247.5,51.9,False,True,False
node/3773574435,16,247.5,51.9,False,False,True
node/3773574436,16,247.5,51.9,False,False,True
node/3775316414,16,247.5,51.9,False,False,True
node/3775316417,16,247.5,51.9,False,False,True
node/3778783745,16,247.5,51.9,False,True,False
node/3778783746,16,247.5,51.9,False,True,False
node/3778783749,16,247.5,51.9,False,False,True
node/3778783750,16,247.5,51.9,False,True,False
node/3778783752,16,247.5,51.9,False,False,True
node/3778783755,16,247.5,51.9,False,False,True
node/3778790463,16,247.5,51.9,False,False,True
node/3778790466,16,247.5,51.9,False,True,False
node/3779600228,16,247.5,51.9,False,True,False
node/3780381641,16,247.5,51.9,True,True,False
node/3780381642,16,247.5,51.9,True,True,False
node/3780581690,16,247.5,51.9,True,False,False
node/3780582515,16,247.5,51.9,False,False,True
node/3780584592,16,247.5,51.9,False,False,True
node/3780909786,16,247.5,51.9,False,False,True
node/3782055701,16,247.5,51.9,False,False,True
node/3782496411,16,247.5,51.9,False,False,True
node/3782654737,16,247.5,51.9,True,True,False
node/3782677184,16,247.5,51.9,False,False,True
node/3782677223,16,247.5,51.9,False,False,True
node/3782677644,16,247.5,51.9,False,False,True
node/3782682702,16,247.5,51.9,False,False,True
node/3782682703,16,247.5,51.9,False,False,True
node/3783192571,16,247.5,51.9,False,False,True
node/3783192572,16,247.5,51.9,False,False,True
node/3785016551,16,247.5,51.9,False,True,False
node/3785016552,16,247.5,51.9,False,False,True
node/3785016555,16,247.5,51.9,False,True,False
node/3785018498,16,247.5,51.9,False,True,False
node/3785026057,16,247.5,51.9,False,True,False
node/3785026064,16,247.5,51.9,False,False,True
node/3785026066,16,247.5,51.9,False,True,False
node/3785026070,16,247.5,51.9,False,False,True
node/3785026074,16,247.5,51.9,False,False,True
node/3785026083,16,247.5,51.9,False,True,False
node/3785026084,16,247.5,51.9,False,True,False
node/3785026086,16,247.5,51.9,False,False,True
node/3785190648,16,247.5,51.9,True,False,False
node/3785436827,16,247.5,51.9,False,True,False
node/3786057232,16,247.5,51.9,False,True,False
node/3786057238,16,247.5,51.9,True,True,False
node/3786057240,16,247.5,51.9,True,True,False
node/3786067896,16,247.5,51.9,False,False,True
node/3786067901,16,247.5,51.9,True,False,False
node/3786067902,16,247.5,51.9,False,False,True
node/3786072201,16,247.5,51.9,True,False,False
node/3786072202,16,247.5,51.9,True,False,False
node/3786072203,16,247.5,51.9,True,False,False
node/3786087263,16,247.5,51.9,False,True,False
node/3786087265,16,247.5,51.9,False,True,False
node/3786087266,16,247.5,51.9,True,True,False
node/3786087267,16,247.5,51.9,False,True,False
node/3786087268,16,247.5,51.9,False,True,False
node/3786087273,16,247.5,51.9,False,True,False
node/3786651044,16,247.5,51.9,False,False,True
node/3786669546,16,247.5,51.9,False,True,False
node/3786669547,16,247.5,51.9,False,True,False
node/3786669548,16,247.5,51.9,False,False,True
node/3786669549,16,247.5,51.9,False,True,False
node/3786719323,16,247.5,51.9,False,False,True
node/3786719325,16,247.5,51.9,False,True,False
node/3786719326,16,247.5,51.9,False,False,True
node/3787404038,16,247.5,51.9,False,True,False
node/3787404039,16,247.5,51.9,False,True,False
node/3787404041,16,247.5,51.9,False,False,True
node/3787404043,16,247.5,51.9,False,False,True
node/3787404046,16,247.5,51.9,False,False,True
node/3787404047,16,247.5,51.9,False,True,False
node/3787492257,16,247.5,51.9,False,False,True
node/3787492261,16,247.5,51.9,False,False,True
node/3787492263,16,247.5,51.9,False,True,False
node/3787515583,16,247.5,51.9,False,False,True
node/3787515590,16,247.5,51.9,True,False,False
node/3787561579,16,247.5,51.9,False,False,True
node/3787561580,16,247.5,51.9,False,False,True
node/3787561581,16,247.5,51.9,True,False,False
node/3787613716,16,247.5,51.9,False,True,False
node/3787613717,16,247.5,51.9,False,True,False
node/3787665759,16,247.5,51.9,False,True,False
node/3787665768,16,247.5,51.9,False,True,False
node/3787901073,16,247.5,51.9,False,False,True
node/3788667384,16,247.5,51.9,False,True,False
node/3788722359,16,247.5,51.9,False,False,True
node/3788722361,16,247.5,51.9,True,False,False
node/3788722362,16,247.5,51.9,False,True,False
node/3788722363,16,247.5,51.9,False,False,True
node/3788722365,16,247.5,51.9,False,False,True
node/3788722366,16,247.5,51.9,False,True,False
node/3788722367,16,247.5,51.9,False,False,True
node/3788722368,16,247.5,51.9,False,False,True
node/3789567789,16,247.5,51.9,False,True,False
node/3789624734,16,247.5,51.9,False,True,False
node/3789624735,16,247.5,51.9,False,True,False
node/3789624736,16,247.5,51.9,True,True,False
node/3789624737,16,247.5,51.9,False,True,False
node/3789624738,16,247.5,51.9,True,True,False
node/3789624740,16,247.5,51.9,False,True,False
node/3789624741,16,247.5,51.9,False,True,False
node/3789624742,16,247.5,51.9,False,False,True
node/3790545075,16,247.5,51.9,False,False,True
node/3790545076,16,247.5,51.9,False,False,True
node/3790545077,16,247.5,51.9,False,True,False
node/3790545078,16,247.5,51.9,False,True,False
node/3790545079,16,247.5,51.9,True,True,False
node/3790545080,16,247.5,51.9,False,False,True
node/3790545081,16,247.5,51.9,False,False,True
node/3790545083,16,247.5,51.9,False,False,True
node/3790545084,16,247.5,51.9,False,True,False
node/3790545085,16,247.5,51.9,False,False,True
node/3790545086,16,247.5,51.9,False,False,True
node/3790547698,16,247.5,51.9,False,False,True
node/3790779433,16,247.5,51.9,False,True,False
node/3790779435,16,247.5,51.9,False,True,False
node/3790779441,16,247.5,51.9,False,True,False
node/3790779442,16,247.5,51.9,False,True,False
node/3790779444,16,247.5,51.9,True,True,False
node/3790779446,16,247.5,51.9,False,True,False
node/3790779447,16,247.5,51.9,False,True,False
node/3790779449,16,247.5,51.9,False,True,False
node/3790779450,16,247.5,51.9,False,True,False
node/3790779451,16,247.5,51.9,False,True,False
node/3791785050,16,247.5,51.9,False,True,False
node/3806894854,16,247.5,51.9,True,False,False
node/3806894856,16,247.5,51.9,False,True,False
node/3806895657,16,247.5,51.9,True,False,False
node/3808056722,16,247.5,51.9,False,False,True
node/3808056723,16,247.5,51.9,False,False,True
node/3808100251,16,247.5,51.9,False,False,True
node/3808366787,16,247.5,51.9,False,True,False
node/3808366789,16,247.5,51.9,False,True,False
node/3808366793,16,247.5,51.9,False,True,False
node/3808366795,16,247.5,51.9,False,True,False
node/3808366796,16,247.5,51.9,False,False,True
node/3808544749,16,247.5,51.9,False,True,False
node/3808544750,16,247.5,51.9,False,True,False
node/3808544751,16,247.5,51.9,False,True,False
node/3808544752,16,247.5,51.9,False,True,False
node/3808544753,16,247.5,51.9,False,True,False
node/3808544754,16,247.5,51.9,True,True,False
node/3808544755,16,247.5,51.9,False,True,False
node/3808554257,16,247.5,51.9,False,False,True
node/3823152620,16,247.5,51.9,False,True,False
node/3823152623,16,247.5,51.9,False,True,False
node/3823152631,16,247.5,51.9,False,True,False
node/3823152636,16,247.5,51.9,False,True,False
node/3823152653,16,247.5,51.9,False,True,False
node/3823152760,16,247.5,51.9,False,True,False
node/3823152762,16,247.5,51.9,False,True,False
node/3823152789,16,247.5,51.9,False,True,False
node/3825603158,16,247.5,51.9,False,False,True
node/3886301889,16,247.5,51.9,False,False,True
node/3893104707,16,247.5,51.9,False,False,True
node/3898715839,16,247.5,51.9,True,False,False
node/3984824935,16,247.5,51.9,False,False,True
node/3988010391,16,247.5,51.9,False,True,False
node/4041812652,16,247.5,51.9,False,False,True
node/4041812653,16,247.5,51.9,False,False,True
node/4041812654,16,247.5,51.9,False,False,True
node/4041812885,16,247.5,51.9,True,True,False
node/4041812886,16,247.5,51.9,False,False,True
node/4080244174,16,247.5,51.9,False,False,True
node/4092138538,16,247.5,51.9,False,False,True
node/4092140237,16,247.5,51.9,False,True,False
node/4092140238,16,247.5,51.9,False,False,True
node/4092142657,16,247.5,51.9,False,True,False
node/4092142658,16,247.5,51.9,False,True,False
node/4092143105,16,247.5,51.9,False,False,True
node/4098009012,16,247.5,51.9,False,True,False
node/4112825570,16,247.5,51.9,True,True,False
node/4142388098,16,247.5,51.9,False,False,True
node/4142388099,16,247.5,51.9,False,False,True
node/4142393672,16,247.5,51.9,False,True,False
node/4171387732,16,247.5,51.9,True,False,False
node/4193106133,16,247.5,51.9,False,False,True
node/4193136328,16,247.5,51.9,False,False,True
node/4193136330,16,247.5,51.9,False,False,True
node/4193136331,16,247.5,51.9,False,False,True
node/4193143533,16,247.5,51.9,False,False,True
node/4193161889,16,247.5,51.9,True,False,False
node/4193161890,16,247.5,51.9,False,False,True
node/4193179568,16,247.5,51.9,False,False,True
node/4193188215,16,247.5,51.9,False,True,False
node/4193208464,16,247.5,51.9,True,False,False
node/4193208465,16,247.5,51.9,False,False,True
node/4193215078,16,247.5,51.9,False,False,True
node/4193215079,16,247.5,51.9,False,True,False
node/4193216816,16,247.5,51.9,False,True,False
node/4194146586,16,247.5,51.9,False,False,True
node/4194146587,16,247.5,51.9,False,True,False
node/4194146588,16,247.5,51.9,False,False,True
node/4194150189,16,247.5,51.9,False,True,False
node/4194150190,16,247.5,51.9,False,False,True
node/4194156248,16,247.5,51.9,False,False,True
node/4194156249,16,247.5,51.9,False,True,False
node/4194167377,16,247.5,51.9,False,False,True
node/4194167378,16,247.5,51.9,True,False,False
node/4194172133,16,247.5,51.9,True,True,False
node/4194972032,16,247.5,51.9,False,False,True
node/4194981100,16,247.5,51.9,False,True,False
node/4194998394,16,247.5,51.9,False,True,False
node/4195580734,16,247.5,51.9,False,False,True
node/4195580735,16,247.5,51.9,False,False,True
node/4195580736,16,247.5,51.9,False,False,True
node/4195580737,16,247.5,51.9,False,False,True
node/4195580738,16,247.5,51.9,False,True,False
node/4195587789,16,247.5,51.9,True,False,False
node/4195587790,16,247.5,51.9,False,True,False
node/4210787008,16,247.5,51.9,False,False,True
node/4215676309,16,247.5,51.9,False,False,True
node/4239035808,16,247.5,51.9,False,False,True
node/4239035809,16,247.5,51.9,False,False,True
node/4239035810,16,247.5,51.9,False,True,False
node/4239035811,16,247.5,51.9,False,False,True
node/4242926832,16,247.5,51.9,False,False,True
node/4243522528,16,247.5,51.9,True,True,False
node/4252333548,16,247.5,51.9,True,False,False
node/4252333549,16,247.5,51.9,False,False,True
node/4252333550,16,247.5,51.9,False,False,True
node/4252360817,16,247.5,51.9,False,False,True
node/4252360818,16,247.5,51.9,False,False,True
node/4253445390,16,247.5,51.9,False,False,True
node/4337326010,16,247.5,51.9,True,False,False
node/4337326011,16,247.5,51.9,True,False,False
node/4339591470,16,247.5,51.9,False,False,True
node/4355937750,16,247.5,51.9,False,False,True
node/4362472195,16,247.5,51.9,False,True,False
node/4374347653,16,247.5,51.9,False,True,False
node/4374788663,16,247.5,51.9,False,False,True
node/4386308014,16,247.5,51.9,True,False,False
node/4424654969,16,247.5,51.9,False,False,True
node/4424657665,16,247.5,51.9,False,False,True
node/4424657666,16,247.5,51.9,False,True,False
node/4425378039,16,247.5,51.9,False,False,True
node/4426436695,16,247.5,51.9,True,True,False
node/4426442193,16,247.5,51.9,False,False,True
node/4426482290,16,247.5,51.9,True,False,False
node/4456582562,16,247.5,51.9,False,True,False
node/4456582565,16,247.5,51.9,False,True,False
node/4473561091,16,247.5,51.9,False,False,True
node/4473769189,16,247.5,51.9,False,False,True
node/4487292403,16,247.5,51.9,False,False,True
node/4487343173,16,247.5,51.9,False,True,False
node/4487343174,16,247.5,51.9,False,True,False
node/4487344995,16,247.5,51.9,False,True,False
node/4487344996,16,247.5,51.9,False,True,False
node/4487346505,16,247.5,51.9,False,True,False
node/4487346506,16,247.5,51.9,False,True,False
node/4487347141,16,247.5,51.9,False,True,False
node/4487347142,16,247.5,51.9,False,True,False
node/4487348056,16,247.5,51.9,False,True,False
node/4487348057,16,247.5,51.9,False,True,False
node/4487350518,16,247.5,51.9,False,True,False
node/4487351146,16,247.5,51.9,False,True,False
node/4487353302,16,247.5,51.9,False,False,True
node/4487358726,16,247.5,51.9,False,True,False
node/4487367446,16,247.5,51.9,False,False,True
node/4487419608,16,247.5,51.9,False,False,True
node/4487419769,16,247.5,51.9,False,True,False
node/4487472020,16,247.5,51.9,False,False,True
node/4487478836,16,247.5,51.9,False,True,False
node/4512720078,16,247.5,51.9,False,True,False
node/4524796538,16,247.5,51.9,False,False,True
node/4540215835,16,247.5,51.9,False,False,True
node/4551348007,16,247.5,51.9,False,False,True
node/4553717072,16,247.5,51.9,True,False,False
node/4560348361,16,247.5,51.9,False,True,False
node/4560348362,16,247.5,51.9,False,True,False
node/4560348363,16,247.5,51.9,False,True,False
node/4560348364,16,247.5,51.9,False,True,False
node/4560348365,16,247.5,51.9,False,True,False
node/4560348366,16,247.5,51.9,False,True,False
node/4560348367,16,247.5,51.9,False,False,True
node/4560348368,16,247.5,51.9,False,False,True
node/4568359909,16,247.5,51.9,False,False,True
node/4568362314,16,247.5,51.9,False,False,True
node/4570534699,16,247.5,51.9,True,False,False
node/4608459918,16,247.5,51.9,True,True,False
node/4608531377,16,247.5,51.9,True,False,False
node/4621725801,16,247.5,51.9,False,False,True
node/4654764836,16,247.5,51.9,True,False,False
node/4662947772,16,247.5,51.9,False,True,False
node/4697111064,16,247.5,51.9,False,False,True
node/4843517235,16,247.5,51.9,True,False,False
node/4843517239,16,247.5,51.9,True,False,False
node/4843767716,16,247.5,51.9,False,False,True
node/4863923321,16,247.5,51.9,False,False,True
node/4889206188,16,247.5,51.9,False,False,True
node/4889206189,16,247.5,51.9,False,False,True
node/4889234645,16,247.5,51.9,True,False,False
node/4889234647,16,247.5,51.9,True,True,False
node/4889234648,16,247.5,51.9,False,True,False
node/4889403490,16,247.5,51.9,False,False,True
node/4889403492,16,247.5,51.9,True,True,False
node/4889403494,16,247.5,51.9,True,True,False
node/4889403500,16,247.5,51.9,False,True,False
node/4889473571,16,247.5,51.9,False,False,True
node/4889473572,16,247.5,51.9,False,False,True
node/4889473573,16,247.5,51.9,False,False,True
node/4889473577,16,247.5,51.9,False,False,True
node/4889473581,16,247.5,51.9,True,True,False
node/4889473587,16,247.5,51.9,False,False,True
node/4889473588,16,247.5,51.9,True,True,False
node/4889473589,16,247.5,51.9,True,False,False
node/4889473590,16,247.5,51.9,True,True,False
node/4889473592,16,247.5,51.9,False,True,False
node/4889662234,16,247.5,51.9,False,False,True
node/4889662235,16,247.5,51.9,False,False,True
node/4889662237,16,247.5,51.9,True,False,False
node/4889789447,16,247.5,51.9,False,True,False
node/4889789453,16,247.5,51.9,False,False,True
node/4889789454,16,247.5,51.9,False,False,True
node/4889789455,16,247.5,51.9,True,False,False
node/4889789456,16,247.5,51.9,True,True,False
node/4889789487,16,247.5,51.9,False,False,True
node/4889789488,16,247.5,51.9,False,False,True
node/4889789494,16,247.5,51.9,False,False,True
node/4889789495,16,247.5,51.9,True,False,False
node/4889919233,16,247.5,51.9,False,False,True
node/4889919251,16,247.5,51.9,False,False,True
node/4889919253,16,247.5,51.9,False,True,False
node/4889919298,16,247.5,51.9,True,True,False
node/4889919299,16,247.5,51.9,False,True,False
node/4889919300,16,247.5,51.9,False,True,False
node/4890108670,16,247.5,51.9,False,True,False
node/4890108683,16,247.5,51.9,False,True,False
node/4891272623,16,247.5,51.9,False,True,False
node/4891272633,16,247.5,51.9,False,False,True
node/4891272634,16,247.5,51.9,False,True,False
node/4893995307,16,247.5,51.9,True,False,False
node/4898290186,16,247.5,51.9,False,False,True
node/4898290194,16,247.5,51.9,True,True,False
node/4898290203,16,247.5,51.9,True,True,False
node/4899160641,16,247.5,51.9,False,False,True
node/4899160645,16,247.5,51.9,False,False,True
node/4899160672,16,247.5,51.9,True,True,False
node/4899160693,16,247.5,51.9,False,True,False
node/4903310230,16,247.5,51.9,False,True,False
node/4903310233,16,247.5,51.9,True,True,False
node/4903310235,16,247.5,51.9,False,False,True
node/4903310236,16,247.5,51.9,False,True,False
node/4903310237,16,247.5,51.9,False,True,False
node/4903310239,16,247.5,51.9,False,True,False
node/4903310240,16,247.5,51.9,False,True,False
node/4992102606,16,247.5,51.9,False,True,False
node/5026213522,16,247.5,51.9,False,False,True
node/5064259820,16,247.5,51.9,False,False,True
node/5081364232,16,247.5,51.9,False,False,True
node/5081364233,16,247.5,51.9,False,False,True
node/5081364236,16,247.5,51.9,False,False,True
node/5081364237,16,247.5,51.9,False,False,True
node/5081364239,16,247.5,51.9,False,False,True
node/5081364240,16,247.5,51.9,False,False,True
node/5081364241,16,247.5,51.9,False,False,True
node/5081364242,16,247.5,51.9,False,False,True
node/5081364243,16,247.5,51.9,False,False,True
node/5081364244,16,247.5,51.9,False,False,True
node/5081379378,16,247.5,51.9,False,False,True
node/5081379380,16,247.5,51.9,False,False,True
node/5111433087,16,247.5,51.9,False,True,False
node/5111687993,16,247.5,51.9,False,True,False
node/5216559622,16,247.5,51.9,False,False,True
node/5316455423,16,247.5,51.9,False,False,True
node/5316455424,16,247.5,51.9,False,False,True
node/5316455426,16,247.5,51.9,False,True,False
node/5316455427,16,247.5,51.9,False,True,False
node/5316455428,16,247.5,51.9,False,False,True
node/5316484435,16,247.5,51.9,False,False,True
node/5316484436,16,247.5,51.9,False,False,True
node/5316484437,16,247.5,51.9,False,False,True
node/5316484438,16,247.5,51.9,False,False,True
node/5316484439,16,247.5,51.9,False,False,True
node/5368403844,16,247.5,51.9,False,True,False
node/5368403855,16,247.5,51.9,False,True,False
node/5368438797,16,247.5,51.9,False,True,False
node/5368438799,16,247.5,51.9,False,True,False
node/5403073723,16,247.5,51.9,True,False,False
node/5418905623,16,247.5,51.9,True,True,False
node/5462381426,16,247.5,51.9,False,True,False
node/5527705621,16,247.5,51.9,False,False,True
node/5593411954,16,247.5,51.9,False,False,True
node/5678403949,16,247.5,51.9,False,False,True
node/5743615987,16,247.5,51.9,False,False,True
node/5796551026,16,247.5,51.9,True,False,False
node/5996557765,16,247.5,51.9,True,False,False
node/6004558476,16,247.5,51.9,False,False,True
node/6004558478,16,247.5,51.9,False,False,True
node/6004558480,16,247.5,51.9,False,False,True
node/6004558481,16,247.5,51.9,False,False,True
node/6004558482,16,247.5,51.9,False,False,True
node/6090069009,16,247.5,51.9,True,True,False
node/6296219968,16,247.5,51.9,False,False,True
node/6296219969,16,247.5,51.9,False,False,True
node/6349597364,16,247.5,51.9,False,False,True
node/6351757089,16,247.5,51.9,False,False,True
node/6363762843,16,247.5,51.9,False,True,False
node/6753442263,16,247.5,51.9,False,True,False
node/6812085822,16,247.5,51.9,False,True,False
node/6988405352,16,247.5,51.9,False,False,True
node/6988405353,16,247.5,51.9,False,False,True
node/6988405354,16,247.5,51.9,False,False,True
node/6988405355,16,247.5,51.9,False,False,True
node/6988405357,16,247.5,51.9,False,False,True
node/6988405359,16,247.5,51.9,False,True,False
node/6988568582,16,247.5,51.9,True,False,False
node/6988568583,16,247.5,51.9,False,True,False
node/6988568584,16,247.5,51.9,True,False,False
node/6988569285,16,247.5,51.9,True,False,False
node/6988569286,16,247.5,51.9,True,False,False
node/7117392386,16,247.5,51.9,True,False,False
node/7221409716,16,247.5,51.9,False,False,True
node/7523062100,16,247.5,51.9,False,True,False
node/8138571319,16,247.5,51.9,False,True,False
node/8397306827,16,247.5,51.9,False,True,False
node/8404480139,16,247.5,51.9,True,False,False
node/8404480140,16,247.5,51.9,False,True,False
node/8500711611,16,247.5,51.9,False,True,False
node/8615074676,16,247.5,51.9,False,False,True
node/8712721886,16,247.5,51.9,False,False,True
node/8712721888,16,247.5,51.9,False,False,True
node/8712721890,16,247.5,51.9,False,False,True
node/8712721892,16,247.5,51.9,False,False,True
node/8712721894,16,247.5,51.9,False,False,True
node/8712721901,16,247.5,51.9,False,False,True
node/8718907948,16,247.5,51.9,False,True,False
node/8718907950,16,247.5,51.9,False,True,False
node/8754224147,16,247.5,51.9,False,False,True
node/8754224150,16,247.5,51.9,False,False,True
node/9021294461,16,247.5,51.9,False,False,True
node/9022370340,16,247.5,51.9,False,False,True
node/9022370341,16,247.5,51.9,False,False,True
node/9031432377,16,247.5,51.9,False,True,False
node/9248045252,16,247.5,51.9,False,True,False
node/9248045256,16,247.5,51.9,False,False,True
node/9250830301,16,247.5,51.9,False,False,True
node/9250830304,16,247.5,51.9,False,False,True
node/9296818002,16,247.5,51.9,True,False,False
node/9353402328,16,247.5,51.9,True,True,False
node/9424085228,16,247.5,51.9,False,False,True
node/9424085231,16,247.5,51.9,False,True,False
node/9424085236,16,247.5,51.9,False,False,True
node/9424085238,16,247.5,51.9,False,False,True
node/9424085240,16,247.5,51.9,False,False,True
node/9424085242,16,247.5,51.9,False,True,False
node/9426374619,16,247.5,51.9,False,False,True
node/9426374621,16,247.5,51.9,False,False,True
node/9426374626,16,247.5,51.9,False,True,False
node/9426374629,16,247.5,51.9,False,False,True
node/9436677648,16,247.5,51.9,False,False,True
node/9436677650,16,247.5,51.9,False,False,True
node/9436677652,16,247.5,51.9,False,False,True
node/9436677658,16,247.5,51.9,False,False,True
node/9436677660,16,247.5,51.9,False,False,True
node/9436677664,16,247.5,51.9,False,False,True
node/9436677666,16,247.5,51.9,True,False,False
node/9436677668,16,247.5,51.9,True,False,False
node/9436677673,16,247.5,51.9,False,False,True
node/9436677675,16,247.5,51.9,False,True,False
node/9455340734,16,247.5,51.9,True,True,False
node/9455340735,16,247.5,51.9,False,True,False
node/9455340736,16,247.5,51.9,True,False,False
node/9455340737,16,247.5,51.9,False,True,False
node/9457632139,16,247.5,51.9,True,True,False
node/9458578380,16,247.5,51.9,False,True,False
node/9471105464,16,247.5,51.9,False,True,False
node/9471105465,16,247.5,51.9,False,True,False
node/9471270836,16,247.5,51.9,False,True,False
node/9471611824,16,247.5,51.9,True,True,False
node/9471611825,16,247.5,51.9,False,True,False
node/9471611827,16,247.5,51.9,True,True,False
node/9471611828,16,247.5,51.9,False,True,False
node/9471611829,16,247.5,51.9,False,True,False
node/9471611830,16,247.5,51.9,True,True,False
node/9471840470,16,247.5,51.9,False,True,False
node/9471840471,16,247.5,51.9,False,False,True
node/9471915759,16,247.5,51.9,False,True,False
node/9471915760,16,247.5,51.9,True,False,False
node/9471915761,16,247.5,51.9,False,True,False
node/9471915763,16,247.5,51.9,False,True,False
node/9471915764,16,247.5,51.9,False,True,False
node/9472043398,16,247.5,51.9,True,True,False
node/9474161479,16,247.5,51.9,False,False,True
node/9474161480,16,247.5,51.9,False,True,False
node/9474161481,16,247.5,51.9,False,True,False
node/9474161482,16,247.5,51.9,False,True,False
node/9474161483,16,247.5,51.9,False,True,False
node/9474161484,16,247.5,51.9,False,True,False
node/9474161485,16,247.5,51.9,False,True,False
node/9474161486,16,247.5,51.9,False,True,False
node/9474161487,16,247.5,51.9,False,True,False
node/9474161488,16,247.5,51.9,False,True,False
node/9474161489,16,247.5,51.9,False,True,False
node/9474161490,16,247.5,51.9,False,True,False
node/9474161491,16,247.5,51.9,False,False,True
node/9474255789,16,247.5,51.9,False,True,False
node/9483807053,16,247.5,51.9,False,False,True
node/9486912224,16,247.5,51.9,False,True,False
node/9486912225,16,247.5,51.9,False,True,False
node/9486912226,16,247.5,51.9,False,True,False
node/9487060567,16,247.5,51.9,False,False,True
node/9487060568,16,247.5,51.9,False,True,False
node/9487060569,16,247.5,51.9,True,True,False
node/9487060570,16,247.5,51.9,False,True,False
node/9487060571,16,247.5,51.9,False,True,False
node/9487060572,16,247.5,51.9,False,True,False
node/9487060573,16,247.5,51.9,False,False,True
node/9487060574,16,247.5,51.9,False,True,False
node/9487060575,16,247.5,51.9,False,True,False
node/9487060576,16,247.5,51.9,False,True,False
node/9489106792,16,247.5,51.9,False,False,True
node/9489394997,16,247.5,51.9,False,False,True
node/9489394998,16,247.5,51.9,False,True,False
node/9489394999,16,247.5,51.9,False,True,False
node/9489395000,16,247.5,51.9,False,True,False
node/9489395001,16,247.5,51.9,False,True,False
node/9489395002,16,247.5,51.9,False,True,False
node/9489395005,16,247.5,51.9,False,True,False
node/9489395007,16,247.5,51.9,False,True,False
node/9489395008,16,247.5,51.9,False,True,False
node/9489395009,16,247.5,51.9,False,True,False
node/9489395010,16,247.5,51.9,False,True,False
node/9489395011,16,247.5,51.9,False,True,False
node/9489395013,16,247.5,51.9,False,True,False
node/9489395014,16,247.5,51.9,True,False,False
node/9489395015,16,247.5,51.9,True,False,False
node/9489395016,16,247.5,51.9,False,True,False
node/9490704152,16,247.5,51.9,False,False,True
node/9491868997,16,247.5,51.9,False,True,False
node/9497948304,16,247.5,51.9,False,False,True
node/9498129791,16,247.5,51.9,False,False,True
node/9498129793,16,247.5,51.9,False,True,False
node/9525581152,16,247.5,51.9,False,True,False
node/9525601821,16,247.5,51.9,False,True,False
node/9525670315,16,247.5,51.9,False,False,True
node/9545043130,16,247.5,51.9,False,True,False
node/9545067603,16,247.5,51.9,False,True,False
node/9565757000,16,247.5,51.9,False,False,True
node/9611795082,16,247.5,51.9,False,False,True
node/9626862549,16,247.5,51.9,False,True,False
node/9626869393,16,247.5,51.9,False,True,False
node/9626869394,16,247.5,51.9,True,False,False
node/9626869395,16,247.5,51.9,True,True,False
node/9626930589,16,247.5,51.9,True,True,False
node/9626942260,16,247.5,51.9,False,True,False
node/9626942263,16,247.5,51.9,True,True,False
node/9628627535,16,247.5,51.9,False,False,True
node/9628627536,16,247.5,51.9,False,True,False
node/9628627537,16,247.5,51.9,False,True,False
node/9628627538,16,247.5,51.9,False,True,False
node/9649426472,16,247.5,51.9,False,True,False
node/9649426473,16,247.5,51.9,False,True,False
node/9649426474,16,247.5,51.9,True,True,False
node/9649426475,16,247.5,51.9,True,False,False
node/9649543534,16,247.5,51.9,False,True,False
node/9649543535,16,247.5,51.9,False,True,False
node/9649543536,16,247.5,51.9,True,True,False
node/9649543537,16,247.5,51.9,True,False,False
node/9649543538,16,247.5,51.9,True,False,False
node/9649543539,16,247.5,51.9,True,False,False
node/9649543540,16,247.5,51.9,True,False,False
node/9649543541,16,247.5,51.9,False,False,True
node/9657605909,16,247.5,51.9,False,False,True
node/9738415468,16,247.5,51.9,False,True,False
node/9783507189,16,247.5,51.9,False,False,True
node/9850072032,16,247.5,51.9,True,False,False
node/9888166829,16,247.5,51.9,False,False,True
node/9895185440,16,247.5,51.9,False,True,False
node/9895316684,16,247.5,51.9,False,False,True
node/9901788302,16,247.5,51.9,False,False,True
node/9975298517,16,247.5,51.9,False,False,True
node/9975325597,16,247.5,51.9,False,False,True
node/9975993052,16,247.5,51.9,False,False,True
node/9979439490,16,247.5,51.9,False,False,True
node/9979453966,16,247.5,51.9,False,False,True
node/9979453968,16,247.5,51.9,False,False,True
node/9979889993,16,247.5,51.9,False,False,True
node/9985667275,16,247.5,51.9,False,True,False
node/9986170316,16,247.5,51.9,True,False,False
node/9986175704,16,247.5,51.9,False,False,True
node/9994996600,16,247.5,51.9,True,False,False
node/9995010587,16,247.5,51.9,False,False,True
node/9995012057,16,247.5,51.9,False,False,True
node/10004309776,16,247.5,51.9,True,False,False
node/10004319991,16,247.5,51.9,False,False,True
node/10006171601,16,247.5,51.9,False,True,False
node/10006173918,16,247.5,51.9,True,False,False
node/10006207182,16,247.5,51.9,False,True,False
node/10006452198,16,247.5,51.9,False,False,True
node/10008868525,16,247.5,51.9,False,False,True
node/10008868528,16,247.5,51.9,True,False,False
node/10008889273,16,247.5,51.9,True,False,False
node/10009011030,16,247.5,51.9,False,False,True
node/10009064543,16,247.5,51.9,False,False,True
node/10044383302,16,247.5,51.9,False,False,True
node/10056597632,16,247.5,51.9,False,False,True
node/10103394740,16,247.5,51.9,True,False,False
node/10103394741,16,247.5,51.9,False,False,True
node/10103394742,16,247.5,51.9,False,True,False
node/10175760858,16,247.5,51.9,True,False,False
node/10175900841,16,247.5,51.9,True,False,False
node/10189375756,16,247.5,51.9,False,False,True
node/10199274347,16,247.5,51.9,False,False,True
node/10199887329,16,247.5,51.9,False,True,False
node/10199887330,16,247.5,51.9,False,True,False
node/10204153342,16,247.5,51.9,False,True,False
node/10204153343,16,247.5,51.9,False,True,False
node/10204153345,16,247.5,51.9,False,True,False
node/10207442018,16,247.5,51.9,True,False,False
node/10207442023,16,247.5,51.9,False,False,True
node/10207587794,16,247.5,51.9,False,True,False
node/10207587797,16,247.5,51.9,False,True,False
node/10207587798,16,247.5,51.9,False,False,True
node/10207587803,16,247.5,51.9,False,True,False
node/10207587805,16,247.5,51.9,False,False,True
node/10207587807,16,247.5,51.9,False,False,True
node/10207587809,16,247.5,51.9,False,False,True
node/10207587811,16,247.5,51.9,False,False,True
node/10212096588,16,247.5,51.9,False,False,True
node/10212096590,16,247.5,51.9,False,False,True
node/10212096594,16,247.5,51.9,False,False,True
node/10214454559,16,247.5,51.9,False,False,True
node/10214557894,16,247.5,51.9,False,False,True
node/10214557897,16,247.5,51.9,False,True,False
node/10220186990,16,247.5,51.9,False,True,False
node/10221647123,16,247.5,51.9,False,True,False
node/10221706211,16,247.5,51.9,True,True,False
node/10233145912,16,247.5,51.9,False,True,False
node/10233145916,16,247.5,51.9,False,False,True
node/10233193117,16,247.5,51.9,False,False,True
node/10233193118,16,247.5,51.9,False,False,True
node/10233193119,16,247.5,51.9,False,False,True
node/10246496584,16,247.5,51.9,False,True,False
node/10259286009,16,247.5,51.9,False,False,True
node/10262640853,16,247.5,51.9,False,True,False
node/10267146386,16,247.5,51.9,False,False,True
node/10294911755,16,247.5,51.9,False,False,True
node/10297955289,16,247.5,51.9,False,True,False
node/10298363397,16,247.5,51.9,False,True,False
node/10298363398,16,247.5,51.9,False,True,False
node/10300849766,16,247.5,51.9,False,False,True
node/10302138467,16,247.5,51.9,False,False,True
node/10302140400,16,247.5,51.9,False,True,False
node/10313084094,16,247.5,51.9,False,False,True
node/10550642607,16,247.5,51.9,False,False,True
node/10550695909,16,247.5,51.9,False,False,True
node/10570800426,16,247.5,51.9,False,True,False
node/10572781594,16,247.5,51.9,True,False,False
node/10572819518,16,247.5,51.9,False,False,True
node/10582303877,16,247.5,51.9,False,False,True
node/10582303878,16,247.5,51.9,False,True,False
node/10582303879,16,247.5,51.9,False,False,True
node/10582303880,16,247.5,51.9,False,True,False
node/10582303881,16,247.5,51.9,False,True,False
node/10582303882,16,247.5,51.9,False,True,False
node/10582303883,16,247.5,51.9,False,True,False
node/10587112992,16,247.5,51.9,False,True,False
node/10587112993,16,247.5,51.9,False,True,False
node/10587112994,16,247.5,51.9,False,False,True
node/10589033362,16,247.5,51.9,False,True,False
node/10589033363,16,247.5,51.9,False,True,False
node/10589033364,16,247.5,51.9,False,True,False
node/10589033365,16,247.5,51.9,False,True,False
node/10589132886,16,247.5,51.9,True,False,False
node/10589132887,16,247.5,51.9,True,False,False
node/10589132888,16,247.5,51.9,True,False,False
node/10594645101,16,247.5,51.9,False,True,False
node/10594645102,16,247.5,51.9,False,True,False
node/10596848258,16,247.5,51.9,False,True,False
node/10596848259,16,247.5,51.9,False,True,False
node/10598917409,16,247.5,51.9,False,True,False
node/10601614184,16,247.5,51.9,False,False,True
node/10601614187,16,247.5,51.9,False,False,True
node/10601614188,16,247.5,51.9,False,True,False
node/10601614189,16,247.5,51.9,True,False,False
node/10601614190,16,247.5,51.9,False,False,True
node/10601614191,16,247.5,51.9,False,True,False
node/10601614192,16,247.5,51.9,False,False,True
node/10601614193,16,247.5,51.9,True,False,False
node/10601655681,16,247.5,51.9,False,True,False
node/10644975558,16,247.5,51.9,True,True,False
node/10644975559,16,247.5,51.9,False,True,False
node/10644975560,16,247.5,51.9,False,True,False
node/10644975562,16,247.5,51.9,False,True,False
node/10646561671,16,247.5,51.9,False,False,True
node/10646561672,16,247.5,51.9,False,True,False
node/10652163790,16,247.5,51.9,False,True,False
node/10652163791,16,247.5,51.9,False,False,True
node/10652163792,16,247.5,51.9,False,True,False
node/10669969858,16,247.5,51.9,True,False,False
node/10681358588,16,247.5,51.9,True,True,False
node/10686312725,16,247.5,51.9,False,False,True
node/10686367822,16,247.5,51.9,False,False,True
node/10695062076,16,247.5,51.9,False,False,True
node/10695066052,16,247.5,51.9,False,False,True
node/10700086556,16,247.5,51.9,True,False,False
node/10707344667,16,247.5,51.9,False,False,True
node/10707454078,16,247.5,51.9,False,False,True
node/10716585952,16,247.5,51.9,False,False,True
node/10719056688,16,247.5,51.9,False,False,True
node/10735512681,16,247.5,51.9,False,True,False
node/10737009427,16,247.5,51.9,False,False,True
node/10737066739,16,247.5,51.9,False,False,True
node/10737067372,16,247.5,51.9,False,False,True
node/10737088551,16,247.5,51.9,False,False,True
node/10737241564,16,247.5,51.9,False,False,True
node/10737334789,16,247.5,51.9,False,False,True
node/10745394912,16,247.5,51.9,False,True,False
node/10745394915,16,247.5,51.9,False,True,False
node/10745477593,16,247.5,51.9,True,True,False
node/10746364332,16,247.5,51.9,False,True,False
node/10748907091,16,247.5,51.9,True,True,False
node/10750421773,16,247.5,51.9,False,False,True
node/10750447195,16,247.5,51.9,False,False,True
node/10750477450,16,247.5,51.9,False,False,True
node/10750548873,16,247.5,51.9,False,False,True
node/10750780153,16,247.5,51.9,False,False,True
node/10755995859,16,247.5,51.9,False,True,False
node/10771358655,16,247.5,51.9,False,False,True
node/10776067841,16,247.5,51.9,False,False,True
node/10776067844,16,247.5,51.9,False,False,True
node/10778025660,16,247.5,51.9,False,False,True
node/10778202585,16,247.5,51.9,False,False,True
node/10778202587,16,247.5,51.9,False,False,True
node/10778270047,16,247.5,51.9,False,False,True
node/10778270050,16,247.5,51.9,False,False,True
node/10778270052,16,247.5,51.9,False,False,True
node/10779337539,16,247.5,51.9,False,False,True
node/10788398292,16,247.5,51.9,False,True,False
node/10794950621,16,247.5,51.9,False,True,False
node/10798943982,16,247.5,51.9,False,False,True
node/10822353650,16,247.5,51.9,False,False,True
node/10822353652,16,247.5,51.9,False,False,True
node/10824717317,16,247.5,51.9,False,False,True
node/10824717320,16,247.5,51.9,False,False,True
node/10837089318,16,247.5,51.9,False,False,True
node/10857691408,16,247.5,51.9,False,False,True
node/10860641329,16,247.5,51.9,False,False,True
node/10860641334,16,247.5,51.9,False,True,False
node/10865419978,16,247.5,51.9,True,False,False
node/10873797461,16,247.5,51.9,False,True,False
node/10891354579,16,247.5,51.9,False,False,True
node/10891354591,16,247.5,51.9,False,False,True
node/10899634896,16,247.5,51.9,False,False,True
node/10919471213,16,247.5,51.9,False,False,True
node/10919471215,16,247.5,51.9,False,False,True
node/10926618869,16,247.5,51.9,False,True,False
node/10942429363,16,247.5,51.9,False,True,False
node/10942429365,16,247.5,51.9,False,True,False
node/10949109054,16,247.5,51.9,False,True,False
node/10961887135,16,247.5,51.9,False,False,True
node/10971486940,16,247.5,51.9,False,True,False
node/10977261284,16,247.5,51.9,False,True,False
node/10981051285,16,247.5,51.9,False,False,True
node/10981051304,16,247.5,51.9,False,False,True
node/10989741468,16,247.5,51.9,False,False,True
node/10995041777,16,247.5,51.9,True,False,False
node/10995041779,16,247.5,51.9,False,False,True
node/10995041788,16,247.5,51.9,False,False,True
node/10995041791,16,247.5,51.9,True,False,False
node/10995041793,16,247.5,51.9,False,True,False
node/11001907246,16,247.5,51.9,True,False,False
node/11001907253,16,247.5,51.9,True,True,False
node/11003348984,16,247.5,51.9,False,True,False
node/11007907456,16,247.5,51.9,False,False,True
node/11007907458,16,247.5,51.9,False,False,True
node/11007907459,16,247.5,51.9,False,True,False
node/11007907462,16,247.5,51.9,False,False,True
node/11007907464,16,247.5,51.9,False,False,True
node/11016695336,16,247.5,51.9,False,False,True
node/11037609725,16,247.5,51.9,False,False,True
node/11097291306,16,247.5,51.9,False,False,True
node/11097291905,16,247.5,51.9,False,False,True
node/11136559005,16,247.5,51.9,False,False,True
node/11149491868,16,247.5,51.9,False,True,False
node/11150977085,16,247.5,51.9,False,True,False
node/11193187175,16,247.5,51.9,False,True,False
node/11193187179,16,247.5,51.9,False,False,True
node/11193187186,16,247.5,51.9,False,False,True
node/11193187188,16,247.5,51.9,False,True,False
node/11193751093,16,247.5,51.9,False,False,True
node/11193751102,16,247.5,51.9,False,True,False
node/11197446155,16,247.5,51.9,False,False,True
node/11203052910,16,247.5,51.9,False,False,True
node/11210550551,16,247.5,51.9,False,True,False
node/11210550553,16,247.5,51.9,False,True,False
node/11212456302,16,247.5,51.9,False,True,False
node/11212456304,16,247.5,51.9,False,False,True
node/11212456308,16,247.5,51.9,False,False,True
node/11215559275,16,247.5,51.9,False,False,True
node/11220604093,16,247.5,51.9,False,False,True
node/11222480993,16,247.5,51.9,False,True,False
node/11222848438,16,247.5,51.9,False,False,True
node/11233627569,16,247.5,51.9,False,False,True
node/11235388391,16,247.5,51.9,False,True,False
node/11235405379,16,247.5,51.9,False,True,False
node/11235408065,16,247.5,51.9,False,True,False
node/11235412827,16,247.5,51.9,False,True,False
node/11235430799,16,247.5,51.9,False,True,False
node/11235430874,16,247.5,51.9,False,False,True
node/11236573939,16,247.5,51.9,False,False,True
node/11238499756,16,247.5,51.9,False,False,True
node/11238499757,16,247.5,51.9,False,False,True
node/11244138190,16,247.5,51.9,True,True,False
node/11248475435,16,247.5,51.9,False,True,False
node/11274012885,16,247.5,51.9,False,False,True
node/11281776284,16,247.5,51.9,False,False,True
node/11283160956,16,247.5,51.9,True,False,False
node/11283184445,16,247.5,51.9,False,False,True
node/11283889164,16,247.5,51.9,False,False,True
node/11283910670,16,247.5,51.9,False,True,False
node/11283956785,16,247.5,51.9,False,True,False
node/11286211754,16,247.5,51.9,False,True,False
node/11286558768,16,247.5,51.9,False,False,True
node/11286572070,16,247.5,51.9,False,False,True
node/11286572071,16,247.5,51.9,True,False,False
node/11286572074,16,247.5,51.9,False,True,False
node/11286572077,16,247.5,51.9,False,True,False
node/11286751086,16,247.5,51.9,False,False,True
node/11286751090,16,247.5,51.9,False,False,True
node/11286751091,16,247.5,51.9,False,False,True
node/11286751094,16,247.5,51.9,False,False,True
node/11289186733,16,247.5,51.9,True,False,False
node/11290916361,16,247.5,51.9,False,False,True
node/11293706011,16,247.5,51.9,False,False,True
node/11293706013,16,247.5,51.9,False,False,True
node/11293706015,16,247.5,51.9,False,False,True
node/11293706017,16,247.5,51.9,False,False,True
node/11293706019,16,247.5,51.9,False,False,True
node/11293706022,16,247.5,51.9,False,False,True
node/11297604116,16,247.5,51.9,False,False,True
node/11297604125,16,247.5,51.9,False,False,True
node/11299621037,16,247.5,51.9,False,False,True
node/11299621038,16,247.5,51.9,False,False,True
node/11299621041,16,247.5,51.9,False,False,True
node/11299621042,16,247.5,51.9,False,False,True
node/11299621045,16,247.5,51.9,False,False,True
node/11299621046,16,247.5,51.9,False,False,True
node/11300078683,16,247.5,51.9,False,True,False
node/11300078685,16,247.5,51.9,False,True,False
node/11300078687,16,247.5,51.9,True,False,False
node/11300078690,16,247.5,51.9,False,False,True
node/11300078692,16,247.5,51.9,False,False,True
node/11300078700,16,247.5,51.9,True,False,False
node/11302894301,16,247.5,51.9,False,False,True
node/11302894305,16,247.5,51.9,False,True,False
node/11302894308,16,247.5,51.9,False,False,True
node/11305046919,16,247.5,51.9,False,False,True
node/11305046922,16,247.5,51.9,False,False,True
node/11307860004,16,247.5,51.9,False,True,False
node/11307860007,16,247.5,51.9,False,True,False
node/11309345425,16,247.5,51.9,True,False,False
node/11309345427,16,247.5,51.9,False,False,True
node/11309345430,16,247.5,51.9,False,False,True
node/11309793360,16,247.5,51.9,False,False,True
node/11309793362,16,247.5,51.9,False,False,True
node/11309895064,16,247.5,51.9,False,False,True
node/11314917558,16,247.5,51.9,False,False,True
node/11323343363,16,247.5,51.9,True,False,False
node/11323343365,16,247.5,51.9,False,False,True
node/11328986976,16,247.5,51.9,True,True,False
node/11328986977,16,247.5,51.9,True,False,False
node/11329310178,16,247.5,51.9,False,False,True
node/11329310180,16,247.5,51.9,False,False,True
node/11329310182,16,247.5,51.9,False,False,True
node/11329310184,16,247.5,51.9,False,True,False
node/11330897293,16,247.5,51.9,False,False,True
node/11331078189,16,247.5,51.9,False,False,True
node/11331221297,16,247.5,51.9,False,False,True
node/11331221302,16,247.5,51.9,False,True,False
node/11333439775,16,247.5,51.9,False,False,True
node/11333439779,16,247.5,51.9,False,False,True
node/11338249480,16,247.5,51.9,False,False,True
node/11341444243,16,247.5,51.9,False,False,True
node/11343157437,16,247.5,51.9,True,False,False
node/11343157441,16,247.5,51.9,False,True,False
node/11346416968,16,247.5,51.9,False,True,False
node/11346523975,16,247.5,51.9,False,True,False
node/11351141167,16,247.5,51.9,False,False,True
node/11360278411,16,247.5,51.9,False,False,True
node/11363940916,16,247.5,51.9,False,False,True
node/11368105980,16,247.5,51.9,True,False,False
node/11368588671,16,247.5,51.9,False,False,True
node/11375700083,16,247.5,51.9,False,False,True
node/11381441089,16,247.5,51.9,False,False,True
node/11394201826,16,247.5,51.9,False,False,True
node/11394201828,16,247.5,51.9,False,False,True
node/11394201830,16,247.5,51.9,False,False,True
node/11394201832,16,247.5,51.9,True,False,False
node/11394201834,16,247.5,51.9,False,False,True
node/11394506647,16,247.5,51.9,False,False,True
node/11396119821,16,247.5,51.9,False,False,True
node/11409602394,16,247.5,51.9,False,True,False
node/11409602397,16,247.5,51.9,False,True,False
node/11409602398,16,247.5,51.9,False,True,False
node/11449233173,16,247.5,51.9,False,False,True
node/11479066355,16,247.5,51.9,False,True,False
node/11486928221,16,247.5,51.9,False,False,True
node/11671805825,16,247.5,51.9,True,True,False
node/11910143361,16,247.5,51.9,False,False,True
node/12119676991,16,247.5,51.9,False,False,True
node/12172779822,16,247.5,51.9,False,False,True
node/12172781205,16,247.5,51.9,False,False,True
node/12190210046,16,247.5,51.9,False,False,True
node/12192793806,16,247.5,51.9,True,False,False
node/12199115379,16,247.5,51.9,False,False,True
node/12282173654,16,247.5,51.9,False,True,False
node/12288248548,16,247.5,51.9,False,True,False
node/12293672165,16,247.5,51.9,False,True,False
node/12294106887,16,247.5,51.9,False,True,False
node/12294241027,16,247.5,51.9,False,True,False
node/12348483124,16,247.5,51.9,False,False,True
node/12348483127,16,247.5,51.9,False,False,True
node/12367986198,16,247.5,51.9,False,False,True
node/12367986200,16,247.5,51.9,False,False,True
node/12371264418,16,247.5,51.9,False,False,True
node/12371264420,16,247.5,51.9,False,False,True
node/12371264422,16,247.5,51.9,False,True,False
node/12371264424,16,247.5,51.9,False,True,False
node/12371264426,16,247.5,51.9,False,True,False
node/12371264428,16,247.5,51.9,True,False,False
node/12384729380,16,247.5,51.9,False,False,True
node/12384729382,16,247.5,51.9,False,False,True
node/12384973717,16,247.5,51.9,False,False,True
node/12384973719,16,247.5,51.9,False,True,False
node/12384973720,16,247.5,51.9,True,False,False
node/12384973723,16,247.5,51.9,True,False,False
node/12384973725,16,247.5,51.9,False,True,False
node/12384973726,16,247.5,51.9,True,True,False
node/12384973729,16,247.5,51.9,False,True,False
node/12388466673,16,247.5,51.9,False,False,True
node/12416572526,16,247.5,51.9,False,False,True
node/12453116220,16,247.5,51.9,False,False,True
node/12453144002,16,247.5,51.9,False,True,False
node/12527905018,16,247.5,51.9,False,False,True
node/12529678839,16,247.5,51.9,False,False,True
node/12531539666,16,247.5,51.9,False,True,False
node/12616221007,16,247.5,51.9,False,False,True
node/12616221009,16,247.5,51.9,False,True,False
node/12620653917,16,247.5,51.9,False,False,True
node/12623557021,16,247.5,51.9,False,False,True
node/12625947814,16,247.5,51.9,False,False,True
node/12625947816,16,247.5,51.9,False,False,True
node/12633396728,16,247.5,51.9,False,False,True
node/12760074395,16,247.5,51.9,False,False,True
node/12760074400,16,247.5,51.9,False,False,True
node/12760085602,16,247.5,51.9,False,False,True
node/12898594759,16,247.5,51.9,True,False,False
node/12949650911,16,247.5,51.9,False,False,True
node/12961190801,16,247.5,51.9,False,False,True
node/12961190802,16,247.5,51.9,True,False,False
node/12961249305,16,247.5,51.9,False,False,True
node/13335422720,16,247.5,51.9,False,False,True
node/13335422721,16,247.5,51.9,False,False,True
node/13338205713,16,247.5,51.9,False,True,False
node/13338205726,16,247.5,51.9,False,True,False
node/13358645044,16,247.5,51.9,False,False,True
node/13390489892,16,247.5,51.9,True,False,False
node/13462282699,16,247.5,51.9,False,False,True
node/13462423720,16,247.5,51.9,False,False,True
node/13463687345,16,247.5,51.9,True,True,False
node/13463687346,16,247.5,51.9,False,True,False
node/13463687349,16,247.5,51.9,False,True,False
node/13463687352,16,247.5,51.9,False,True,False
node/13474226814,16,247.5,51.9,False,True,False
node/13474226815,16,247.5,51.9,True,False,False
node/13523874202,16,247.5,51.9,False,False,True
node/13566135712,16,247.5,51.9,False,False,True
node/13570114678,16,247.5,51.9,False,True,False
node/13585814422,16,247.5,51.9,True,False,False
node/13585814424,16,247.5,51.9,False,False,True
node/13585814425,16,247.5,51.9,False,False,True
node/13607465023,16,247.5,51.9,False,True,False
node/13645258115,16,247.5,51.9,False,False,True
node/13651994145,16,247.5,51.9,False,True,False
node/13655204277,16,247.5,51.9,False,True,False
node/13725165459,16,247.5,51.9,False,False,True
node/13786920938,16,247.5,51.9,False,False,True
node/13786920939,16,247.5,51.9,False,False,True
node/13787007025,16,247.5,51.9,True,True,False
node/13794370691,16,247.5,51.9,False,False,True
node/13795016030,16,247.5,51.9,False,True,False
node/13795300298,16,247.5,51.9,False,False,True
node/13795390647,16,247.5,51.9,False,False,True
node/13795390648,16,247.5,51.9,False,False,True
node/13798463596,16,247.5,51.9,True,False,False
node/13798524124,16,247.5,51.9,False,True,False
node/13798576354,16,247.5,51.9,True,False,False
node/13828018057,16,247.5,51.9,True,False,False
node/13867225722,16,247.5,51.9,False,False,True
node/13911832401,16,247.5,51.9,False,False,True
node/14029009015,16,247.5,51.9,False,False,True
node/21298371,17,261.2,41.8,False,False,True
node/95760547,17,261.2,41.8,True,True,False
node/95760548,17,261.2,41.8,True,False,False
node/95760550,17,261.2,41.8,False,False,True
node/95766440,17,261.2,41.8,False,True,False
node/95766815,17,261.2,41.8,False,False,True
node/102254906,17,261.2,41.8,False,True,False
node/114340464,17,261.2,41.8,True,True,False
node/114359530,17,261.2,41.8,False,True,False
node/114359538,17,261.2,41.8,False,False,True
node/114359562,17,261.2,41.8,False,True,False
node/114359572,17,261.2,41.8,False,True,False
node/245477294,17,261.2,41.8,True,True,False
node/245557029,17,261.2,41.8,False,True,False
node/245557039,17,261.2,41.8,True,True,False
node/245557048,17,261.2,41.8,True,True,False
node/245557054,17,261.2,41.8,True,True,False
node/245566207,17,261.2,41.8,True,False,False
node/248225549,17,261.2,41.8,True,True,False
node/251745095,17,261.2,41.8,True,True,False
node/260349632,17,261.2,41.8,False,False,True
node/260349654,17,261.2,41.8,False,True,False
node/260350380,17,261.2,41.8,False,True,False
node/260350384,17,261.2,41.8,False,True,False
node/260350759,17,261.2,41.8,False,True,False
node/268403389,17,261.2,41.8,False,True,False
node/268403390,17,261.2,41.8,False,True,False
node/268403415,17,261.2,41.8,False,True,False
node/268403421,17,261.2,41.8,False,True,False
node/271199334,17,261.2,41.8,False,False,True
node/281014139,17,261.2,41.8,True,False,False
node/281014594,17,261.2,41.8,False,True,False
node/282012567,17,261.2,41.8,False,True,False
node/282014871,17,261.2,41.8,False,True,False
node/292089713,17,261.2,41.8,False,True,False
node/306412919,17,261.2,41.8,False,True,False
node/306596480,17,261.2,41.8,False,True,False
node/343365115,17,261.2,41.8,False,True,False
node/345361935,17,261.2,41.8,True,False,False
node/345361940,17,261.2,41.8,True,True,False
node/345361945,17,261.2,41.8,False,False,True
node/345361952,17,261.2,41.8,False,True,False
node/365547378,17,261.2,41.8,True,True,False
node/365561354,17,261.2,41.8,False,False,True
node/428296354,17,261.2,41.8,True,True,False
node/428787332,17,261.2,41.8,True,True,False
node/428791961,17,261.2,41.8,False,True,False
node/429185332,17,261.2,41.8,True,True,False
node/429187148,17,261.2,41.8,False,False,True
node/429187149,17,261.2,41.8,False,True,False
node/432845451,17,261.2,41.8,False,True,False
node/432845456,17,261.2,41.8,False,True,False
node/441590515,17,261.2,41.8,True,True,False
node/441590516,17,261.2,41.8,False,True,False
node/506111737,17,261.2,41.8,False,True,False
node/540813432,17,261.2,41.8,True,False,False
node/583399850,17,261.2,41.8,False,True,False
node/615041486,17,261.2,41.8,False,False,True
node/634639449,17,261.2,41.8,False,True,False
node/634639645,17,261.2,41.8,False,True,False
node/642433231,17,261.2,41.8,False,True,False
node/642433232,17,261.2,41.8,False,True,False
node/642433233,17,261.2,41.8,True,True,False
node/643630956,17,261.2,41.8,False,True,False
node/643630958,17,261.2,41.8,False,False,True
node/645389866,17,261.2,41.8,False,True,False
node/645389873,17,261.2,41.8,False,False,True
node/645389878,17,261.2,41.8,False,False,True
node/645389913,17,261.2,41.8,False,True,False
node/645389918,17,261.2,41.8,False,True,False
node/645389928,17,261.2,41.8,False,True,False
node/647201933,17,261.2,41.8,False,True,False
node/647201935,17,261.2,41.8,True,True,False
node/648626763,17,261.2,41.8,False,True,False
node/648626772,17,261.2,41.8,False,True,False
node/648626781,17,261.2,41.8,False,True,False
node/648626782,17,261.2,41.8,True,True,False
node/648626783,17,261.2,41.8,False,True,False
node/648626786,17,261.2,41.8,False,True,False
node/648653672,17,261.2,41.8,True,False,False
node/648653719,17,261.2,41.8,False,True,False
node/649739307,17,261.2,41.8,False,True,False
node/649739313,17,261.2,41.8,False,True,False
node/649739318,17,261.2,41.8,False,True,False
node/649739404,17,261.2,41.8,False,True,False
node/649739407,17,261.2,41.8,True,True,False
node/649739411,17,261.2,41.8,False,True,False
node/649739415,17,261.2,41.8,False,True,False
node/649739510,17,261.2,41.8,False,True,False
node/649739564,17,261.2,41.8,False,True,False
node/649739566,17,261.2,41.8,False,True,False
node/650781102,17,261.2,41.8,False,True,False
node/650781127,17,261.2,41.8,True,False,False
node/650781131,17,261.2,41.8,False,True,False
node/653771340,17,261.2,41.8,False,True,False
node/654538356,17,261.2,41.8,False,True,False
node/654538374,17,261.2,41.8,False,True,False
node/654538375,17,261.2,41.8,False,True,False
node/654538389,17,261.2,41.8,False,True,False
node/654538397,17,261.2,41.8,False,True,False
node/654538401,17,261.2,41.8,False,True,False
node/654538411,17,261.2,41.8,False,True,False
node/654538442,17,261.2,41.8,False,True,False
node/654538443,17,261.2,41.8,False,False,True
node/654538451,17,261.2,41.8,False,True,False
node/654538454,17,261.2,41.8,False,True,False
node/654538457,17,261.2,41.8,False,True,False
node/654538460,17,261.2,41.8,False,True,False
node/654538463,17,261.2,41.8,False,True,False
node/654538466,17,261.2,41.8,True,True,False
node/654538473,17,261.2,41.8,False,False,True
node/654538490,17,261.2,41.8,False,True,False
node/655335119,17,261.2,41.8,False,True,False
node/655335152,17,261.2,41.8,False,True,False
node/655335180,17,261.2,41.8,True,True,False
node/655335182,17,261.2,41.8,True,False,False
node/655335201,17,261.2,41.8,False,True,False
node/656735044,17,261.2,41.8,False,True,False
node/656735048,17,261.2,41.8,False,True,False
node/656735052,17,261.2,41.8,True,False,False
node/656735055,17,261.2,41.8,False,True,False
node/656735065,17,261.2,41.8,False,True,False
node/656735070,17,261.2,41.8,False,True,False
node/656735073,17,261.2,41.8,True,True,False
node/656735077,17,261.2,41.8,False,False,True
node/656735078,17,261.2,41.8,True,True,False
node/656735081,17,261.2,41.8,False,True,False
node/656735085,17,261.2,41.8,False,False,True
node/656863421,17,261.2,41.8,False,True,False
node/656863425,17,261.2,41.8,False,True,False
node/656863430,17,261.2,41.8,False,True,False
node/656863433,17,261.2,41.8,False,True,False
node/656863437,17,261.2,41.8,False,True,False
node/656863438,17,261.2,41.8,True,True,False
node/656863440,17,261.2,41.8,True,True,False
node/656863441,17,261.2,41.8,False,True,False
node/656863442,17,261.2,41.8,False,True,False
node/656863443,17,261.2,41.8,False,True,False
node/656863444,17,261.2,41.8,True,True,False
node/656863445,17,261.2,41.8,False,True,False
node/658877712,17,261.2,41.8,True,False,False
node/658877713,17,261.2,41.8,False,False,True
node/658877718,17,261.2,41.8,False,True,False
node/658911165,17,261.2,41.8,False,True,False
node/658911193,17,261.2,41.8,False,False,True
node/658911195,17,261.2,41.8,True,False,False
node/658911196,17,261.2,41.8,False,True,False
node/658911197,17,261.2,41.8,False,True,False
node/659563415,17,261.2,41.8,False,False,True
node/659563416,17,261.2,41.8,False,False,True
node/660867285,17,261.2,41.8,False,True,False
node/660867286,17,261.2,41.8,False,True,False
node/660867287,17,261.2,41.8,False,True,False
node/660867288,17,261.2,41.8,False,False,True
node/660867289,17,261.2,41.8,False,True,False
node/660867290,17,261.2,41.8,False,True,False
node/660867292,17,261.2,41.8,True,False,False
node/660867293,17,261.2,41.8,False,True,False
node/660867294,17,261.2,41.8,False,True,False
node/660867295,17,261.2,41.8,True,False,False
node/660867296,17,261.2,41.8,False,True,False
node/660867298,17,261.2,41.8,False,True,False
node/660867299,17,261.2,41.8,False,True,False
node/660867300,17,261.2,41.8,True,False,False
node/660867304,17,261.2,41.8,False,True,False
node/660867305,17,261.2,41.8,False,False,True
node/660867312,17,261.2,41.8,False,False,True
node/660867313,17,261.2,41.8,False,False,True
node/660867314,17,261.2,41.8,False,True,False
node/660867315,17,261.2,41.8,True,True,False
node/660867316,17,261.2,41.8,False,False,True
node/660867317,17,261.2,41.8,False,True,False
node/660867318,17,261.2,41.8,False,True,False
node/660867324,17,261.2,41.8,False,True,False
node/660867325,17,261.2,41.8,False,True,False
node/660867326,17,261.2,41.8,False,True,False
node/660867327,17,261.2,41.8,False,False,True
node/660867339,17,261.2,41.8,False,True,False
node/660867340,17,261.2,41.8,False,True,False
node/660867344,17,261.2,41.8,False,True,False
node/660867345,17,261.2,41.8,False,True,False
node/660867346,17,261.2,41.8,False,True,False
node/660867347,17,261.2,41.8,False,True,False
node/660867349,17,261.2,41.8,False,False,True
node/660880366,17,261.2,41.8,False,True,False
node/660880367,17,261.2,41.8,False,True,False
node/661288871,17,261.2,41.8,False,False,True
node/661288898,17,261.2,41.8,False,True,False
node/661288904,17,261.2,41.8,True,False,False
node/661288911,17,261.2,41.8,False,False,True
node/661288915,17,261.2,41.8,False,True,False
node/661288930,17,261.2,41.8,True,False,False
node/661288941,17,261.2,41.8,False,True,False
node/661288968,17,261.2,41.8,True,False,False
node/661757871,17,261.2,41.8,False,False,True
node/661757872,17,261.2,41.8,False,True,False
node/661757877,17,261.2,41.8,False,True,False
node/661757879,17,261.2,41.8,False,False,True
node/661757880,17,261.2,41.8,False,True,False
node/661757882,17,261.2,41.8,False,True,False
node/661757898,17,261.2,41.8,False,True,False
node/661757908,17,261.2,41.8,False,True,False
node/661757910,17,261.2,41.8,False,True,False
node/661757912,17,261.2,41.8,False,True,False
node/661757915,17,261.2,41.8,False,True,False
node/661757917,17,261.2,41.8,False,True,False
node/661757918,17,261.2,41.8,False,True,False
node/661773006,17,261.2,41.8,False,True,False
node/661773007,17,261.2,41.8,False,True,False
node/661773011,17,261.2,41.8,False,True,False
node/661829363,17,261.2,41.8,False,True,False
node/661829364,17,261.2,41.8,False,False,True
node/661829365,17,261.2,41.8,False,True,False
node/661829366,17,261.2,41.8,False,True,False
node/661829367,17,261.2,41.8,False,True,False
node/661829369,17,261.2,41.8,False,False,True
node/661829371,17,261.2,41.8,False,True,False
node/661829374,17,261.2,41.8,False,True,False
node/661829376,17,261.2,41.8,False,True,False
node/661902193,17,261.2,41.8,False,False,True
node/661902212,17,261.2,41.8,False,True,False
node/662188142,17,261.2,41.8,False,False,True
node/662249354,17,261.2,41.8,False,True,False
node/662249355,17,261.2,41.8,False,False,True
node/662287133,17,261.2,41.8,True,False,False
node/662287136,17,261.2,41.8,False,False,True
node/662287137,17,261.2,41.8,True,True,False
node/662287139,17,261.2,41.8,True,False,False
node/662287141,17,261.2,41.8,False,True,False
node/662287142,17,261.2,41.8,False,False,True
node/662300553,17,261.2,41.8,False,False,True
node/662300555,17,261.2,41.8,False,True,False
node/662300556,17,261.2,41.8,False,True,False
node/662300559,17,261.2,41.8,False,True,False
node/662300561,17,261.2,41.8,False,True,False
node/662300562,17,261.2,41.8,False,True,False
node/662300563,17,261.2,41.8,False,True,False
node/662300564,17,261.2,41.8,False,False,True
node/662300565,17,261.2,41.8,False,False,True
node/662344054,17,261.2,41.8,False,True,False
node/662344055,17,261.2,41.8,False,False,True
node/662344057,17,261.2,41.8,False,True,False
node/662438476,17,261.2,41.8,False,True,False
node/662585054,17,261.2,41.8,False,False,True
node/662585056,17,261.2,41.8,False,True,False
node/662585059,17,261.2,41.8,False,True,False
node/662585063,17,261.2,41.8,False,False,True
node/662585066,17,261.2,41.8,True,True,False
node/662585070,17,261.2,41.8,True,True,False
node/662585073,17,261.2,41.8,False,True,False
node/662585078,17,261.2,41.8,False,False,True
node/662585081,17,261.2,41.8,False,True,False
node/662585084,17,261.2,41.8,False,True,False
node/663389725,17,261.2,41.8,False,True,False
node/663389729,17,261.2,41.8,False,False,True
node/663825165,17,261.2,41.8,False,False,True
node/663825168,17,261.2,41.8,False,False,True
node/663825170,17,261.2,41.8,False,True,False
node/663868617,17,261.2,41.8,False,True,False
node/663868618,17,261.2,41.8,False,False,True
node/663868619,17,261.2,41.8,False,True,False
node/664389964,17,261.2,41.8,False,False,True
node/667196516,17,261.2,41.8,False,True,False
node/674736277,17,261.2,41.8,True,True,False
node/676643327,17,261.2,41.8,True,True,False
node/676643331,17,261.2,41.8,False,True,False
node/676643332,17,261.2,41.8,True,True,False
node/676643334,17,261.2,41.8,True,True,False
node/676691581,17,261.2,41.8,True,True,False
node/676691586,17,261.2,41.8,False,True,False
node/676691589,17,261.2,41.8,True,True,False
node/676691594,17,261.2,41.8,False,False,True
node/676691598,17,261.2,41.8,True,False,False
node/676691604,17,261.2,41.8,False,False,True
node/676700279,17,261.2,41.8,False,True,False
node/676738424,17,261.2,41.8,False,True,False
node/676738427,17,261.2,41.8,True,True,False
node/676738429,17,261.2,41.8,True,True,False
node/676738431,17,261.2,41.8,False,True,False
node/676738433,17,261.2,41.8,False,False,True
node/676745533,17,261.2,41.8,False,False,True
node/678880586,17,261.2,41.8,False,True,False
node/678880588,17,261.2,41.8,False,True,False
node/678880589,17,261.2,41.8,False,True,False
node/678880590,17,261.2,41.8,False,False,True
node/678880591,17,261.2,41.8,False,False,True
node/678880592,17,261.2,41.8,False,True,False
node/678880593,17,261.2,41.8,False,False,True
node/678880594,17,261.2,41.8,False,False,True
node/678880595,17,261.2,41.8,False,False,True
node/678880597,17,261.2,41.8,False,True,False
node/678880608,17,261.2,41.8,False,True,False
node/678880610,17,261.2,41.8,True,False,False
node/678880612,17,261.2,41.8,True,False,False
node/678880613,17,261.2,41.8,True,False,False
node/679447426,17,261.2,41.8,False,True,False
node/679475723,17,261.2,41.8,False,False,True
node/679475726,17,261.2,41.8,False,True,False
node/679475728,17,261.2,41.8,False,True,False
node/679475731,17,261.2,41.8,True,False,False
node/679479311,17,261.2,41.8,True,True,False
node/680299285,17,261.2,41.8,True,True,False
node/680377132,17,261.2,41.8,False,True,False
node/680520275,17,261.2,41.8,False,True,False
node/680520281,17,261.2,41.8,False,True,False
node/680520285,17,261.2,41.8,False,False,True
node/680520294,17,261.2,41.8,False,True,False
node/680520299,17,261.2,41.8,True,False,False
node/680520328,17,261.2,41.8,True,False,False
node/680520333,17,261.2,41.8,False,True,False
node/680520338,17,261.2,41.8,True,False,False
node/680520342,17,261.2,41.8,True,False,False
node/680520360,17,261.2,41.8,False,True,False
node/687864649,17,261.2,41.8,True,False,False
node/692073197,17,261.2,41.8,True,True,False
node/692073222,17,261.2,41.8,False,False,True
node/693683785,17,261.2,41.8,False,False,True
node/693933529,17,261.2,41.8,False,True,False
node/693933532,17,261.2,41.8,False,False,True
node/705535132,17,261.2,41.8,False,True,False
node/705664753,17,261.2,41.8,False,True,False
node/705685629,17,261.2,41.8,False,False,True
node/705704754,17,261.2,41.8,False,False,True
node/705704795,17,261.2,41.8,False,False,True
node/705704828,17,261.2,41.8,False,False,True
node/705722195,17,261.2,41.8,False,True,False
node/705722196,17,261.2,41.8,False,False,True
node/705722197,17,261.2,41.8,False,True,False
node/705722198,17,261.2,41.8,False,True,False
node/705722199,17,261.2,41.8,False,False,True
node/705722205,17,261.2,41.8,True,True,False
node/705722208,17,261.2,41.8,False,False,True
node/705722221,17,261.2,41.8,False,True,False
node/706725638,17,261.2,41.8,True,True,False
node/708087631,17,261.2,41.8,False,False,True
node/708087634,17,261.2,41.8,False,True,False
node/708087640,17,261.2,41.8,True,True,False
node/708087642,17,261.2,41.8,False,True,False
node/708087644,17,261.2,41.8,False,False,True
node/708087647,17,261.2,41.8,False,False,True
node/708087651,17,261.2,41.8,False,True,False
node/708123785,17,261.2,41.8,False,True,False
node/708123787,17,261.2,41.8,False,True,False
node/708123789,17,261.2,41.8,False,True,False
node/708123793,17,261.2,41.8,False,True,False
node/714175316,17,261.2,41.8,False,True,False
node/714175323,17,261.2,41.8,False,False,True
node/714175327,17,261.2,41.8,False,False,True
node/714175330,17,261.2,41.8,False,False,True
node/714175333,17,261.2,41.8,False,True,False
node/714175337,17,261.2,41.8,False,True,False
node/714175341,17,261.2,41.8,False,True,False
node/714307639,17,261.2,41.8,False,True,False
node/714307640,17,261.2,41.8,False,True,False
node/714307641,17,261.2,41.8,False,True,False
node/714307642,17,261.2,41.8,False,True,False
node/714307643,17,261.2,41.8,False,True,False
node/714307644,17,261.2,41.8,True,True,False
node/714307646,17,261.2,41.8,False,True,False
node/714307653,17,261.2,41.8,False,True,False
node/714307655,17,261.2,41.8,False,True,False
node/714331149,17,261.2,41.8,False,True,False
node/714331150,17,261.2,41.8,False,True,False
node/715795985,17,261.2,41.8,True,True,False
node/715795988,17,261.2,41.8,True,True,False
node/715795997,17,261.2,41.8,True,True,False
node/715795999,17,261.2,41.8,True,True,False
node/715796009,17,261.2,41.8,False,True,False
node/715796017,17,261.2,41.8,False,True,False
node/715796020,17,261.2,41.8,False,False,True
node/715827009,17,261.2,41.8,False,True,False
node/715827015,17,261.2,41.8,True,True,False
node/715948229,17,261.2,41.8,False,False,True
node/715948266,17,261.2,41.8,True,False,False
node/715987136,17,261.2,41.8,False,True,False
node/715987152,17,261.2,41.8,False,True,False
node/715987155,17,261.2,41.8,False,True,False
node/715987157,17,261.2,41.8,False,True,False
node/715987159,17,261.2,41.8,False,True,False
node/715987161,17,261.2,41.8,False,True,False
node/716008478,17,261.2,41.8,False,True,False
node/716008561,17,261.2,41.8,False,True,False
node/716008564,17,261.2,41.8,False,True,False
node/716008566,17,261.2,41.8,False,False,True
node/716008568,17,261.2,41.8,False,True,False
node/716008570,17,261.2,41.8,False,True,False
node/716015766,17,261.2,41.8,False,True,False
node/716023939,17,261.2,41.8,False,True,False
node/716023940,17,261.2,41.8,False,True,False
node/716023943,17,261.2,41.8,False,True,False
node/716023944,17,261.2,41.8,True,True,False
node/716023945,17,261.2,41.8,False,True,False
node/716023947,17,261.2,41.8,True,True,False
node/717641269,17,261.2,41.8,False,False,True
node/717641278,17,261.2,41.8,False,True,False
node/717641294,17,261.2,41.8,False,True,False
node/717641295,17,261.2,41.8,False,True,False
node/717641335,17,261.2,41.8,False,True,False
node/717641337,17,261.2,41.8,True,False,False
node/723173231,17,261.2,41.8,True,False,False
node/723278918,17,261.2,41.8,False,True,False
node/723278937,17,261.2,41.8,False,False,True
node/723278949,17,261.2,41.8,False,False,True
node/723278960,17,261.2,41.8,False,True,False
node/726880667,17,261.2,41.8,True,False,False
node/726880696,17,261.2,41.8,True,False,False
node/726880711,17,261.2,41.8,True,True,False
node/726880721,17,261.2,41.8,False,True,False
node/726880760,17,261.2,41.8,False,False,True
node/726899485,17,261.2,41.8,False,True,False
node/726905052,17,261.2,41.8,True,False,False
node/726923443,17,261.2,41.8,False,False,True
node/726927282,17,261.2,41.8,False,True,False
node/726927283,17,261.2,41.8,False,True,False
node/727781189,17,261.2,41.8,False,False,True
node/727781213,17,261.2,41.8,True,True,False
node/727781214,17,261.2,41.8,True,True,False
node/727802743,17,261.2,41.8,True,False,False
node/727802745,17,261.2,41.8,False,False,True
node/729049314,17,261.2,41.8,False,False,True
node/729049328,17,261.2,41.8,False,True,False
node/729049334,17,261.2,41.8,True,True,False
node/729049339,17,261.2,41.8,False,True,False
node/729049346,17,261.2,41.8,False,True,False
node/729049367,17,261.2,41.8,False,True,False
node/729049373,17,261.2,41.8,False,True,False
node/729049377,17,261.2,41.8,False,True,False
node/729049383,17,261.2,41.8,False,True,False
node/729049385,17,261.2,41.8,True,True,False
node/729049388,17,261.2,41.8,False,True,False
node/729049391,17,261.2,41.8,False,True,False
node/729049395,17,261.2,41.8,False,True,False
node/729049397,17,261.2,41.8,False,True,False
node/729313995,17,261.2,41.8,False,True,False
node/729313996,17,261.2,41.8,False,True,False
node/729313999,17,261.2,41.8,False,True,False
node/729314003,17,261.2,41.8,False,True,False
node/729314006,17,261.2,41.8,False,True,False
node/729314009,17,261.2,41.8,False,True,False
node/729314010,17,261.2,41.8,True,True,False
node/729314013,17,261.2,41.8,True,True,False
node/729314014,17,261.2,41.8,False,True,False
node/729314016,17,261.2,41.8,False,True,False
node/729314017,17,261.2,41.8,False,True,False
node/729314018,17,261.2,41.8,False,True,False
node/729314022,17,261.2,41.8,False,True,False
node/729314023,17,261.2,41.8,False,True,False
node/729314024,17,261.2,41.8,False,True,False
node/729314025,17,261.2,41.8,False,True,False
node/729314026,17,261.2,41.8,False,True,False
node/729314027,17,261.2,41.8,False,True,False
node/729314028,17,261.2,41.8,False,True,False
node/729314029,17,261.2,41.8,False,True,False
node/729314030,17,261.2,41.8,True,True,False
node/729314031,17,261.2,41.8,False,True,False
node/729314034,17,261.2,41.8,False,True,False
node/729314035,17,261.2,41.8,False,True,False
node/729314036,17,261.2,41.8,False,True,False
node/729314038,17,261.2,41.8,False,True,False
node/729314039,17,261.2,41.8,False,True,False
node/729314040,17,261.2,41.8,False,False,True
node/729314041,17,261.2,41.8,False,True,False
node/729314042,17,261.2,41.8,True,True,False
node/729314043,17,261.2,41.8,False,True,False
node/729314044,17,261.2,41.8,False,False,True
node/729314045,17,261.2,41.8,False,True,False
node/729314046,17,261.2,41.8,False,True,False
node/729314047,17,261.2,41.8,True,True,False
node/729314048,17,261.2,41.8,True,True,False
node/729314050,17,261.2,41.8,False,True,False
node/729314052,17,261.2,41.8,False,True,False
node/729314064,17,261.2,41.8,False,True,False
node/729314066,17,261.2,41.8,False,False,True
node/729314068,17,261.2,41.8,True,True,False
node/729314070,17,261.2,41.8,True,True,False
node/736901117,17,261.2,41.8,True,False,False
node/736901118,17,261.2,41.8,True,True,False
node/745843278,17,261.2,41.8,False,False,True
node/745843542,17,261.2,41.8,False,False,True
node/745843545,17,261.2,41.8,False,False,True
node/745843563,17,261.2,41.8,False,False,True
node/745843569,17,261.2,41.8,False,False,True
node/745843571,17,261.2,41.8,True,False,False
node/745843576,17,261.2,41.8,False,False,True
node/745843585,17,261.2,41.8,True,False,False
node/745843596,17,261.2,41.8,False,False,True
node/745843602,17,261.2,41.8,False,False,True
node/745843611,17,261.2,41.8,False,True,False
node/745843617,17,261.2,41.8,False,True,False
node/745843620,17,261.2,41.8,False,False,True
node/745843621,17,261.2,41.8,False,True,False
node/745843639,17,261.2,41.8,False,True,False
node/745843644,17,261.2,41.8,False,False,True
node/745843650,17,261.2,41.8,False,False,True
node/745843653,17,261.2,41.8,False,False,True
node/745843668,17,261.2,41.8,False,True,False
node/745843686,17,261.2,41.8,False,True,False
node/745843689,17,261.2,41.8,False,False,True
node/745843700,17,261.2,41.8,False,False,True
node/745843718,17,261.2,41.8,False,True,False
node/745843722,17,261.2,41.8,False,True,False
node/745843747,17,261.2,41.8,False,False,True
node/745843781,17,261.2,41.8,False,True,False
node/745843793,17,261.2,41.8,False,True,False
node/745843795,17,261.2,41.8,False,True,False
node/745843804,17,261.2,41.8,True,True,False
node/745843817,17,261.2,41.8,False,False,True
node/747373723,17,261.2,41.8,False,True,False
node/749915461,17,261.2,41.8,False,False,True
node/749915469,17,261.2,41.8,False,True,False
node/749915496,17,261.2,41.8,False,True,False
node/749915501,17,261.2,41.8,False,True,False
node/776998377,17,261.2,41.8,False,False,True
node/776998421,17,261.2,41.8,False,True,False
node/776998536,17,261.2,41.8,False,True,False
node/776998611,17,261.2,41.8,False,True,False
node/776998622,17,261.2,41.8,False,True,False
node/776998653,17,261.2,41.8,True,True,False
node/776998658,17,261.2,41.8,True,True,False
node/776998702,17,261.2,41.8,True,True,False
node/776998708,17,261.2,41.8,False,True,False
node/785897777,17,261.2,41.8,False,True,False
node/785897978,17,261.2,41.8,False,True,False
node/793812415,17,261.2,41.8,True,True,False
node/886417884,17,261.2,41.8,False,True,False
node/886547417,17,261.2,41.8,False,True,False
node/886547790,17,261.2,41.8,False,True,False
node/895947217,17,261.2,41.8,False,True,False
node/935738120,17,261.2,41.8,False,True,False
node/935738124,17,261.2,41.8,False,True,False
node/935738170,17,261.2,41.8,False,True,False
node/959824618,17,261.2,41.8,False,True,False
node/959824625,17,261.2,41.8,True,False,False
node/959824630,17,261.2,41.8,False,True,False
node/959824634,17,261.2,41.8,True,True,False
node/959824649,17,261.2,41.8,False,True,False
node/959824652,17,261.2,41.8,False,True,False
node/959824653,17,261.2,41.8,True,True,False
node/959824656,17,261.2,41.8,False,True,False
node/959824657,17,261.2,41.8,False,False,True
node/959824659,17,261.2,41.8,True,False,False
node/959824660,17,261.2,41.8,False,True,False
node/959824663,17,261.2,41.8,False,True,False
node/959824666,17,261.2,41.8,True,True,False
node/959824668,17,261.2,41.8,False,True,False
node/959824671,17,261.2,41.8,True,False,False
node/981872291,17,261.2,41.8,False,True,False
node/981872301,17,261.2,41.8,False,True,False
node/981872303,17,261.2,41.8,False,True,False
node/981872304,17,261.2,41.8,False,True,False
node/982682845,17,261.2,41.8,False,False,True
node/982682846,17,261.2,41.8,False,False,True
node/982682847,17,261.2,41.8,False,True,False
node/982855592,17,261.2,41.8,False,True,False
node/983814549,17,261.2,41.8,False,True,False
node/992112751,17,261.2,41.8,False,True,False
node/992112753,17,261.2,41.8,False,True,False
node/992113410,17,261.2,41.8,False,True,False
node/994009755,17,261.2,41.8,False,True,False
node/994089720,17,261.2,41.8,True,True,False
node/994089728,17,261.2,41.8,True,True,False
node/994089735,17,261.2,41.8,False,False,True
node/994118008,17,261.2,41.8,False,False,True
node/994118017,17,261.2,41.8,False,True,False
node/994132203,17,261.2,41.8,True,False,False
node/994147890,17,261.2,41.8,True,False,False
node/994147892,17,261.2,41.8,True,True,False
node/994147895,17,261.2,41.8,True,False,False
node/994147905,17,261.2,41.8,True,False,False
node/994147907,17,261.2,41.8,False,False,True
node/994183875,17,261.2,41.8,True,False,False
node/994183913,17,261.2,41.8,True,True,False
node/994183921,17,261.2,41.8,True,False,False
node/994183929,17,261.2,41.8,True,False,False
node/996118014,17,261.2,41.8,False,True,False
node/996118054,17,261.2,41.8,False,True,False
node/996190138,17,261.2,41.8,False,True,False
node/996572168,17,261.2,41.8,False,False,True
node/996572180,17,261.2,41.8,False,False,True
node/996572322,17,261.2,41.8,False,True,False
node/997306488,17,261.2,41.8,False,False,True
node/998207278,17,261.2,41.8,False,False,True
node/998638141,17,261.2,41.8,False,True,False
node/998638179,17,261.2,41.8,False,True,False
node/998759971,17,261.2,41.8,True,False,False
node/998807645,17,261.2,41.8,False,True,False
node/998807657,17,261.2,41.8,True,True,False
node/1003229677,17,261.2,41.8,False,True,False
node/1003229681,17,261.2,41.8,False,True,False
node/1003229692,17,261.2,41.8,True,True,False
node/1003229702,17,261.2,41.8,False,True,False
node/1003229707,17,261.2,41.8,False,True,False
node/1003229715,17,261.2,41.8,False,True,False
node/1003229718,17,261.2,41.8,False,True,False
node/1003229728,17,261.2,41.8,False,True,False
node/1003229735,17,261.2,41.8,False,True,False
node/1003229737,17,261.2,41.8,False,True,False
node/1003229752,17,261.2,41.8,False,True,False
node/1003276458,17,261.2,41.8,False,True,False
node/1003276459,17,261.2,41.8,False,True,False
node/1003276463,17,261.2,41.8,True,True,False
node/1003276465,17,261.2,41.8,False,True,False
node/1003276466,17,261.2,41.8,True,True,False
node/1003276473,17,261.2,41.8,False,True,False
node/1004444450,17,261.2,41.8,False,True,False
node/1004444476,17,261.2,41.8,False,False,True
node/1004444491,17,261.2,41.8,False,True,False
node/1006057366,17,261.2,41.8,False,True,False
node/1006057367,17,261.2,41.8,False,True,False
node/1006057386,17,261.2,41.8,False,True,False
node/1006191591,17,261.2,41.8,False,False,True
node/1009311669,17,261.2,41.8,False,True,False
node/1009311749,17,261.2,41.8,True,True,False
node/1009311797,17,261.2,41.8,False,False,True
node/1009311852,17,261.2,41.8,True,False,False
node/1009311915,17,261.2,41.8,False,True,False
node/1009311952,17,261.2,41.8,False,True,False
node/1009311965,17,261.2,41.8,False,True,False
node/1009311968,17,261.2,41.8,False,False,True
node/1009312027,17,261.2,41.8,False,True,False
node/1009312067,17,261.2,41.8,False,True,False
node/1009312095,17,261.2,41.8,False,False,True
node/1009312121,17,261.2,41.8,False,False,True
node/1011790277,17,261.2,41.8,True,True,False
node/1011790316,17,261.2,41.8,True,True,False
node/1011790353,17,261.2,41.8,False,True,False
node/1011790361,17,261.2,41.8,False,True,False
node/1011790364,17,261.2,41.8,False,True,False
node/1011790393,17,261.2,41.8,False,False,True
node/1011790396,17,261.2,41.8,False,True,False
node/1011790409,17,261.2,41.8,True,False,False
node/1011790418,17,261.2,41.8,False,True,False
node/1011790481,17,261.2,41.8,False,True,False
node/1011790502,17,261.2,41.8,False,True,False
node/1018022682,17,261.2,41.8,False,False,True
node/1018022684,17,261.2,41.8,False,True,False
node/1027462220,17,261.2,41.8,True,False,False
node/1028229243,17,261.2,41.8,False,True,False
node/1028305084,17,261.2,41.8,False,False,True
node/1028305247,17,261.2,41.8,True,False,False
node/1028830776,17,261.2,41.8,False,False,True
node/1028830979,17,261.2,41.8,False,False,True
node/1030280352,17,261.2,41.8,False,True,False
node/1030280471,17,261.2,41.8,False,True,False
node/1030280474,17,261.2,41.8,False,True,False
node/1097841709,17,261.2,41.8,False,False,True
node/1097841716,17,261.2,41.8,False,True,False
node/1097841737,17,261.2,41.8,False,True,False
node/1097841741,17,261.2,41.8,False,False,True
node/1097841742,17,261.2,41.8,False,True,False
node/1097841743,17,261.2,41.8,False,True,False
node/1097841752,17,261.2,41.8,False,False,True
node/1103678784,17,261.2,41.8,False,False,True
node/1112456261,17,261.2,41.8,True,False,False
node/1119024747,17,261.2,41.8,True,True,False
node/1134256752,17,261.2,41.8,False,True,False
node/1137794310,17,261.2,41.8,True,True,False
node/1137802570,17,261.2,41.8,False,False,True
node/1137802579,17,261.2,41.8,True,False,False
node/1137818886,17,261.2,41.8,False,False,True
node/1137818887,17,261.2,41.8,False,False,True
node/1137830092,17,261.2,41.8,False,True,False
node/1137830094,17,261.2,41.8,False,False,True
node/1137830095,17,261.2,41.8,True,False,False
node/1137872245,17,261.2,41.8,False,False,True
node/1137872285,17,261.2,41.8,False,True,False
node/1137958736,17,261.2,41.8,False,True,False
node/1137973396,17,261.2,41.8,False,True,False
node/1137973399,17,261.2,41.8,False,True,False
node/1138006269,17,261.2,41.8,False,True,False
node/1138006277,17,261.2,41.8,False,False,True
node/1138036121,17,261.2,41.8,False,True,False
node/1272557317,17,261.2,41.8,True,False,False
node/1272557326,17,261.2,41.8,False,True,False
node/1272557340,17,261.2,41.8,False,True,False
node/1272557344,17,261.2,41.8,True,False,False
node/1272557365,17,261.2,41.8,False,True,False
node/1272557389,17,261.2,41.8,False,False,True
node/1272557552,17,261.2,41.8,False,True,False
node/1272557584,17,261.2,41.8,True,False,False
node/1272557592,17,261.2,41.8,False,True,False
node/1272557608,17,261.2,41.8,True,True,False
node/1272557630,17,261.2,41.8,False,True,False
node/1272557684,17,261.2,41.8,False,True,False
node/1272557722,17,261.2,41.8,False,True,False
node/1272557753,17,261.2,41.8,True,True,False
node/1272557793,17,261.2,41.8,False,True,False
node/1272557798,17,261.2,41.8,True,True,False
node/1272557812,17,261.2,41.8,False,True,False
node/1272557834,17,261.2,41.8,False,True,False
node/1273595512,17,261.2,41.8,False,True,False
node/1273595518,17,261.2,41.8,False,True,False
node/1273595527,17,261.2,41.8,False,True,False
node/1273595530,17,261.2,41.8,False,True,False
node/1273595532,17,261.2,41.8,False,True,False
node/1273595537,17,261.2,41.8,True,True,False
node/1273595542,17,261.2,41.8,False,True,False
node/1273595550,17,261.2,41.8,False,False,True
node/1273595555,17,261.2,41.8,False,True,False
node/1273633817,17,261.2,41.8,False,False,True
node/1273655589,17,261.2,41.8,False,True,False
node/1273655591,17,261.2,41.8,False,True,False
node/1273655598,17,261.2,41.8,True,True,False
node/1273665587,17,261.2,41.8,False,True,False
node/1273702741,17,261.2,41.8,False,True,False
node/1273702747,17,261.2,41.8,True,True,False
node/1273702764,17,261.2,41.8,False,True,False
node/1273702767,17,261.2,41.8,True,False,False
node/1273702784,17,261.2,41.8,False,True,False
node/1273702791,17,261.2,41.8,False,True,False
node/1273702802,17,261.2,41.8,False,True,False
node/1273736294,17,261.2,41.8,False,True,False
node/1273736296,17,261.2,41.8,False,True,False
node/1273736302,17,261.2,41.8,False,True,False
node/1273736308,17,261.2,41.8,False,True,False
node/1273742525,17,261.2,41.8,False,True,False
node/1273749690,17,261.2,41.8,True,False,False
node/1276273393,17,261.2,41.8,False,True,False
node/1276273403,17,261.2,41.8,False,True,False
node/1276273408,17,261.2,41.8,False,True,False
node/1276273411,17,261.2,41.8,False,True,False
node/1276273423,17,261.2,41.8,False,True,False
node/1276273425,17,261.2,41.8,False,True,False
node/1276320492,17,261.2,41.8,False,True,False
node/1276320582,17,261.2,41.8,False,True,False
node/1276400883,17,261.2,41.8,False,False,True
node/1276400897,17,261.2,41.8,True,True,False
node/1276400927,17,261.2,41.8,False,True,False
node/1276417089,17,261.2,41.8,False,True,False
node/1276417092,17,261.2,41.8,False,True,False
node/1276417093,17,261.2,41.8,False,True,False
node/1276478031,17,261.2,41.8,True,False,False
node/1276478077,17,261.2,41.8,False,False,True
node/1276478093,17,261.2,41.8,False,False,True
node/1276478094,17,261.2,41.8,False,True,False
node/1276478112,17,261.2,41.8,False,True,False
node/1276478121,17,261.2,41.8,False,False,True
node/1276478123,17,261.2,41.8,False,False,True
node/1276502116,17,261.2,41.8,False,False,True
node/1277721731,17,261.2,41.8,False,True,False
node/1277721734,17,261.2,41.8,False,True,False
node/1277721737,17,261.2,41.8,True,False,False
node/1277721740,17,261.2,41.8,False,True,False
node/1277721745,17,261.2,41.8,False,False,True
node/1277721746,17,261.2,41.8,False,False,True
node/1277732178,17,261.2,41.8,False,False,True
node/1277834061,17,261.2,41.8,False,False,True
node/1277834071,17,261.2,41.8,False,False,True
node/1277834092,17,261.2,41.8,False,True,False
node/1277834103,17,261.2,41.8,False,False,True
node/1277834111,17,261.2,41.8,False,True,False
node/1277834138,17,261.2,41.8,False,False,True
node/1277834152,17,261.2,41.8,False,True,False
node/1277834154,17,261.2,41.8,False,False,True
node/1277834174,17,261.2,41.8,False,False,True
node/1277834175,17,261.2,41.8,False,True,False
node/1277834225,17,261.2,41.8,False,False,True
node/1277834240,17,261.2,41.8,False,True,False
node/1277834262,17,261.2,41.8,False,False,True
node/1277834264,17,261.2,41.8,False,False,True
node/1277834274,17,261.2,41.8,False,True,False
node/1277834295,17,261.2,41.8,True,False,False
node/1277834337,17,261.2,41.8,False,False,True
node/1277834347,17,261.2,41.8,False,True,False
node/1277834368,17,261.2,41.8,False,False,True
node/1277834371,17,261.2,41.8,False,True,False
node/1277834396,17,261.2,41.8,False,True,False
node/1277834449,17,261.2,41.8,False,True,False
node/1277834452,17,261.2,41.8,True,False,False
node/1277834459,17,261.2,41.8,False,True,False
node/1277834466,17,261.2,41.8,False,True,False
node/1277834472,17,261.2,41.8,False,True,False
node/1277834492,17,261.2,41.8,True,False,False
node/1277834493,17,261.2,41.8,False,True,False
node/1277834582,17,261.2,41.8,False,False,True
node/1277834607,17,261.2,41.8,False,True,False
node/1277834618,17,261.2,41.8,False,False,True
node/1277834624,17,261.2,41.8,False,False,True
node/1277834649,17,261.2,41.8,False,False,True
node/1277834699,17,261.2,41.8,False,False,True
node/1277834725,17,261.2,41.8,False,False,True
node/1277834727,17,261.2,41.8,False,True,False
node/1279480910,17,261.2,41.8,True,False,False
node/1279480912,17,261.2,41.8,True,False,False
node/1279480916,17,261.2,41.8,False,False,True
node/1279480918,17,261.2,41.8,True,False,False
node/1279480923,17,261.2,41.8,True,False,False
node/1279480925,17,261.2,41.8,False,False,True
node/1279480929,17,261.2,41.8,False,True,False
node/1279480935,17,261.2,41.8,False,False,True
node/1279657058,17,261.2,41.8,False,True,False
node/1279675102,17,261.2,41.8,True,False,False
node/1279695348,17,261.2,41.8,True,True,False
node/1279695361,17,261.2,41.8,False,True,False
node/1279742021,17,261.2,41.8,False,False,True
node/1279742023,17,261.2,41.8,True,False,False
node/1279742024,17,261.2,41.8,True,True,False
node/1279742035,17,261.2,41.8,True,True,False
node/1279742039,17,261.2,41.8,False,True,False
node/1279742050,17,261.2,41.8,False,True,False
node/1279742054,17,261.2,41.8,False,True,False
node/1279742061,17,261.2,41.8,True,False,False
node/1279742063,17,261.2,41.8,False,True,False
node/1279742065,17,261.2,41.8,False,False,True
node/1279742073,17,261.2,41.8,False,True,False
node/1283536253,17,261.2,41.8,False,False,True
node/1283536254,17,261.2,41.8,False,False,True
node/1284581959,17,261.2,41.8,False,True,False
node/1284582060,17,261.2,41.8,False,False,True
node/1284926939,17,261.2,41.8,True,False,False
node/1284926944,17,261.2,41.8,True,True,False
node/1284926961,17,261.2,41.8,False,True,False
node/1284926963,17,261.2,41.8,True,True,False
node/1284926984,17,261.2,41.8,False,False,True
node/1284926985,17,261.2,41.8,False,False,True
node/1284926996,17,261.2,41.8,True,False,False
node/1284927009,17,261.2,41.8,False,True,False
node/1284927034,17,261.2,41.8,False,False,True
node/1284927074,17,261.2,41.8,False,True,False
node/1284927083,17,261.2,41.8,False,False,True
node/1284927093,17,261.2,41.8,False,True,False
node/1284927099,17,261.2,41.8,False,True,False
node/1284927115,17,261.2,41.8,False,True,False
node/1284927124,17,261.2,41.8,False,True,False
node/1284927131,17,261.2,41.8,False,True,False
node/1284927139,17,261.2,41.8,False,True,False
node/1286915409,17,261.2,41.8,False,True,False
node/1286915419,17,261.2,41.8,True,True,False
node/1286915421,17,261.2,41.8,True,True,False
node/1289529721,17,261.2,41.8,False,True,False
node/1289529758,17,261.2,41.8,False,True,False
node/1293986598,17,261.2,41.8,False,True,False
node/1293986601,17,261.2,41.8,False,True,False
node/1293986603,17,261.2,41.8,False,True,False
node/1294003447,17,261.2,41.8,False,False,True
node/1294003448,17,261.2,41.8,False,False,True
node/1294003450,17,261.2,41.8,False,False,True
node/1294003452,17,261.2,41.8,False,True,False
node/1294003453,17,261.2,41.8,False,True,False
node/1294003454,17,261.2,41.8,False,False,True
node/1294003461,17,261.2,41.8,False,False,True
node/1294003462,17,261.2,41.8,False,False,True
node/1295136729,17,261.2,41.8,False,True,False
node/1295150682,17,261.2,41.8,False,True,False
node/1295159013,17,261.2,41.8,False,False,True
node/1295159014,17,261.2,41.8,False,False,True
node/1295276479,17,261.2,41.8,True,True,False
node/1295312638,17,261.2,41.8,False,False,True
node/1295312640,17,261.2,41.8,False,False,True
node/1295312642,17,261.2,41.8,False,False,True
node/1295312646,17,261.2,41.8,True,False,False
node/1295312650,17,261.2,41.8,False,False,True
node/1295312655,17,261.2,41.8,False,False,True
node/1295312656,17,261.2,41.8,True,False,False
node/1295312657,17,261.2,41.8,True,False,False
node/1295343768,17,261.2,41.8,False,False,True
node/1295406453,17,261.2,41.8,True,False,False
node/1295406518,17,261.2,41.8,False,False,True
node/1295523738,17,261.2,41.8,False,True,False
node/1295523740,17,261.2,41.8,False,True,False
node/1295523743,17,261.2,41.8,False,False,True
node/1295523744,17,261.2,41.8,False,True,False
node/1295523757,17,261.2,41.8,True,False,False
node/1295523759,17,261.2,41.8,False,True,False
node/1295523760,17,261.2,41.8,False,True,False
node/1295523761,17,261.2,41.8,False,False,True
node/1295523762,17,261.2,41.8,False,True,False
node/1295523766,17,261.2,41.8,False,True,False
node/1295523767,17,261.2,41.8,False,True,False
node/1295523769,17,261.2,41.8,False,True,False
node/1295531541,17,261.2,41.8,False,False,True
node/1316610234,17,261.2,41.8,False,False,True
node/1316610236,17,261.2,41.8,False,False,True
node/1316610237,17,261.2,41.8,True,True,False
node/1316610238,17,261.2,41.8,True,False,False
node/1316610240,17,261.2,41.8,True,False,False
node/1316610242,17,261.2,41.8,False,True,False
node/1316610243,17,261.2,41.8,True,False,False
node/1316610245,17,261.2,41.8,False,False,True
node/1322862540,17,261.2,41.8,False,False,True
node/1322862545,17,261.2,41.8,False,True,False
node/1322862633,17,261.2,41.8,True,True,False
node/1322862663,17,261.2,41.8,True,True,False
node/1322862715,17,261.2,41.8,False,True,False
node/1322862749,17,261.2,41.8,False,False,True
node/1335607719,17,261.2,41.8,False,False,True
node/1335607722,17,261.2,41.8,False,True,False
node/1335607723,17,261.2,41.8,True,True,False
node/1335607726,17,261.2,41.8,False,False,True
node/1335607728,17,261.2,41.8,False,True,False
node/1335607730,17,261.2,41.8,False,False,True
node/1335607732,17,261.2,41.8,True,False,False
node/1362090001,17,261.2,41.8,False,False,True
node/1473295091,17,261.2,41.8,False,False,True
node/1473306609,17,261.2,41.8,False,True,False
node/1473306610,17,261.2,41.8,True,False,False
node/1474688192,17,261.2,41.8,False,True,False
node/1475413557,17,261.2,41.8,False,True,False
node/1475413558,17,261.2,41.8,False,True,False
node/1475413560,17,261.2,41.8,False,True,False
node/1475429792,17,261.2,41.8,False,True,False
node/1497152885,17,261.2,41.8,False,True,False
node/1497152886,17,261.2,41.8,False,True,False
node/1502802078,17,261.2,41.8,False,False,True
node/1518738714,17,261.2,41.8,False,True,False
node/1518738715,17,261.2,41.8,True,False,False
node/1518866593,17,261.2,41.8,False,True,False
node/1518866598,17,261.2,41.8,False,False,True
node/1518866601,17,261.2,41.8,False,True,False
node/1518866613,17,261.2,41.8,False,True,False
node/1518866616,17,261.2,41.8,False,False,True
node/1537450915,17,261.2,41.8,True,False,False
node/1539516740,17,261.2,41.8,False,False,True
node/1539534959,17,261.2,41.8,True,False,False
node/1539534962,17,261.2,41.8,False,False,True
node/1539534967,17,261.2,41.8,False,True,False
node/1539547355,17,261.2,41.8,False,False,True
node/1539547356,17,261.2,41.8,False,False,True
node/1539547361,17,261.2,41.8,False,False,True
node/1539562850,17,261.2,41.8,False,False,True
node/1539562852,17,261.2,41.8,False,True,False
node/1539562853,17,261.2,41.8,False,True,False
node/1539562854,17,261.2,41.8,False,True,False
node/1539583173,17,261.2,41.8,False,False,True
node/1539597590,17,261.2,41.8,False,False,True
node/1539597616,17,261.2,41.8,False,True,False
node/1539678548,17,261.2,41.8,False,False,True
node/1539678558,17,261.2,41.8,True,True,False
node/1544841003,17,261.2,41.8,False,False,True
node/1545845574,17,261.2,41.8,False,True,False
node/1545845576,17,261.2,41.8,False,False,True
node/1545845580,17,261.2,41.8,False,False,True
node/1545846262,17,261.2,41.8,False,False,True
node/1545847888,17,261.2,41.8,False,False,True
node/1545848949,17,261.2,41.8,False,False,True
node/1545849902,17,261.2,41.8,True,False,False
node/1545851487,17,261.2,41.8,False,True,False
node/1545851489,17,261.2,41.8,False,False,True
node/1545851972,17,261.2,41.8,False,False,True
node/1545852463,17,261.2,41.8,False,False,True
node/1545853114,17,261.2,41.8,False,False,True
node/1545853893,17,261.2,41.8,True,False,False
node/1546437496,17,261.2,41.8,True,True,False
node/1547068643,17,261.2,41.8,True,True,False
node/1547080406,17,261.2,41.8,False,True,False
node/1547084482,17,261.2,41.8,False,True,False
node/1547085681,17,261.2,41.8,True,True,False
node/1547090441,17,261.2,41.8,False,True,False
node/1547091135,17,261.2,41.8,True,False,False
node/1547092080,17,261.2,41.8,True,True,False
node/1547093044,17,261.2,41.8,True,False,False
node/1547094139,17,261.2,41.8,False,False,True
node/1547095073,17,261.2,41.8,False,False,True
node/1547097088,17,261.2,41.8,False,False,True
node/1547098418,17,261.2,41.8,False,False,True
node/1547099219,17,261.2,41.8,False,True,False
node/1547099890,17,261.2,41.8,False,True,False
node/1547100713,17,261.2,41.8,False,True,False
node/1547101216,17,261.2,41.8,False,False,True
node/1547101542,17,261.2,41.8,False,True,False
node/1547102325,17,261.2,41.8,False,False,True
node/1547103089,17,261.2,41.8,False,False,True
node/1547961077,17,261.2,41.8,False,True,False
node/1547961082,17,261.2,41.8,True,False,False
node/1547961083,17,261.2,41.8,False,False,True
node/1547961122,17,261.2,41.8,False,True,False
node/1547961128,17,261.2,41.8,False,False,True
node/1547961129,17,261.2,41.8,False,False,True
node/1547961130,17,261.2,41.8,True,False,False
node/1547961131,17,261.2,41.8,False,True,False
node/1547961134,17,261.2,41.8,False,False,True
node/1547961136,17,261.2,41.8,False,False,True
node/1547961140,17,261.2,41.8,False,False,True
node/1548015810,17,261.2,41.8,True,False,False
node/1548018877,17,261.2,41.8,True,False,False
node/1548019979,17,261.2,41.8,True,False,False
node/1548020871,17,261.2,41.8,True,False,False
node/1548022428,17,261.2,41.8,False,True,False
node/1548045188,17,261.2,41.8,False,False,True
node/1548046401,17,261.2,41.8,False,False,True
node/1548046768,17,261.2,41.8,False,False,True
node/1548550224,17,261.2,41.8,False,False,True
node/1557202178,17,261.2,41.8,False,True,False
node/1566286256,17,261.2,41.8,False,True,False
node/1566286258,17,261.2,41.8,False,False,True
node/1568171880,17,261.2,41.8,False,False,True
node/1568189550,17,261.2,41.8,False,True,False
node/1568189556,17,261.2,41.8,False,True,False
node/1568190839,17,261.2,41.8,False,True,False
node/1568191884,17,261.2,41.8,False,False,True
node/1596105515,17,261.2,41.8,True,False,False
node/1596105520,17,261.2,41.8,True,False,False
node/1598229853,17,261.2,41.8,False,True,False
node/1598229892,17,261.2,41.8,True,True,False
node/1614792198,17,261.2,41.8,False,False,True
node/1618961808,17,261.2,41.8,False,False,True
node/1627126724,17,261.2,41.8,True,False,False
node/1627175135,17,261.2,41.8,True,True,False
node/1627175170,17,261.2,41.8,False,False,True
node/1627175189,17,261.2,41.8,False,True,False
node/1627175192,17,261.2,41.8,False,True,False
node/1627175196,17,261.2,41.8,False,False,True
node/1627175209,17,261.2,41.8,True,False,False
node/1627175219,17,261.2,41.8,True,False,False
node/1630392450,17,261.2,41.8,True,True,False
node/1630392475,17,261.2,41.8,True,True,False
node/1630392476,17,261.2,41.8,True,True,False
node/1722078721,17,261.2,41.8,False,False,True
node/1725942660,17,261.2,41.8,True,False,False
node/1726338739,17,261.2,41.8,False,False,True
node/1741645047,17,261.2,41.8,False,True,False
node/1755319252,17,261.2,41.8,False,False,True
node/1759975493,17,261.2,41.8,False,True,False
node/1760433108,17,261.2,41.8,True,True,False
node/1772533650,17,261.2,41.8,False,True,False
node/1829091889,17,261.2,41.8,True,True,False
node/1855655660,17,261.2,41.8,True,False,False
node/1860891777,17,261.2,41.8,True,True,False
node/1860891778,17,261.2,41.8,False,False,True
node/1861526781,17,261.2,41.8,False,True,False
node/1861526787,17,261.2,41.8,False,False,True
node/1861526788,17,261.2,41.8,False,True,False
node/1861526789,17,261.2,41.8,True,True,False
node/1861554261,17,261.2,41.8,True,True,False
node/1861554267,17,261.2,41.8,False,True,False
node/1896236935,17,261.2,41.8,False,True,False
node/1918467028,17,261.2,41.8,True,True,False
node/1918467030,17,261.2,41.8,False,True,False
node/1918467032,17,261.2,41.8,True,True,False
node/1918467038,17,261.2,41.8,False,True,False
node/1918467042,17,261.2,41.8,False,True,False
node/1918467044,17,261.2,41.8,False,True,False
node/1918467045,17,261.2,41.8,True,True,False
node/1918467046,17,261.2,41.8,True,True,False
node/1918467049,17,261.2,41.8,True,True,False
node/1918467050,17,261.2,41.8,True,True,False
node/1918467051,17,261.2,41.8,False,False,True
node/1918467053,17,261.2,41.8,True,False,False
node/1918467054,17,261.2,41.8,True,True,False
node/1918467055,17,261.2,41.8,True,False,False
node/1918480815,17,261.2,41.8,False,False,True
node/1918488179,17,261.2,41.8,False,False,True
node/1918505665,17,261.2,41.8,False,False,True
node/1923996586,17,261.2,41.8,True,True,False
node/1923997018,17,261.2,41.8,False,True,False
node/1923997019,17,261.2,41.8,False,True,False
node/1923999678,17,261.2,41.8,False,True,False
node/1923999680,17,261.2,41.8,False,True,False
node/1924009113,17,261.2,41.8,False,True,False
node/1924009596,17,261.2,41.8,False,True,False
node/1924011395,17,261.2,41.8,False,True,False
node/1924011398,17,261.2,41.8,False,True,False
node/1930722216,17,261.2,41.8,False,False,True
node/1930722222,17,261.2,41.8,False,False,True
node/1930722228,17,261.2,41.8,False,False,True
node/1930730805,17,261.2,41.8,False,False,True
node/1930730808,17,261.2,41.8,False,False,True
node/1930730811,17,261.2,41.8,False,False,True
node/1932890437,17,261.2,41.8,False,False,True
node/1934423140,17,261.2,41.8,False,False,True
node/1937224299,17,261.2,41.8,True,True,False
node/1937305778,17,261.2,41.8,True,False,False
node/1937305782,17,261.2,41.8,False,False,True
node/1937305786,17,261.2,41.8,True,False,False
node/1938479893,17,261.2,41.8,False,False,True
node/1948113489,17,261.2,41.8,False,True,False
node/1953124118,17,261.2,41.8,True,True,False
node/1953124142,17,261.2,41.8,False,True,False
node/1953124146,17,261.2,41.8,True,True,False
node/1953124147,17,261.2,41.8,False,True,False
node/1965093067,17,261.2,41.8,True,False,False
node/1965093084,17,261.2,41.8,False,True,False
node/1989004811,17,261.2,41.8,False,False,True
node/1989004813,17,261.2,41.8,False,True,False
node/1989004814,17,261.2,41.8,False,True,False
node/1993694164,17,261.2,41.8,True,True,False
node/1999319832,17,261.2,41.8,False,True,False
node/1999319835,17,261.2,41.8,False,True,False
node/1999319836,17,261.2,41.8,True,False,False
node/1999319841,17,261.2,41.8,True,True,False
node/2015156309,17,261.2,41.8,False,True,False
node/2017318693,17,261.2,41.8,False,False,True
node/2017318698,17,261.2,41.8,True,False,False
node/2035541438,17,261.2,41.8,True,True,False
node/2035541439,17,261.2,41.8,False,False,True
node/2035541440,17,261.2,41.8,False,False,True
node/2051364322,17,261.2,41.8,False,False,True
node/2051364324,17,261.2,41.8,False,True,False
node/2051364325,17,261.2,41.8,True,True,False
node/2051364328,17,261.2,41.8,False,True,False
node/2055285208,17,261.2,41.8,False,True,False
node/2065192433,17,261.2,41.8,True,False,False
node/2065222332,17,261.2,41.8,True,False,False
node/2065222333,17,261.2,41.8,True,False,False
node/2065266872,17,261.2,41.8,False,True,False
node/2072182666,17,261.2,41.8,False,False,True
node/2072182667,17,261.2,41.8,False,False,True
node/2073827079,17,261.2,41.8,False,False,True
node/2073903610,17,261.2,41.8,True,True,False
node/2098398133,17,261.2,41.8,True,False,False
node/2106295907,17,261.2,41.8,False,False,True
node/2106383022,17,261.2,41.8,True,False,False
node/2106383023,17,261.2,41.8,False,True,False
node/2140750247,17,261.2,41.8,True,False,False
node/2140750248,17,261.2,41.8,False,False,True
node/2153344669,17,261.2,41.8,False,True,False
node/2153344670,17,261.2,41.8,True,False,False
node/2193287724,17,261.2,41.8,False,False,True
node/2193287727,17,261.2,41.8,False,False,True
node/2193330937,17,261.2,41.8,False,False,True
node/2195525294,17,261.2,41.8,False,False,True
node/2203322037,17,261.2,41.8,False,True,False
node/2208067335,17,261.2,41.8,False,True,False
node/2208585974,17,261.2,41.8,False,True,False
node/2208623408,17,261.2,41.8,False,False,True
node/2208630568,17,261.2,41.8,True,False,False
node/2208630571,17,261.2,41.8,False,False,True
node/2208630573,17,261.2,41.8,False,False,True
node/2208652334,17,261.2,41.8,False,True,False
node/2208662025,17,261.2,41.8,False,False,True
node/2215015137,17,261.2,41.8,False,False,True
node/2286139662,17,261.2,41.8,False,True,False
node/2286139669,17,261.2,41.8,False,True,False
node/2286139677,17,261.2,41.8,False,True,False
node/2286139682,17,261.2,41.8,False,True,False
node/2286139686,17,261.2,41.8,True,True,False
node/2286139690,17,261.2,41.8,False,False,True
node/2286139693,17,261.2,41.8,False,False,True
node/2286139702,17,261.2,41.8,False,True,False
node/2286139705,17,261.2,41.8,False,True,False
node/2286139707,17,261.2,41.8,False,True,False
node/2286139708,17,261.2,41.8,False,False,True
node/2286177771,17,261.2,41.8,True,True,False
node/2286177772,17,261.2,41.8,False,True,False
node/2294678465,17,261.2,41.8,False,True,False
node/2294678470,17,261.2,41.8,True,True,False
node/2294693273,17,261.2,41.8,False,True,False
node/2294693275,17,261.2,41.8,False,True,False
node/2294693276,17,261.2,41.8,False,True,False
node/2294693277,17,261.2,41.8,True,False,False
node/2294701897,17,261.2,41.8,False,True,False
node/2294701898,17,261.2,41.8,True,False,False
node/2296408188,17,261.2,41.8,True,False,False
node/2296408198,17,261.2,41.8,False,True,False
node/2296408226,17,261.2,41.8,False,True,False
node/2296423208,17,261.2,41.8,False,True,False
node/2296423210,17,261.2,41.8,False,True,False
node/2296423211,17,261.2,41.8,False,True,False
node/2301075384,17,261.2,41.8,False,False,True
node/2317639999,17,261.2,41.8,False,True,False
node/2329193234,17,261.2,41.8,False,True,False
node/2353678188,17,261.2,41.8,False,True,False
node/2353678191,17,261.2,41.8,False,True,False
node/2360434224,17,261.2,41.8,False,False,True
node/2363249181,17,261.2,41.8,False,True,False
node/2363249195,17,261.2,41.8,False,True,False
node/2363249210,17,261.2,41.8,False,True,False
node/2395077524,17,261.2,41.8,False,True,False
node/2400614076,17,261.2,41.8,True,False,False
node/2403785852,17,261.2,41.8,False,True,False
node/2403785857,17,261.2,41.8,False,True,False
node/2403785859,17,261.2,41.8,False,True,False
node/2404020692,17,261.2,41.8,True,True,False
node/2404101218,17,261.2,41.8,False,True,False
node/2406983946,17,261.2,41.8,False,False,True
node/2411169383,17,261.2,41.8,False,True,False
node/2411169384,17,261.2,41.8,True,True,False
node/2411184701,17,261.2,41.8,False,True,False
node/2411184721,17,261.2,41.8,False,True,False
node/2411481251,17,261.2,41.8,False,True,False
node/2411481253,17,261.2,41.8,False,True,False
node/2411513132,17,261.2,41.8,True,True,False
node/2415182284,17,261.2,41.8,False,True,False
node/2415182285,17,261.2,41.8,False,True,False
node/2419304189,17,261.2,41.8,False,False,True
node/2419311329,17,261.2,41.8,False,False,True
node/2420264565,17,261.2,41.8,True,False,False
node/2420779243,17,261.2,41.8,False,False,True
node/2425602959,17,261.2,41.8,False,False,True
node/2425602960,17,261.2,41.8,False,True,False
node/2430052872,17,261.2,41.8,False,True,False
node/2430052878,17,261.2,41.8,False,False,True
node/2430052881,17,261.2,41.8,False,False,True
node/2430052891,17,261.2,41.8,False,False,True
node/2430094940,17,261.2,41.8,False,True,False
node/2430094942,17,261.2,41.8,False,True,False
node/2430094943,17,261.2,41.8,False,False,True
node/2430107030,17,261.2,41.8,True,True,False
node/2430107032,17,261.2,41.8,False,False,True
node/2430118086,17,261.2,41.8,False,False,True
node/2430118089,17,261.2,41.8,True,False,False
node/2446591586,17,261.2,41.8,False,True,False
node/2446591590,17,261.2,41.8,False,True,False
node/2454003720,17,261.2,41.8,False,False,True
node/2454367769,17,261.2,41.8,True,True,False
node/2461220917,17,261.2,41.8,True,True,False
node/2471413129,17,261.2,41.8,False,True,False
node/2471413139,17,261.2,41.8,True,True,False
node/2471413159,17,261.2,41.8,True,True,False
node/2476362894,17,261.2,41.8,False,True,False
node/2477037398,17,261.2,41.8,False,False,True
node/2477037400,17,261.2,41.8,False,True,False
node/2477037401,17,261.2,41.8,True,False,False
node/2477037402,17,261.2,41.8,False,True,False
node/2477037403,17,261.2,41.8,False,False,True
node/2477060423,17,261.2,41.8,True,True,False
node/2477060431,17,261.2,41.8,True,True,False
node/2480091091,17,261.2,41.8,False,True,False
node/2480091096,17,261.2,41.8,False,False,True
node/2485511088,17,261.2,41.8,True,False,False
node/2486627817,17,261.2,41.8,False,True,False
node/2486627825,17,261.2,41.8,False,True,False
node/2486694059,17,261.2,41.8,True,True,False
node/2493833605,17,261.2,41.8,True,True,False
node/2501698688,17,261.2,41.8,True,True,False
node/2505950544,17,261.2,41.8,True,True,False
node/2505950560,17,261.2,41.8,True,True,False
node/2506015556,17,261.2,41.8,False,False,True
node/2512698134,17,261.2,41.8,False,False,True
node/2512698333,17,261.2,41.8,False,False,True
node/2514370015,17,261.2,41.8,False,True,False
node/2514370016,17,261.2,41.8,False,True,False
node/2514370020,17,261.2,41.8,False,True,False
node/2514370021,17,261.2,41.8,False,True,False
node/2514370024,17,261.2,41.8,False,True,False
node/2514370025,17,261.2,41.8,False,True,False
node/2514370028,17,261.2,41.8,False,True,False
node/2514370029,17,261.2,41.8,False,True,False
node/2514370031,17,261.2,41.8,False,True,False
node/2514370033,17,261.2,41.8,False,True,False
node/2514370034,17,261.2,41.8,False,True,False
node/2514370036,17,261.2,41.8,False,True,False
node/2518949173,17,261.2,41.8,False,False,True
node/2519017877,17,261.2,41.8,False,False,True
node/2529130118,17,261.2,41.8,False,False,True
node/2529588241,17,261.2,41.8,False,True,False
node/2529588265,17,261.2,41.8,False,True,False
node/2529588297,17,261.2,41.8,True,True,False
node/2529853669,17,261.2,41.8,False,True,False
node/2535325123,17,261.2,41.8,False,True,False
node/2535325127,17,261.2,41.8,False,True,False
node/2535381184,17,261.2,41.8,True,True,False
node/2535381201,17,261.2,41.8,True,False,False
node/2543430048,17,261.2,41.8,True,True,False
node/2544824842,17,261.2,41.8,False,False,True
node/2548806283,17,261.2,41.8,False,True,False
node/2548806285,17,261.2,41.8,False,True,False
node/2548820055,17,261.2,41.8,False,True,False
node/2548820056,17,261.2,41.8,False,False,True
node/2548832867,17,261.2,41.8,False,True,False
node/2550239720,17,261.2,41.8,True,True,False
node/2550350554,17,261.2,41.8,True,True,False
node/2550350560,17,261.2,41.8,True,True,False
node/2550363775,17,261.2,41.8,False,False,True
node/2550369646,17,261.2,41.8,True,True,False
node/2550369647,17,261.2,41.8,False,True,False
node/2550371587,17,261.2,41.8,False,False,True
node/2552386604,17,261.2,41.8,True,False,False
node/2552386606,17,261.2,41.8,False,True,False
node/2552386607,17,261.2,41.8,False,True,False
node/2552386608,17,261.2,41.8,True,False,False
node/2552386611,17,261.2,41.8,True,False,False
node/2552386613,17,261.2,41.8,False,False,True
node/2552386615,17,261.2,41.8,False,False,True
node/2552386617,17,261.2,41.8,False,True,False
node/2552386620,17,261.2,41.8,False,True,False
node/2552386621,17,261.2,41.8,False,True,False
node/2552386623,17,261.2,41.8,False,True,False
node/2552397560,17,261.2,41.8,False,True,False
node/2552397569,17,261.2,41.8,True,True,False
node/2552397579,17,261.2,41.8,False,True,False
node/2557705900,17,261.2,41.8,False,True,False
node/2557705901,17,261.2,41.8,False,True,False
node/2557705902,17,261.2,41.8,False,False,True
node/2558370099,17,261.2,41.8,False,True,False
node/2558385819,17,261.2,41.8,False,True,False
node/2559088012,17,261.2,41.8,False,False,True
node/2562158864,17,261.2,41.8,True,True,False
node/2564409414,17,261.2,41.8,False,False,True
node/2564423006,17,261.2,41.8,False,False,True
node/2564432541,17,261.2,41.8,False,True,False
node/2564448047,17,261.2,41.8,False,True,False
node/2564448048,17,261.2,41.8,False,True,False
node/2564448049,17,261.2,41.8,True,True,False
node/2564795419,17,261.2,41.8,False,False,True
node/2566152661,17,261.2,41.8,False,True,False
node/2566152663,17,261.2,41.8,True,False,False
node/2566152665,17,261.2,41.8,False,True,False
node/2566152668,17,261.2,41.8,False,False,True
node/2566656677,17,261.2,41.8,True,False,False
node/2566656687,17,261.2,41.8,False,True,False
node/2568950459,17,261.2,41.8,False,True,False
node/2569777539,17,261.2,41.8,False,False,True
node/2569917218,17,261.2,41.8,False,False,True
node/2570294500,17,261.2,41.8,False,True,False
node/2575832359,17,261.2,41.8,False,False,True
node/2606330407,17,261.2,41.8,True,True,False
node/2606331448,17,261.2,41.8,False,True,False
node/2606331546,17,261.2,41.8,False,True,False
node/2608051029,17,261.2,41.8,False,True,False
node/2608091514,17,261.2,41.8,False,False,True
node/2608634440,17,261.2,41.8,True,True,False
node/2609195844,17,261.2,41.8,False,False,True
node/2609222331,17,261.2,41.8,False,True,False
node/2609222332,17,261.2,41.8,False,True,False
node/2609222333,17,261.2,41.8,False,False,True
node/2609222334,17,261.2,41.8,True,True,False
node/2609224353,17,261.2,41.8,False,True,False
node/2609227364,17,261.2,41.8,False,False,True
node/2609227365,17,261.2,41.8,False,False,True
node/2609244196,17,261.2,41.8,True,False,False
node/2609287291,17,261.2,41.8,False,False,True
node/2609287292,17,261.2,41.8,False,True,False
node/2609287293,17,261.2,41.8,False,True,False
node/2609287294,17,261.2,41.8,False,False,True
node/2609287295,17,261.2,41.8,True,True,False
node/2609287297,17,261.2,41.8,False,True,False
node/2609287298,17,261.2,41.8,False,True,False
node/2609287300,17,261.2,41.8,False,True,False
node/2609319753,17,261.2,41.8,False,False,True
node/2609456195,17,261.2,41.8,True,True,False
node/2609456203,17,261.2,41.8,False,False,True
node/2610182511,17,261.2,41.8,False,False,True
node/2610487133,17,261.2,41.8,False,True,False
node/2610487134,17,261.2,41.8,False,True,False
node/2610487135,17,261.2,41.8,False,False,True
node/2610487136,17,261.2,41.8,False,False,True
node/2610487137,17,261.2,41.8,True,True,False
node/2610487138,17,261.2,41.8,True,True,False
node/2610487140,17,261.2,41.8,False,True,False
node/2610487141,17,261.2,41.8,True,False,False
node/2610487142,17,261.2,41.8,False,False,True
node/2610487143,17,261.2,41.8,False,False,True
node/2610487144,17,261.2,41.8,False,False,True
node/2610487145,17,261.2,41.8,False,True,False
node/2610487146,17,261.2,41.8,False,True,False
node/2610487147,17,261.2,41.8,False,True,False
node/2610487149,17,261.2,41.8,True,True,False
node/2610487151,17,261.2,41.8,False,True,False
node/2610487152,17,261.2,41.8,False,False,True
node/2613161145,17,261.2,41.8,False,True,False
node/2613161147,17,261.2,41.8,False,True,False
node/2613168362,17,261.2,41.8,False,False,True
node/2613168363,17,261.2,41.8,False,False,True
node/2613168365,17,261.2,41.8,True,True,False
node/2613168366,17,261.2,41.8,False,True,False
node/2613168367,17,261.2,41.8,True,True,False
node/2613183476,17,261.2,41.8,False,False,True
node/2613183477,17,261.2,41.8,False,False,True
node/2613183478,17,261.2,41.8,True,False,False
node/2613183479,17,261.2,41.8,True,True,False
node/2613183480,17,261.2,41.8,False,False,True
node/2613183481,17,261.2,41.8,False,False,True
node/2613229354,17,261.2,41.8,False,True,False
node/2613236650,17,261.2,41.8,False,True,False
node/2613247651,17,261.2,41.8,False,True,False
node/2613254699,17,261.2,41.8,True,True,False
node/2616310814,17,261.2,41.8,False,False,True
node/2616310815,17,261.2,41.8,False,True,False
node/2616310816,17,261.2,41.8,False,True,False
node/2616310817,17,261.2,41.8,False,True,False
node/2616310818,17,261.2,41.8,False,True,False
node/2616310820,17,261.2,41.8,True,True,False
node/2616310821,17,261.2,41.8,False,False,True
node/2616310822,17,261.2,41.8,False,True,False
node/2616310823,17,261.2,41.8,True,True,False
node/2616310828,17,261.2,41.8,False,False,True
node/2616310833,17,261.2,41.8,False,False,True
node/2616310837,17,261.2,41.8,False,False,True
node/2616331666,17,261.2,41.8,False,False,True
node/2616331667,17,261.2,41.8,False,True,False
node/2616331669,17,261.2,41.8,False,False,True
node/2616331670,17,261.2,41.8,True,True,False
node/2616331671,17,261.2,41.8,False,False,True
node/2616331672,17,261.2,41.8,False,True,False
node/2616331673,17,261.2,41.8,True,True,False
node/2616331674,17,261.2,41.8,False,True,False
node/2616331676,17,261.2,41.8,False,True,False
node/2616331677,17,261.2,41.8,False,True,False
node/2616331678,17,261.2,41.8,True,False,False
node/2616331679,17,261.2,41.8,True,False,False
node/2616331680,17,261.2,41.8,False,True,False
node/2616331681,17,261.2,41.8,True,False,False
node/2616339079,17,261.2,41.8,True,False,False
node/2616339081,17,261.2,41.8,False,False,True
node/2617569033,17,261.2,41.8,False,False,True
node/2617569034,17,261.2,41.8,False,True,False
node/2617575259,17,261.2,41.8,False,False,True
node/2617575260,17,261.2,41.8,False,True,False
node/2617880174,17,261.2,41.8,True,False,False
node/2617880183,17,261.2,41.8,False,True,False
node/2617880190,17,261.2,41.8,True,False,False
node/2617880197,17,261.2,41.8,True,True,False
node/2617880202,17,261.2,41.8,True,True,False
node/2617892086,17,261.2,41.8,True,True,False
node/2617892095,17,261.2,41.8,False,True,False
node/2617892104,17,261.2,41.8,False,True,False
node/2617892112,17,261.2,41.8,True,False,False
node/2617892121,17,261.2,41.8,True,False,False
node/2617892128,17,261.2,41.8,True,True,False
node/2617892136,17,261.2,41.8,True,False,False
node/2617892144,17,261.2,41.8,False,True,False
node/2617895513,17,261.2,41.8,True,True,False
node/2617895518,17,261.2,41.8,False,False,True
node/2617953959,17,261.2,41.8,False,True,False
node/2624837103,17,261.2,41.8,True,False,False
node/2624837110,17,261.2,41.8,True,False,False
node/2625780869,17,261.2,41.8,False,False,True
node/2625780870,17,261.2,41.8,False,False,True
node/2625780872,17,261.2,41.8,False,True,False
node/2625780873,17,261.2,41.8,False,False,True
node/2625780874,17,261.2,41.8,True,False,False
node/2625780876,17,261.2,41.8,False,False,True
node/2625780877,17,261.2,41.8,True,True,False
node/2625780878,17,261.2,41.8,True,False,False
node/2625785828,17,261.2,41.8,False,False,True
node/2625785833,17,261.2,41.8,False,False,True
node/2625785837,17,261.2,41.8,False,False,True
node/2625785842,17,261.2,41.8,False,False,True
node/2625785846,17,261.2,41.8,False,False,True
node/2625785850,17,261.2,41.8,False,True,False
node/2625786658,17,261.2,41.8,False,False,True
node/2625786659,17,261.2,41.8,False,True,False
node/2625787776,17,261.2,41.8,True,False,False
node/2625787777,17,261.2,41.8,False,True,False
node/2627188431,17,261.2,41.8,False,True,False
node/2627201344,17,261.2,41.8,False,True,False
node/2627201353,17,261.2,41.8,True,True,False
node/2631032334,17,261.2,41.8,False,False,True
node/2631032335,17,261.2,41.8,False,False,True
node/2631039385,17,261.2,41.8,True,False,False
node/2631039386,17,261.2,41.8,False,True,False
node/2631039387,17,261.2,41.8,False,True,False
node/2631039388,17,261.2,41.8,False,True,False
node/2631039389,17,261.2,41.8,False,True,False
node/2631039393,17,261.2,41.8,False,False,True
node/2631527781,17,261.2,41.8,False,True,False
node/2631756552,17,261.2,41.8,False,True,False
node/2631756553,17,261.2,41.8,False,False,True
node/2631756554,17,261.2,41.8,False,True,False
node/2631756555,17,261.2,41.8,False,False,True
node/2632468940,17,261.2,41.8,False,True,False
node/2632468948,17,261.2,41.8,False,False,True
node/2632468954,17,261.2,41.8,False,False,True
node/2632516492,17,261.2,41.8,False,False,True
node/2632516497,17,261.2,41.8,False,False,True
node/2632516502,17,261.2,41.8,False,False,True
node/2632516503,17,261.2,41.8,False,True,False
node/2632516505,17,261.2,41.8,False,True,False
node/2632516506,17,261.2,41.8,False,False,True
node/2632516507,17,261.2,41.8,False,False,True
node/2632516508,17,261.2,41.8,False,False,True
node/2632516511,17,261.2,41.8,False,True,False
node/2632516512,17,261.2,41.8,False,False,True
node/2632516514,17,261.2,41.8,False,False,True
node/2632516522,17,261.2,41.8,False,True,False
node/2632527072,17,261.2,41.8,True,False,False
node/2632527073,17,261.2,41.8,False,False,True
node/2632527074,17,261.2,41.8,False,True,False
node/2632527077,17,261.2,41.8,False,False,True
node/2632527082,17,261.2,41.8,False,True,False
node/2632554931,17,261.2,41.8,False,True,False
node/2632554938,17,261.2,41.8,True,True,False
node/2632554943,17,261.2,41.8,False,False,True
node/2632554948,17,261.2,41.8,False,True,False
node/2633469511,17,261.2,41.8,False,True,False
node/2633469513,17,261.2,41.8,False,True,False
node/2633469514,17,261.2,41.8,False,True,False
node/2633484153,17,261.2,41.8,False,False,True
node/2633484154,17,261.2,41.8,False,True,False
node/2633484156,17,261.2,41.8,False,True,False
node/2633484160,17,261.2,41.8,False,True,False
node/2633484163,17,261.2,41.8,False,True,False
node/2633488031,17,261.2,41.8,True,True,False
node/2633488032,17,261.2,41.8,False,True,False
node/2633488034,17,261.2,41.8,False,True,False
node/2633488035,17,261.2,41.8,False,True,False
node/2633489850,17,261.2,41.8,False,True,False
node/2633499506,17,261.2,41.8,False,True,False
node/2633499507,17,261.2,41.8,False,True,False
node/2633501124,17,261.2,41.8,False,True,False
node/2633501125,17,261.2,41.8,False,True,False
node/2633501126,17,261.2,41.8,False,False,True
node/2633502957,17,261.2,41.8,True,False,False
node/2634028279,17,261.2,41.8,False,True,False
node/2634028999,17,261.2,41.8,True,False,False
node/2634029628,17,261.2,41.8,False,False,True
node/2634030510,17,261.2,41.8,True,False,False
node/2634032303,17,261.2,41.8,True,True,False
node/2634035179,17,261.2,41.8,True,False,False
node/2634036911,17,261.2,41.8,False,False,True
node/2634039227,17,261.2,41.8,False,True,False
node/2634039972,17,261.2,41.8,False,True,False
node/2634040663,17,261.2,41.8,False,True,False
node/2634041075,17,261.2,41.8,False,True,False
node/2634042268,17,261.2,41.8,False,False,True
node/2634043774,17,261.2,41.8,False,False,True
node/2634844753,17,261.2,41.8,True,False,False
node/2634846075,17,261.2,41.8,False,True,False
node/2634847265,17,261.2,41.8,False,True,False
node/2634848724,17,261.2,41.8,True,False,False
node/2634850212,17,261.2,41.8,True,True,False
node/2634851336,17,261.2,41.8,True,True,False
node/2634852908,17,261.2,41.8,True,True,False
node/2634854438,17,261.2,41.8,False,True,False
node/2634855102,17,261.2,41.8,False,True,False
node/2634859534,17,261.2,41.8,False,True,False
node/2634862903,17,261.2,41.8,False,True,False
node/2634862904,17,261.2,41.8,False,True,False
node/2634862908,17,261.2,41.8,False,True,False
node/2634865385,17,261.2,41.8,False,True,False
node/2634866389,17,261.2,41.8,False,True,False
node/2634866390,17,261.2,41.8,False,True,False
node/2634867851,17,261.2,41.8,False,False,True
node/2634897688,17,261.2,41.8,False,False,True
node/2635330493,17,261.2,41.8,True,True,False
node/2639687114,17,261.2,41.8,False,False,True
node/2639688189,17,261.2,41.8,False,False,True
node/2639689855,17,261.2,41.8,False,True,False
node/2639692427,17,261.2,41.8,False,False,True
node/2639692432,17,261.2,41.8,False,True,False
node/2639692436,17,261.2,41.8,False,True,False
node/2639696198,17,261.2,41.8,False,True,False
node/2639699090,17,261.2,41.8,False,True,False
node/2639699364,17,261.2,41.8,False,True,False
node/2639702342,17,261.2,41.8,False,False,True
node/2639702343,17,261.2,41.8,False,True,False
node/2639703129,17,261.2,41.8,False,False,True
node/2639704177,17,261.2,41.8,False,False,True
node/2639708393,17,261.2,41.8,True,True,False
node/2639746328,17,261.2,41.8,True,False,False
node/2639749378,17,261.2,41.8,True,True,False
node/2639749379,17,261.2,41.8,False,False,True
node/2639749380,17,261.2,41.8,False,True,False
node/2639751837,17,261.2,41.8,False,False,True
node/2639752285,17,261.2,41.8,False,True,False
node/2639752932,17,261.2,41.8,False,True,False
node/2639753753,17,261.2,41.8,False,True,False
node/2639754519,17,261.2,41.8,False,False,True
node/2639757139,17,261.2,41.8,True,False,False
node/2639758109,17,261.2,41.8,True,False,False
node/2639758492,17,261.2,41.8,False,True,False
node/2639759479,17,261.2,41.8,False,True,False
node/2639762351,17,261.2,41.8,True,False,False
node/2645436023,17,261.2,41.8,True,True,False
node/2651683562,17,261.2,41.8,False,True,False
node/2651683563,17,261.2,41.8,False,True,False
node/2651684228,17,261.2,41.8,False,False,True
node/2651685650,17,261.2,41.8,False,False,True
node/2651685974,17,261.2,41.8,False,False,True
node/2651687847,17,261.2,41.8,True,False,False
node/2651688413,17,261.2,41.8,False,False,True
node/2651690853,17,261.2,41.8,False,False,True
node/2651716329,17,261.2,41.8,False,True,False
node/2651717273,17,261.2,41.8,False,True,False
node/2651719576,17,261.2,41.8,True,False,False
node/2651722607,17,261.2,41.8,False,True,False
node/2651722630,17,261.2,41.8,False,True,False
node/2651723071,17,261.2,41.8,False,True,False
node/2651723072,17,261.2,41.8,False,True,False
node/2651723433,17,261.2,41.8,True,False,False
node/2651750041,17,261.2,41.8,False,True,False
node/2651750042,17,261.2,41.8,True,True,False
node/2651751914,17,261.2,41.8,False,True,False
node/2651754334,17,261.2,41.8,False,True,False
node/2651754685,17,261.2,41.8,False,True,False
node/2651759822,17,261.2,41.8,False,False,True
node/2651759844,17,261.2,41.8,True,True,False
node/2651759850,17,261.2,41.8,False,True,False
node/2651764637,17,261.2,41.8,True,True,False
node/2651765054,17,261.2,41.8,False,True,False
node/2651767002,17,261.2,41.8,True,True,False
node/2651767007,17,261.2,41.8,True,False,False
node/2651768359,17,261.2,41.8,True,False,False
node/2651769006,17,261.2,41.8,False,True,False
node/2653803192,17,261.2,41.8,False,True,False
node/2653804621,17,261.2,41.8,False,True,False
node/2653813817,17,261.2,41.8,True,True,False
node/2653813818,17,261.2,41.8,False,True,False
node/2653814460,17,261.2,41.8,False,True,False
node/2653824863,17,261.2,41.8,False,True,False
node/2653825749,17,261.2,41.8,True,False,False
node/2653863599,17,261.2,41.8,False,True,False
node/2653869319,17,261.2,41.8,True,False,False
node/2653871049,17,261.2,41.8,True,False,False
node/2653871625,17,261.2,41.8,False,True,False
node/2653887470,17,261.2,41.8,False,True,False
node/2655759127,17,261.2,41.8,False,True,False
node/2655760267,17,261.2,41.8,False,True,False
node/2655760270,17,261.2,41.8,False,True,False
node/2655761685,17,261.2,41.8,True,False,False
node/2655761841,17,261.2,41.8,False,True,False
node/2655763313,17,261.2,41.8,False,False,True
node/2655765534,17,261.2,41.8,False,True,False
node/2655767049,17,261.2,41.8,False,False,True
node/2655767050,17,261.2,41.8,False,False,True
node/2655767105,17,261.2,41.8,False,False,True
node/2655767410,17,261.2,41.8,False,True,False
node/2655768678,17,261.2,41.8,False,False,True
node/2655784984,17,261.2,41.8,False,True,False
node/2655784985,17,261.2,41.8,False,False,True
node/2655784986,17,261.2,41.8,True,False,False
node/2655784987,17,261.2,41.8,True,True,False
node/2655784988,17,261.2,41.8,True,False,False
node/2655787647,17,261.2,41.8,False,True,False
node/2655787658,17,261.2,41.8,True,True,False
node/2655787670,17,261.2,41.8,False,False,True
node/2655790968,17,261.2,41.8,True,True,False
node/2655790976,17,261.2,41.8,True,False,False
node/2655791330,17,261.2,41.8,True,False,False
node/2655813144,17,261.2,41.8,True,False,False
node/2655814103,17,261.2,41.8,True,False,False
node/2655814108,17,261.2,41.8,True,False,False
node/2655815607,17,261.2,41.8,False,False,True
node/2655815608,17,261.2,41.8,False,True,False
node/2655817999,17,261.2,41.8,False,True,False
node/2655819182,17,261.2,41.8,False,True,False
node/2655819183,17,261.2,41.8,False,True,False
node/2655819671,17,261.2,41.8,True,True,False
node/2655820401,17,261.2,41.8,False,False,True
node/2655820410,17,261.2,41.8,False,True,False
node/2655823568,17,261.2,41.8,True,False,False
node/2655827135,17,261.2,41.8,False,False,True
node/2655827824,17,261.2,41.8,False,False,True
node/2655827825,17,261.2,41.8,True,False,False
node/2655827826,17,261.2,41.8,True,True,False
node/2655827842,17,261.2,41.8,False,False,True
node/2655829297,17,261.2,41.8,False,False,True
node/2655829298,17,261.2,41.8,False,True,False
node/2655830447,17,261.2,41.8,False,True,False
node/2655830455,17,261.2,41.8,False,True,False
node/2655835417,17,261.2,41.8,False,True,False
node/2655836478,17,261.2,41.8,True,False,False
node/2659231278,17,261.2,41.8,False,True,False
node/2659360764,17,261.2,41.8,True,True,False
node/2659362311,17,261.2,41.8,False,True,False
node/2662811502,17,261.2,41.8,True,True,False
node/2662815867,17,261.2,41.8,False,True,False
node/2662818263,17,261.2,41.8,False,True,False
node/2662820234,17,261.2,41.8,False,True,False
node/2662820621,17,261.2,41.8,False,True,False
node/2662828661,17,261.2,41.8,False,True,False
node/2662838180,17,261.2,41.8,False,True,False
node/2662840694,17,261.2,41.8,False,False,True
node/2662843884,17,261.2,41.8,False,False,True
node/2662847374,17,261.2,41.8,False,True,False
node/2662849222,17,261.2,41.8,False,True,False
node/2664120596,17,261.2,41.8,False,True,False
node/2664120877,17,261.2,41.8,False,True,False
node/2664137046,17,261.2,41.8,False,True,False
node/2664152347,17,261.2,41.8,False,True,False
node/2664153098,17,261.2,41.8,False,True,False
node/2664153220,17,261.2,41.8,False,True,False
node/2665597586,17,261.2,41.8,True,False,False
node/2665599980,17,261.2,41.8,True,True,False
node/2665610047,17,261.2,41.8,False,False,True
node/2665611536,17,261.2,41.8,False,False,True
node/2665612322,17,261.2,41.8,False,True,False
node/2665617638,17,261.2,41.8,False,True,False
node/2665624752,17,261.2,41.8,False,True,False
node/2665628422,17,261.2,41.8,False,True,False
node/2665629447,17,261.2,41.8,False,True,False
node/2665657134,17,261.2,41.8,True,True,False
node/2665661664,17,261.2,41.8,False,True,False
node/2665720151,17,261.2,41.8,False,False,True
node/2665721436,17,261.2,41.8,False,True,False
node/2665729560,17,261.2,41.8,False,True,False
node/2665782703,17,261.2,41.8,False,False,True
node/2665785610,17,261.2,41.8,False,True,False
node/2665788104,17,261.2,41.8,False,False,True
node/2665789145,17,261.2,41.8,False,False,True
node/2666147343,17,261.2,41.8,False,True,False
node/2666935033,17,261.2,41.8,True,False,False
node/2667005368,17,261.2,41.8,False,False,True
node/2667005369,17,261.2,41.8,False,False,True
node/2667005370,17,261.2,41.8,True,False,False
node/2668421266,17,261.2,41.8,False,True,False
node/2668421267,17,261.2,41.8,False,True,False
node/2668424488,17,261.2,41.8,False,True,False
node/2668430722,17,261.2,41.8,False,True,False
node/2668430728,17,261.2,41.8,False,True,False
node/2668452933,17,261.2,41.8,True,True,False
node/2668452935,17,261.2,41.8,False,True,False
node/2668455763,17,261.2,41.8,True,True,False
node/2668467396,17,261.2,41.8,False,False,True
node/2668505483,17,261.2,41.8,False,True,False
node/2668517864,17,261.2,41.8,True,True,False
node/2668517874,17,261.2,41.8,True,True,False
node/2668517881,17,261.2,41.8,True,True,False
node/2668517891,17,261.2,41.8,True,True,False
node/2707129442,17,261.2,41.8,True,False,False
node/2707129452,17,261.2,41.8,True,True,False
node/2707204585,17,261.2,41.8,True,False,False
node/2707210897,17,261.2,41.8,False,True,False
node/2707212224,17,261.2,41.8,True,False,False
node/2707223596,17,261.2,41.8,True,False,False
node/2707224402,17,261.2,41.8,False,False,True
node/2711706935,17,261.2,41.8,False,False,True
node/2762341491,17,261.2,41.8,False,False,True
node/2810719946,17,261.2,41.8,False,True,False
node/2820769012,17,261.2,41.8,False,True,False
node/2856773444,17,261.2,41.8,True,True,False
node/2856773445,17,261.2,41.8,False,True,False
node/2859842830,17,261.2,41.8,False,True,False
node/2859872048,17,261.2,41.8,False,False,True
node/2859878218,17,261.2,41.8,False,False,True
node/2859881743,17,261.2,41.8,True,True,False
node/2859881744,17,261.2,41.8,False,True,False
node/2859881745,17,261.2,41.8,True,True,False
node/2859883816,17,261.2,41.8,True,True,False
node/2859889328,17,261.2,41.8,True,False,False
node/2859891239,17,261.2,41.8,True,False,False
node/2859894501,17,261.2,41.8,True,False,False
node/2859906856,17,261.2,41.8,True,True,False
node/2859912035,17,261.2,41.8,True,False,False
node/2859912153,17,261.2,41.8,True,True,False
node/2860037788,17,261.2,41.8,True,True,False
node/2860037790,17,261.2,41.8,False,True,False
node/2860061583,17,261.2,41.8,False,True,False
node/2860061584,17,261.2,41.8,False,False,True
node/2860065379,17,261.2,41.8,False,False,True
node/2860065380,17,261.2,41.8,False,False,True
node/2860065381,17,261.2,41.8,False,False,True
node/2860065382,17,261.2,41.8,False,True,False
node/2860066520,17,261.2,41.8,False,False,True
node/2862131629,17,261.2,41.8,False,True,False
node/2862183667,17,261.2,41.8,True,True,False
node/2862183668,17,261.2,41.8,True,False,False
node/2862207916,17,261.2,41.8,False,False,True
node/2862282747,17,261.2,41.8,False,False,True
node/2868399805,17,261.2,41.8,False,True,False
node/2868407742,17,261.2,41.8,False,True,False
node/2868407743,17,261.2,41.8,False,True,False
node/2870175902,17,261.2,41.8,False,True,False
node/2870175903,17,261.2,41.8,False,False,True
node/2870196120,17,261.2,41.8,False,True,False
node/2886845058,17,261.2,41.8,False,True,False
node/2886845060,17,261.2,41.8,False,False,True
node/2886903239,17,261.2,41.8,False,True,False
node/2886907973,17,261.2,41.8,True,True,False
node/2886907974,17,261.2,41.8,False,True,False
node/2886907975,17,261.2,41.8,False,True,False
node/2886925986,17,261.2,41.8,True,False,False
node/2886956717,17,261.2,41.8,False,False,True
node/2887017262,17,261.2,41.8,False,True,False
node/2887079094,17,261.2,41.8,False,False,True
node/2887079666,17,261.2,41.8,False,False,True
node/2887383937,17,261.2,41.8,False,True,False
node/2923126645,17,261.2,41.8,False,True,False
node/2924350291,17,261.2,41.8,False,True,False
node/2924350292,17,261.2,41.8,False,False,True
node/2924350377,17,261.2,41.8,False,True,False
node/2924350395,17,261.2,41.8,True,True,False
node/2924360256,17,261.2,41.8,True,True,False
node/2924360279,17,261.2,41.8,True,True,False
node/2924372002,17,261.2,41.8,False,True,False
node/2924372022,17,261.2,41.8,False,True,False
node/2924372034,17,261.2,41.8,False,True,False
node/2943609225,17,261.2,41.8,False,True,False
node/2947251443,17,261.2,41.8,False,False,True
node/2977882640,17,261.2,41.8,False,False,True
node/2988500054,17,261.2,41.8,True,False,False
node/2989246792,17,261.2,41.8,False,False,True
node/2997509000,17,261.2,41.8,False,False,True
node/2997509002,17,261.2,41.8,False,False,True
node/2997509003,17,261.2,41.8,True,True,False
node/2997509008,17,261.2,41.8,False,False,True
node/2997509011,17,261.2,41.8,False,True,False
node/2997509012,17,261.2,41.8,False,True,False
node/2998129806,17,261.2,41.8,False,True,False
node/2998129809,17,261.2,41.8,True,False,False
node/2998129811,17,261.2,41.8,False,True,False
node/2998129813,17,261.2,41.8,False,True,False
node/2998183224,17,261.2,41.8,False,True,False
node/2998183226,17,261.2,41.8,True,True,False
node/2998183228,17,261.2,41.8,False,True,False
node/2998183230,17,261.2,41.8,False,True,False
node/2998183232,17,261.2,41.8,False,True,False
node/2998184134,17,261.2,41.8,False,False,True
node/2998184136,17,261.2,41.8,False,True,False
node/2998184138,17,261.2,41.8,False,True,False
node/2998393385,17,261.2,41.8,False,True,False
node/2998583701,17,261.2,41.8,False,False,True
node/3003594978,17,261.2,41.8,False,True,False
node/3004237497,17,261.2,41.8,False,False,True
node/3004237498,17,261.2,41.8,False,True,False
node/3004237499,17,261.2,41.8,False,True,False
node/3005158302,17,261.2,41.8,False,True,False
node/3005158303,17,261.2,41.8,False,False,True
node/3005194063,17,261.2,41.8,False,True,False
node/3012120995,17,261.2,41.8,True,False,False
node/3012140701,17,261.2,41.8,False,False,True
node/3012222971,17,261.2,41.8,False,True,False
node/3012431711,17,261.2,41.8,True,False,False
node/3012431713,17,261.2,41.8,False,True,False
node/3012431723,17,261.2,41.8,True,True,False
node/3012431725,17,261.2,41.8,False,True,False
node/3012431726,17,261.2,41.8,False,True,False
node/3012431728,17,261.2,41.8,False,True,False
node/3012431730,17,261.2,41.8,False,True,False
node/3012431732,17,261.2,41.8,False,True,False
node/3012433135,17,261.2,41.8,False,True,False
node/3012433137,17,261.2,41.8,False,True,False
node/3013077540,17,261.2,41.8,False,False,True
node/3016472376,17,261.2,41.8,False,True,False
node/3016472378,17,261.2,41.8,False,True,False
node/3016472382,17,261.2,41.8,False,True,False
node/3016472384,17,261.2,41.8,False,True,False
node/3016472387,17,261.2,41.8,False,True,False
node/3016472392,17,261.2,41.8,False,False,True
node/3016582659,17,261.2,41.8,False,True,False
node/3016582662,17,261.2,41.8,False,False,True
node/3016582663,17,261.2,41.8,False,True,False
node/3016582666,17,261.2,41.8,False,True,False
node/3016582671,17,261.2,41.8,False,False,True
node/3016582672,17,261.2,41.8,False,False,True
node/3016600596,17,261.2,41.8,False,True,False
node/3016600597,17,261.2,41.8,True,True,False
node/3016600599,17,261.2,41.8,False,True,False
node/3019007373,17,261.2,41.8,True,False,False
node/3019007375,17,261.2,41.8,True,True,False
node/3019007376,17,261.2,41.8,True,False,False
node/3019007377,17,261.2,41.8,True,False,False
node/3019037302,17,261.2,41.8,True,False,False
node/3019037303,17,261.2,41.8,False,False,True
node/3019037304,17,261.2,41.8,False,False,True
node/3020888382,17,261.2,41.8,True,False,False
node/3021854035,17,261.2,41.8,False,False,True
node/3021854038,17,261.2,41.8,False,False,True
node/3022882348,17,261.2,41.8,False,False,True
node/3022882349,17,261.2,41.8,False,True,False
node/3028081934,17,261.2,41.8,True,False,False
node/3028366657,17,261.2,41.8,False,True,False
node/3035842803,17,261.2,41.8,False,False,True
node/3036649482,17,261.2,41.8,False,True,False
node/3036649483,17,261.2,41.8,False,True,False
node/3036649484,17,261.2,41.8,True,True,False
node/3036649485,17,261.2,41.8,True,True,False
node/3036649486,17,261.2,41.8,False,True,False
node/3036649487,17,261.2,41.8,True,True,False
node/3036666259,17,261.2,41.8,True,False,False
node/3041929151,17,261.2,41.8,True,False,False
node/3041929152,17,261.2,41.8,False,False,True
node/3041929155,17,261.2,41.8,False,False,True
node/3050921307,17,261.2,41.8,True,False,False
node/3050921308,17,261.2,41.8,True,False,False
node/3059689204,17,261.2,41.8,False,True,False
node/3059793358,17,261.2,41.8,False,False,True
node/3096115845,17,261.2,41.8,False,False,True
node/3106096237,17,261.2,41.8,True,False,False
node/3115184429,17,261.2,41.8,True,True,False
node/3127491126,17,261.2,41.8,False,False,True
node/3139739588,17,261.2,41.8,False,False,True
node/3149270079,17,261.2,41.8,True,True,False
node/3152346117,17,261.2,41.8,False,False,True
node/3178775169,17,261.2,41.8,False,False,True
node/3178775170,17,261.2,41.8,False,False,True
node/3178775173,17,261.2,41.8,False,False,True
node/3178775174,17,261.2,41.8,False,False,True
node/3200725396,17,261.2,41.8,False,False,True
node/3224062590,17,261.2,41.8,False,False,True
node/3224062593,17,261.2,41.8,True,False,False
node/3224062596,17,261.2,41.8,True,False,False
node/3236536366,17,261.2,41.8,True,False,False
node/3236536367,17,261.2,41.8,False,False,True
node/3254078124,17,261.2,41.8,False,True,False
node/3254078125,17,261.2,41.8,False,True,False
node/3263986607,17,261.2,41.8,False,False,True
node/3309932310,17,261.2,41.8,True,False,False
node/3312832841,17,261.2,41.8,False,False,True
node/3338613447,17,261.2,41.8,False,False,True
node/3341528120,17,261.2,41.8,False,False,True
node/3348364710,17,261.2,41.8,True,False,False
node/3348364711,17,261.2,41.8,False,True,False
node/3362155108,17,261.2,41.8,False,True,False
node/3370698715,17,261.2,41.8,False,True,False
node/3371795958,17,261.2,41.8,False,True,False
node/3371795959,17,261.2,41.8,False,True,False
node/3372962161,17,261.2,41.8,False,True,False
node/3373060056,17,261.2,41.8,False,True,False
node/3373440443,17,261.2,41.8,False,True,False
node/3376598376,17,261.2,41.8,False,True,False
node/3377118662,17,261.2,41.8,False,True,False
node/3378110325,17,261.2,41.8,False,True,False
node/3378447632,17,261.2,41.8,False,True,False
node/3387897732,17,261.2,41.8,True,True,False
node/3410546250,17,261.2,41.8,False,True,False
node/3425093493,17,261.2,41.8,False,True,False
node/3425093495,17,261.2,41.8,False,True,False
node/3429335811,17,261.2,41.8,False,True,False
node/3458303207,17,261.2,41.8,False,False,True
node/3458303213,17,261.2,41.8,False,False,True
node/3458303214,17,261.2,41.8,False,False,True
node/3458303223,17,261.2,41.8,False,False,True
node/3458303224,17,261.2,41.8,False,False,True
node/3458303225,17,261.2,41.8,False,False,True
node/3458303227,17,261.2,41.8,False,False,True
node/3458303232,17,261.2,41.8,False,False,True
node/3501065010,17,261.2,41.8,False,True,False
node/3501065011,17,261.2,41.8,False,True,False
node/3612316539,17,261.2,41.8,False,True,False
node/3624945317,17,261.2,41.8,False,False,True
node/3628864690,17,261.2,41.8,False,False,True
node/3701299048,17,261.2,41.8,False,False,True
node/3702639733,17,261.2,41.8,True,False,False
node/3704614993,17,261.2,41.8,False,False,True
node/3704614998,17,261.2,41.8,False,False,True
node/3707878984,17,261.2,41.8,False,True,False
node/3707878986,17,261.2,41.8,False,True,False
node/3709071960,17,261.2,41.8,False,True,False
node/3716873809,17,261.2,41.8,False,True,False
node/3716873810,17,261.2,41.8,False,False,True
node/3717587927,17,261.2,41.8,False,False,True
node/3717587929,17,261.2,41.8,False,False,True
node/3717587931,17,261.2,41.8,True,False,False
node/3717587934,17,261.2,41.8,False,False,True
node/3720096881,17,261.2,41.8,False,True,False
node/3720096914,17,261.2,41.8,False,True,False
node/3720303412,17,261.2,41.8,True,True,False
node/3720303418,17,261.2,41.8,True,True,False
node/3731257157,17,261.2,41.8,False,False,True
node/3752972249,17,261.2,41.8,False,False,True
node/3752972250,17,261.2,41.8,True,False,False
node/3753012028,17,261.2,41.8,False,False,True
node/3758949027,17,261.2,41.8,False,False,True
node/3758949054,17,261.2,41.8,False,False,True
node/3758949055,17,261.2,41.8,False,False,True
node/3758949367,17,261.2,41.8,False,True,False
node/3758949375,17,261.2,41.8,False,False,True
node/3758949387,17,261.2,41.8,False,True,False
node/3758958225,17,261.2,41.8,False,True,False
node/3759179957,17,261.2,41.8,False,True,False
node/3759179960,17,261.2,41.8,False,False,True
node/3773487102,17,261.2,41.8,False,True,False
node/3773487103,17,261.2,41.8,True,False,False
node/3773574431,17,261.2,41.8,True,False,False
node/3773574434,17,261.2,41.8,False,True,False
node/3773574435,17,261.2,41.8,False,False,True
node/3773574436,17,261.2,41.8,False,False,True
node/3775316414,17,261.2,41.8,False,False,True
node/3775316417,17,261.2,41.8,True,False,False
node/3778783745,17,261.2,41.8,False,True,False
node/3778783746,17,261.2,41.8,False,True,False
node/3778783749,17,261.2,41.8,False,False,True
node/3778783750,17,261.2,41.8,False,True,False
node/3778783752,17,261.2,41.8,False,False,True
node/3778783755,17,261.2,41.8,False,False,True
node/3778790463,17,261.2,41.8,False,False,True
node/3778790466,17,261.2,41.8,False,True,False
node/3779600228,17,261.2,41.8,False,True,False
node/3780381641,17,261.2,41.8,True,True,False
node/3780381642,17,261.2,41.8,True,True,False
node/3780581690,17,261.2,41.8,True,False,False
node/3780582515,17,261.2,41.8,False,False,True
node/3780584592,17,261.2,41.8,False,False,True
node/3780909786,17,261.2,41.8,False,False,True
node/3782055701,17,261.2,41.8,False,False,True
node/3782496411,17,261.2,41.8,False,False,True
node/3782654737,17,261.2,41.8,True,True,False
node/3782677184,17,261.2,41.8,False,False,True
node/3782677223,17,261.2,41.8,False,False,True
node/3782677644,17,261.2,41.8,False,False,True
node/3782682702,17,261.2,41.8,False,False,True
node/3782682703,17,261.2,41.8,False,False,True
node/3783192571,17,261.2,41.8,False,False,True
node/3783192572,17,261.2,41.8,True,False,False
node/3785016551,17,261.2,41.8,False,True,False
node/3785016552,17,261.2,41.8,True,False,False
node/3785016555,17,261.2,41.8,False,True,False
node/3785018498,17,261.2,41.8,False,True,False
node/3785026057,17,261.2,41.8,False,True,False
node/3785026064,17,261.2,41.8,True,False,False
node/3785026066,17,261.2,41.8,False,True,False
node/3785026070,17,261.2,41.8,False,False,True
node/3785026074,17,261.2,41.8,False,False,True
node/3785026083,17,261.2,41.8,False,True,False
node/3785026084,17,261.2,41.8,False,True,False
node/3785026086,17,261.2,41.8,False,False,True
node/3785190648,17,261.2,41.8,True,False,False
node/3785436827,17,261.2,41.8,False,True,False
node/3786057232,17,261.2,41.8,False,True,False
node/3786057238,17,261.2,41.8,True,True,False
node/3786057240,17,261.2,41.8,True,True,False
node/3786067896,17,261.2,41.8,True,False,False
node/3786067901,17,261.2,41.8,True,False,False
node/3786067902,17,261.2,41.8,True,False,False
node/3786072201,17,261.2,41.8,True,False,False
node/3786072202,17,261.2,41.8,True,False,False
node/3786072203,17,261.2,41.8,True,False,False
node/3786087263,17,261.2,41.8,False,True,False
node/3786087265,17,261.2,41.8,False,True,False
node/3786087266,17,261.2,41.8,False,True,False
node/3786087267,17,261.2,41.8,False,True,False
node/3786087268,17,261.2,41.8,False,True,False
node/3786087273,17,261.2,41.8,False,True,False
node/3786651044,17,261.2,41.8,False,False,True
node/3786669546,17,261.2,41.8,False,True,False
node/3786669547,17,261.2,41.8,False,True,False
node/3786669548,17,261.2,41.8,False,False,True
node/3786669549,17,261.2,41.8,False,True,False
node/3786719323,17,261.2,41.8,False,False,True
node/3786719325,17,261.2,41.8,False,True,False
node/3786719326,17,261.2,41.8,False,False,True
node/3787404038,17,261.2,41.8,False,True,False
node/3787404039,17,261.2,41.8,False,True,False
node/3787404041,17,261.2,41.8,False,False,True
node/3787404043,17,261.2,41.8,False,False,True
node/3787404046,17,261.2,41.8,False,False,True
node/3787404047,17,261.2,41.8,False,True,False
node/3787492257,17,261.2,41.8,False,False,True
node/3787492261,17,261.2,41.8,True,False,False
node/3787492263,17,261.2,41.8,False,True,False
node/3787515583,17,261.2,41.8,False,False,True
node/3787515590,17,261.2,41.8,True,False,False
node/3787561579,17,261.2,41.8,True,False,False
node/3787561580,17,261.2,41.8,False,False,True
node/3787561581,17,261.2,41.8,True,False,False
node/3787613716,17,261.2,41.8,False,True,False
node/3787613717,17,261.2,41.8,False,True,False
node/3787665759,17,261.2,41.8,False,True,False
node/3787665768,17,261.2,41.8,False,True,False
node/3787901073,17,261.2,41.8,False,False,True
node/3788667384,17,261.2,41.8,False,True,False
node/3788722359,17,261.2,41.8,False,False,True
node/3788722361,17,261.2,41.8,True,False,False
node/3788722362,17,261.2,41.8,False,True,False
node/3788722363,17,261.2,41.8,False,False,True
node/3788722365,17,261.2,41.8,False,False,True
node/3788722366,17,261.2,41.8,False,True,False
node/3788722367,17,261.2,41.8,False,False,True
node/3788722368,17,261.2,41.8,False,False,True
node/3789567789,17,261.2,41.8,False,True,False
node/3789624734,17,261.2,41.8,False,True,False
node/3789624735,17,261.2,41.8,False,True,False
node/3789624736,17,261.2,41.8,True,True,False
node/3789624737,17,261.2,41.8,True,True,False
node/3789624738,17,261.2,41.8,True,True,False
node/3789624740,17,261.2,41.8,False,True,False
node/3789624741,17,261.2,41.8,False,True,False
node/3789624742,17,261.2,41.8,False,False,True
node/3790545075,17,261.2,41.8,False,False,True
node/3790545076,17,261.2,41.8,False,False,True
node/3790545077,17,261.2,41.8,False,True,False
node/3790545078,17,261.2,41.8,False,True,False
node/3790545079,17,261.2,41.8,True,True,False
node/3790545080,17,261.2,41.8,False,False,True
node/3790545081,17,261.2,41.8,True,False,False
node/3790545083,17,261.2,41.8,False,False,True
node/3790545084,17,261.2,41.8,False,True,False
node/3790545085,17,261.2,41.8,False,False,True
node/3790545086,17,261.2,41.8,False,False,True
node/3790547698,17,261.2,41.8,False,False,True
node/3790779433,17,261.2,41.8,False,True,False
node/3790779435,17,261.2,41.8,False,True,False
node/3790779441,17,261.2,41.8,False,True,False
node/3790779442,17,261.2,41.8,False,True,False
node/3790779444,17,261.2,41.8,True,True,False
node/3790779446,17,261.2,41.8,False,True,False
node/3790779447,17,261.2,41.8,False,True,False
node/3790779449,17,261.2,41.8,False,True,False
node/3790779450,17,261.2,41.8,False,True,False
node/3790779451,17,261.2,41.8,False,True,False
node/3791785050,17,261.2,41.8,False,True,False
node/3806894854,17,261.2,41.8,True,False,False
node/3806894856,17,261.2,41.8,False,True,False
node/3806895657,17,261.2,41.8,True,False,False
node/3808056722,17,261.2,41.8,False,False,True
node/3808056723,17,261.2,41.8,False,False,True
node/3808100251,17,261.2,41.8,True,False,False
node/3808366787,17,261.2,41.8,False,True,False
node/3808366789,17,261.2,41.8,False,True,False
node/3808366793,17,261.2,41.8,False,True,False
node/3808366795,17,261.2,41.8,False,True,False
node/3808366796,17,261.2,41.8,False,False,True
node/3808544749,17,261.2,41.8,False,True,False
node/3808544750,17,261.2,41.8,False,True,False
node/3808544751,17,261.2,41.8,False,True,False
node/3808544752,17,261.2,41.8,False,True,False
node/3808544753,17,261.2,41.8,False,True,False
node/3808544754,17,261.2,41.8,False,True,False
node/3808544755,17,261.2,41.8,False,True,False
node/3808554257,17,261.2,41.8,False,False,True
node/3823152620,17,261.2,41.8,False,True,False
node/3823152623,17,261.2,41.8,False,True,False
node/3823152631,17,261.2,41.8,False,True,False
node/3823152636,17,261.2,41.8,False,True,False
node/3823152653,17,261.2,41.8,False,True,False
node/3823152760,17,261.2,41.8,False,True,False
node/3823152762,17,261.2,41.8,False,True,False
node/3823152789,17,261.2,41.8,False,True,False
node/3825603158,17,261.2,41.8,False,False,True
node/3886301889,17,261.2,41.8,False,False,True
node/3893104707,17,261.2,41.8,False,False,True
node/3898715839,17,261.2,41.8,True,False,False
node/3984824935,17,261.2,41.8,False,False,True
node/3988010391,17,261.2,41.8,False,True,False
node/4041812652,17,261.2,41.8,True,False,False
node/4041812653,17,261.2,41.8,False,False,True
node/4041812654,17,261.2,41.8,False,False,True
node/4041812885,17,261.2,41.8,True,True,False
node/4041812886,17,261.2,41.8,False,False,True
node/4080244174,17,261.2,41.8,False,False,True
node/4092138538,17,261.2,41.8,False,False,True
node/4092140237,17,261.2,41.8,False,True,False
node/4092140238,17,261.2,41.8,False,False,True
node/4092142657,17,261.2,41.8,False,True,False
node/4092142658,17,261.2,41.8,False,True,False
node/4092143105,17,261.2,41.8,False,False,True
node/4098009012,17,261.2,41.8,False,True,False
node/4112825570,17,261.2,41.8,True,True,False
node/4142388098,17,261.2,41.8,True,False,False
node/4142388099,17,261.2,41.8,True,False,False
node/4142393672,17,261.2,41.8,False,True,False
node/4171387732,17,261.2,41.8,True,False,False
node/4193106133,17,261.2,41.8,False,False,True
node/4193136328,17,261.2,41.8,False,False,True
node/4193136330,17,261.2,41.8,False,False,True
node/4193136331,17,261.2,41.8,False,False,True
node/4193143533,17,261.2,41.8,False,False,True
node/4193161889,17,261.2,41.8,True,False,False
node/4193161890,17,261.2,41.8,True,False,False
node/4193179568,17,261.2,41.8,True,False,False
node/4193188215,17,261.2,41.8,False,True,False
node/4193208464,17,261.2,41.8,True,False,False
node/4193208465,17,261.2,41.8,False,False,True
node/4193215078,17,261.2,41.8,False,False,True
node/4193215079,17,261.2,41.8,False,True,False
node/4193216816,17,261.2,41.8,False,True,False
node/4194146586,17,261.2,41.8,False,False,True
node/4194146587,17,261.2,41.8,False,True,False
node/4194146588,17,261.2,41.8,False,False,True
node/4194150189,17,261.2,41.8,False,True,False
node/4194150190,17,261.2,41.8,False,False,True
node/4194156248,17,261.2,41.8,False,False,True
node/4194156249,17,261.2,41.8,False,True,False
node/4194167377,17,261.2,41.8,False,False,True
node/4194167378,17,261.2,41.8,False,False,True
node/4194172133,17,261.2,41.8,True,True,False
node/4194972032,17,261.2,41.8,False,False,True
node/4194981100,17,261.2,41.8,False,True,False
node/4194998394,17,261.2,41.8,False,True,False
node/4195580734,17,261.2,41.8,False,False,True
node/4195580735,17,261.2,41.8,False,False,True
node/4195580736,17,261.2,41.8,False,False,True
node/4195580737,17,261.2,41.8,False,False,True
node/4195580738,17,261.2,41.8,False,True,False
node/4195587789,17,261.2,41.8,True,False,False
node/4195587790,17,261.2,41.8,False,True,False
node/4210787008,17,261.2,41.8,False,False,True
node/4215676309,17,261.2,41.8,False,False,True
node/4239035808,17,261.2,41.8,False,False,True
node/4239035809,17,261.2,41.8,False,False,True
node/4239035810,17,261.2,41.8,False,True,False
node/4239035811,17,261.2,41.8,False,False,True
node/4242926832,17,261.2,41.8,False,False,True
node/4243522528,17,261.2,41.8,True,True,False
node/4252333548,17,261.2,41.8,True,False,False
node/4252333549,17,261.2,41.8,False,False,True
node/4252333550,17,261.2,41.8,False,False,True
node/4252360817,17,261.2,41.8,False,False,True
node/4252360818,17,261.2,41.8,False,False,True
node/4253445390,17,261.2,41.8,False,False,True
node/4337326010,17,261.2,41.8,True,False,False
node/4337326011,17,261.2,41.8,False,False,True
node/4339591470,17,261.2,41.8,True,False,False
node/4355937750,17,261.2,41.8,True,False,False
node/4362472195,17,261.2,41.8,False,True,False
node/4374347653,17,261.2,41.8,False,True,False
node/4374788663,17,261.2,41.8,False,False,True
node/4386308014,17,261.2,41.8,True,False,False
node/4424654969,17,261.2,41.8,False,False,True
node/4424657665,17,261.2,41.8,True,False,False
node/4424657666,17,261.2,41.8,False,True,False
node/4425378039,17,261.2,41.8,False,False,True
node/4426436695,17,261.2,41.8,True,True,False
node/4426442193,17,261.2,41.8,True,False,False
node/4426482290,17,261.2,41.8,True,False,False
node/4456582562,17,261.2,41.8,False,True,False
node/4456582565,17,261.2,41.8,False,True,False
node/4473561091,17,261.2,41.8,False,False,True
node/4473769189,17,261.2,41.8,False,False,True
node/4487292403,17,261.2,41.8,False,False,True
node/4487343173,17,261.2,41.8,False,True,False
node/4487343174,17,261.2,41.8,False,True,False
node/4487344995,17,261.2,41.8,False,True,False
node/4487344996,17,261.2,41.8,False,True,False
node/4487346505,17,261.2,41.8,False,True,False
node/4487346506,17,261.2,41.8,False,True,False
node/4487347141,17,261.2,41.8,True,True,False
node/4487347142,17,261.2,41.8,False,True,False
node/4487348056,17,261.2,41.8,False,True,False
node/4487348057,17,261.2,41.8,False,True,False
node/4487350518,17,261.2,41.8,False,True,False
node/4487351146,17,261.2,41.8,True,True,False
node/4487353302,17,261.2,41.8,False,False,True
node/4487358726,17,261.2,41.8,False,True,False
node/4487367446,17,261.2,41.8,False,False,True
node/4487419608,17,261.2,41.8,False,False,True
node/4487419769,17,261.2,41.8,False,True,False
node/4487472020,17,261.2,41.8,False,False,True
node/4487478836,17,261.2,41.8,False,True,False
node/4512720078,17,261.2,41.8,False,True,False
node/4524796538,17,261.2,41.8,False,False,True
node/4540215835,17,261.2,41.8,False,False,True
node/4551348007,17,261.2,41.8,False,False,True
node/4553717072,17,261.2,41.8,True,False,False
node/4560348361,17,261.2,41.8,False,True,False
node/4560348362,17,261.2,41.8,False,True,False
node/4560348363,17,261.2,41.8,False,True,False
node/4560348364,17,261.2,41.8,False,True,False
node/4560348365,17,261.2,41.8,False,True,False
node/4560348366,17,261.2,41.8,False,True,False
node/4560348367,17,261.2,41.8,False,False,True
node/4560348368,17,261.2,41.8,False,False,True
node/4568359909,17,261.2,41.8,False,False,True
node/4568362314,17,261.2,41.8,False,False,True
node/4570534699,17,261.2,41.8,True,False,False
node/4608459918,17,261.2,41.8,True,True,False
node/4608531377,17,261.2,41.8,True,False,False
node/4621725801,17,261.2,41.8,False,False,True
node/4654764836,17,261.2,41.8,True,False,False
node/4662947772,17,261.2,41.8,False,True,False
node/4697111064,17,261.2,41.8,False,False,True
node/4843517235,17,261.2,41.8,True,False,False
node/4843517239,17,261.2,41.8,False,False,True
node/4843767716,17,261.2,41.8,True,False,False
node/4863923321,17,261.2,41.8,True,False,False
node/4889206188,17,261.2,41.8,False,False,True
node/4889206189,17,261.2,41.8,False,False,True
node/4889234645,17,261.2,41.8,True,False,False
node/4889234647,17,261.2,41.8,True,True,False
node/4889234648,17,261.2,41.8,False,True,False
node/4889403490,17,261.2,41.8,False,False,True
node/4889403492,17,261.2,41.8,True,True,False
node/4889403494,17,261.2,41.8,True,True,False
node/4889403500,17,261.2,41.8,False,True,False
node/4889473571,17,261.2,41.8,False,False,True
node/4889473572,17,261.2,41.8,False,False,True
node/4889473573,17,261.2,41.8,False,False,True
node/4889473577,17,261.2,41.8,True,False,False
node/4889473581,17,261.2,41.8,True,True,False
node/4889473587,17,261.2,41.8,True,False,False
node/4889473588,17,261.2,41.8,True,True,False
node/4889473589,17,261.2,41.8,True,False,False
node/4889473590,17,261.2,41.8,True,True,False
node/4889473592,17,261.2,41.8,False,True,False
node/4889662234,17,261.2,41.8,False,False,True
node/4889662235,17,261.2,41.8,True,False,False
node/4889662237,17,261.2,41.8,True,False,False
node/4889789447,17,261.2,41.8,False,True,False
node/4889789453,17,261.2,41.8,False,False,True
node/4889789454,17,261.2,41.8,False,False,True
node/4889789455,17,261.2,41.8,True,False,False
node/4889789456,17,261.2,41.8,True,True,False
node/4889789487,17,261.2,41.8,False,False,True
node/4889789488,17,261.2,41.8,False,False,True
node/4889789494,17,261.2,41.8,True,False,False
node/4889789495,17,261.2,41.8,True,False,False
node/4889919233,17,261.2,41.8,False,False,True
node/4889919251,17,261.2,41.8,False,False,True
node/4889919253,17,261.2,41.8,False,True,False
node/4889919298,17,261.2,41.8,True,True,False
node/4889919299,17,261.2,41.8,False,True,False
node/4889919300,17,261.2,41.8,False,True,False
node/4890108670,17,261.2,41.8,False,True,False
node/4890108683,17,261.2,41.8,False,True,False
node/4891272623,17,261.2,41.8,False,True,False
node/4891272633,17,261.2,41.8,False,False,True
node/4891272634,17,261.2,41.8,False,True,False
node/4893995307,17,261.2,41.8,False,False,True
node/4898290186,17,261.2,41.8,True,False,False
node/4898290194,17,261.2,41.8,False,True,False
node/4898290203,17,261.2,41.8,True,True,False
node/4899160641,17,261.2,41.8,False,False,True
node/4899160645,17,261.2,41.8,False,False,True
node/4899160672,17,261.2,41.8,True,True,False
node/4899160693,17,261.2,41.8,False,True,False
node/4903310230,17,261.2,41.8,False,True,False
node/4903310233,17,261.2,41.8,True,True,False
node/4903310235,17,261.2,41.8,True,False,False
node/4903310236,17,261.2,41.8,True,True,False
node/4903310237,17,261.2,41.8,True,True,False
node/4903310239,17,261.2,41.8,False,True,False
node/4903310240,17,261.2,41.8,False,True,False
node/4992102606,17,261.2,41.8,True,True,False
node/5026213522,17,261.2,41.8,False,False,True
node/5064259820,17,261.2,41.8,False,False,True
node/5081364232,17,261.2,41.8,False,False,True
node/5081364233,17,261.2,41.8,False,False,True
node/5081364236,17,261.2,41.8,False,False,True
node/5081364237,17,261.2,41.8,False,False,True
node/5081364239,17,261.2,41.8,False,False,True
node/5081364240,17,261.2,41.8,False,False,True
node/5081364241,17,261.2,41.8,False,False,True
node/5081364242,17,261.2,41.8,False,False,True
node/5081364243,17,261.2,41.8,False,False,True
node/5081364244,17,261.2,41.8,False,False,True
node/5081379378,17,261.2,41.8,False,False,True
node/5081379380,17,261.2,41.8,False,False,True
node/5111433087,17,261.2,41.8,False,True,False
node/5111687993,17,261.2,41.8,False,True,False
node/5216559622,17,261.2,41.8,False,False,True
node/5316455423,17,261.2,41.8,False,False,True
node/5316455424,17,261.2,41.8,False,False,True
node/5316455426,17,261.2,41.8,False,True,False
node/5316455427,17,261.2,41.8,False,True,False
node/5316455428,17,261.2,41.8,False,False,True
node/5316484435,17,261.2,41.8,False,False,True
node/5316484436,17,261.2,41.8,False,False,True
node/5316484437,17,261.2,41.8,False,False,True
node/5316484438,17,261.2,41.8,False,False,True
node/5316484439,17,261.2,41.8,False,False,True
node/5368403844,17,261.2,41.8,False,True,False
node/5368403855,17,261.2,41.8,False,True,False
node/5368438797,17,261.2,41.8,False,True,False
node/5368438799,17,261.2,41.8,False,True,False
node/5403073723,17,261.2,41.8,True,False,False
node/5418905623,17,261.2,41.8,True,True,False
node/5462381426,17,261.2,41.8,False,True,False
node/5527705621,17,261.2,41.8,True,False,False
node/5593411954,17,261.2,41.8,True,False,False
node/5678403949,17,261.2,41.8,False,False,True
node/5743615987,17,261.2,41.8,False,False,True
node/5796551026,17,261.2,41.8,True,False,False
node/5996557765,17,261.2,41.8,True,False,False
node/6004558476,17,261.2,41.8,True,False,False
node/6004558478,17,261.2,41.8,False,False,True
node/6004558480,17,261.2,41.8,False,False,True
node/6004558481,17,261.2,41.8,False,False,True
node/6004558482,17,261.2,41.8,False,False,True
node/6090069009,17,261.2,41.8,True,True,False
node/6296219968,17,261.2,41.8,False,False,True
node/6296219969,17,261.2,41.8,False,False,True
node/6349597364,17,261.2,41.8,False,False,True
node/6351757089,17,261.2,41.8,False,False,True
node/6363762843,17,261.2,41.8,False,True,False
node/6753442263,17,261.2,41.8,False,True,False
node/6812085822,17,261.2,41.8,False,True,False
node/6988405352,17,261.2,41.8,False,False,True
node/6988405353,17,261.2,41.8,False,False,True
node/6988405354,17,261.2,41.8,False,False,True
node/6988405355,17,261.2,41.8,False,False,True
node/6988405357,17,261.2,41.8,True,False,False
node/6988405359,17,261.2,41.8,False,True,False
node/6988568582,17,261.2,41.8,True,False,False
node/6988568583,17,261.2,41.8,False,True,False
node/6988568584,17,261.2,41.8,True,False,False
node/6988569285,17,261.2,41.8,True,False,False
node/6988569286,17,261.2,41.8,True,False,False
node/7117392386,17,261.2,41.8,True,False,False
node/7221409716,17,261.2,41.8,False,False,True
node/7523062100,17,261.2,41.8,False,True,False
node/8138571319,17,261.2,41.8,False,True,False
node/8397306827,17,261.2,41.8,False,True,False
node/8404480139,17,261.2,41.8,True,False,False
node/8404480140,17,261.2,41.8,False,True,False
node/8500711611,17,261.2,41.8,True,True,False
node/8615074676,17,261.2,41.8,False,False,True
node/8712721886,17,261.2,41.8,False,False,True
node/8712721888,17,261.2,41.8,False,False,True
node/8712721890,17,261.2,41.8,False,False,True
node/8712721892,17,261.2,41.8,False,False,True
node/8712721894,17,261.2,41.8,False,False,True
node/8712721901,17,261.2,41.8,False,False,True
node/8718907948,17,261.2,41.8,False,True,False
node/8718907950,17,261.2,41.8,False,True,False
node/8754224147,17,261.2,41.8,False,False,True
node/8754224150,17,261.2,41.8,False,False,True
node/9021294461,17,261.2,41.8,True,False,False
node/9022370340,17,261.2,41.8,False,False,True
node/9022370341,17,261.2,41.8,False,False,True
node/9031432377,17,261.2,41.8,False,True,False
node/9248045252,17,261.2,41.8,True,True,False
node/9248045256,17,261.2,41.8,False,False,True
node/9250830301,17,261.2,41.8,False,False,True
node/9250830304,17,261.2,41.8,False,False,True
node/9296818002,17,261.2,41.8,True,False,False
node/9353402328,17,261.2,41.8,True,True,False
node/9424085228,17,261.2,41.8,False,False,True
node/9424085231,17,261.2,41.8,False,True,False
node/9424085236,17,261.2,41.8,True,False,False
node/9424085238,17,261.2,41.8,False,False,True
node/9424085240,17,261.2,41.8,False,False,True
node/9424085242,17,261.2,41.8,False,True,False
node/9426374619,17,261.2,41.8,False,False,True
node/9426374621,17,261.2,41.8,True,False,False
node/9426374626,17,261.2,41.8,False,True,False
node/9426374629,17,261.2,41.8,False,False,True
node/9436677648,17,261.2,41.8,False,False,True
node/9436677650,17,261.2,41.8,False,False,True
node/9436677652,17,261.2,41.8,False,False,True
node/9436677658,17,261.2,41.8,False,False,True
node/9436677660,17,261.2,41.8,False,False,True
node/9436677664,17,261.2,41.8,False,False,True
node/9436677666,17,261.2,41.8,True,False,False
node/9436677668,17,261.2,41.8,True,False,False
node/9436677673,17,261.2,41.8,False,False,True
node/9436677675,17,261.2,41.8,False,True,False
node/9455340734,17,261.2,41.8,True,True,False
node/9455340735,17,261.2,41.8,True,True,False
node/9455340736,17,261.2,41.8,True,False,False
node/9455340737,17,261.2,41.8,False,True,False
node/9457632139,17,261.2,41.8,True,True,False
node/9458578380,17,261.2,41.8,False,True,False
node/9471105464,17,261.2,41.8,True,True,False
node/9471105465,17,261.2,41.8,False,True,False
node/9471270836,17,261.2,41.8,True,True,False
node/9471611824,17,261.2,41.8,True,True,False
node/9471611825,17,261.2,41.8,False,True,False
node/9471611827,17,261.2,41.8,True,True,False
node/9471611828,17,261.2,41.8,False,True,False
node/9471611829,17,261.2,41.8,False,True,False
node/9471611830,17,261.2,41.8,True,True,False
node/9471840470,17,261.2,41.8,False,True,False
node/9471840471,17,261.2,41.8,False,False,True
node/9471915759,17,261.2,41.8,False,True,False
node/9471915760,17,261.2,41.8,True,False,False
node/9471915761,17,261.2,41.8,False,True,False
node/9471915763,17,261.2,41.8,False,True,False
node/9471915764,17,261.2,41.8,False,True,False
node/9472043398,17,261.2,41.8,True,True,False
node/9474161479,17,261.2,41.8,False,False,True
node/9474161480,17,261.2,41.8,False,True,False
node/9474161481,17,261.2,41.8,False,True,False
node/9474161482,17,261.2,41.8,False,True,False
node/9474161483,17,261.2,41.8,False,True,False
node/9474161484,17,261.2,41.8,False,True,False
node/9474161485,17,261.2,41.8,False,True,False
node/9474161486,17,261.2,41.8,False,True,False
node/9474161487,17,261.2,41.8,False,True,False
node/9474161488,17,261.2,41.8,False,True,False
node/9474161489,17,261.2,41.8,False,True,False
node/9474161490,17,261.2,41.8,False,True,False
node/9474161491,17,261.2,41.8,True,False,False
node/9474255789,17,261.2,41.8,False,True,False
node/9483807053,17,261.2,41.8,False,False,True
node/9486912224,17,261.2,41.8,False,True,False
node/9486912225,17,261.2,41.8,False,True,False
node/9486912226,17,261.2,41.8,False,True,False
node/9487060567,17,261.2,41.8,False,False,True
node/9487060568,17,261.2,41.8,True,True,False
node/9487060569,17,261.2,41.8,True,True,False
node/9487060570,17,261.2,41.8,False,True,False
node/9487060571,17,261.2,41.8,False,True,False
node/9487060572,17,261.2,41.8,False,True,False
node/9487060573,17,261.2,41.8,False,False,True
node/9487060574,17,261.2,41.8,False,True,False
node/9487060575,17,261.2,41.8,False,True,False
node/9487060576,17,261.2,41.8,False,True,False
node/9489106792,17,261.2,41.8,False,False,True
node/9489394997,17,261.2,41.8,False,False,True
node/9489394998,17,261.2,41.8,False,True,False
node/9489394999,17,261.2,41.8,False,True,False
node/9489395000,17,261.2,41.8,False,True,False
node/9489395001,17,261.2,41.8,False,True,False
node/9489395002,17,261.2,41.8,False,True,False
node/9489395005,17,261.2,41.8,False,True,False
node/9489395007,17,261.2,41.8,False,True,False
node/9489395008,17,261.2,41.8,False,True,False
node/9489395009,17,261.2,41.8,False,True,False
node/9489395010,17,261.2,41.8,False,True,False
node/9489395011,17,261.2,41.8,False,True,False
node/9489395013,17,261.2,41.8,False,True,False
node/9489395014,17,261.2,41.8,True,False,False
node/9489395015,17,261.2,41.8,True,False,False
node/9489395016,17,261.2,41.8,False,True,False
node/9490704152,17,261.2,41.8,False,False,True
node/9491868997,17,261.2,41.8,False,True,False
node/9497948304,17,261.2,41.8,True,False,False
node/9498129791,17,261.2,41.8,False,False,True
node/9498129793,17,261.2,41.8,False,True,False
node/9525581152,17,261.2,41.8,False,True,False
node/9525601821,17,261.2,41.8,False,True,False
node/9525670315,17,261.2,41.8,False,False,True
node/9545043130,17,261.2,41.8,False,True,False
node/9545067603,17,261.2,41.8,False,True,False
node/9565757000,17,261.2,41.8,False,False,True
node/9611795082,17,261.2,41.8,False,False,True
node/9626862549,17,261.2,41.8,True,True,False
node/9626869393,17,261.2,41.8,True,True,False
node/9626869394,17,261.2,41.8,True,False,False
node/9626869395,17,261.2,41.8,True,True,False
node/9626930589,17,261.2,41.8,True,True,False
node/9626942260,17,261.2,41.8,True,True,False
node/9626942263,17,261.2,41.8,True,True,False
node/9628627535,17,261.2,41.8,True,False,False
node/9628627536,17,261.2,41.8,False,True,False
node/9628627537,17,261.2,41.8,True,True,False
node/9628627538,17,261.2,41.8,True,True,False
node/9649426472,17,261.2,41.8,True,True,False
node/9649426473,17,261.2,41.8,True,True,False
node/9649426474,17,261.2,41.8,False,True,False
node/9649426475,17,261.2,41.8,True,False,False
node/9649543534,17,261.2,41.8,False,True,False
node/9649543535,17,261.2,41.8,False,True,False
node/9649543536,17,261.2,41.8,True,True,False
node/9649543537,17,261.2,41.8,True,False,False
node/9649543538,17,261.2,41.8,True,False,False
node/9649543539,17,261.2,41.8,True,False,False
node/9649543540,17,261.2,41.8,True,False,False
node/9649543541,17,261.2,41.8,False,False,True
node/9657605909,17,261.2,41.8,False,False,True
node/9738415468,17,261.2,41.8,False,True,False
node/9783507189,17,261.2,41.8,False,False,True
node/9850072032,17,261.2,41.8,True,False,False
node/9888166829,17,261.2,41.8,False,False,True
node/9895185440,17,261.2,41.8,False,True,False
node/9895316684,17,261.2,41.8,True,False,False
node/9901788302,17,261.2,41.8,False,False,True
node/9975298517,17,261.2,41.8,False,False,True
node/9975325597,17,261.2,41.8,False,False,True
node/9975993052,17,261.2,41.8,False,False,True
node/9979439490,17,261.2,41.8,False,False,True
node/9979453966,17,261.2,41.8,False,False,True
node/9979453968,17,261.2,41.8,False,False,True
node/9979889993,17,261.2,41.8,False,False,True
node/9985667275,17,261.2,41.8,False,True,False
node/9986170316,17,261.2,41.8,True,False,False
node/9986175704,17,261.2,41.8,False,False,True
node/9994996600,17,261.2,41.8,True,False,False
node/9995010587,17,261.2,41.8,True,False,False
node/9995012057,17,261.2,41.8,False,False,True
node/10004309776,17,261.2,41.8,True,False,False
node/10004319991,17,261.2,41.8,True,False,False
node/10006171601,17,261.2,41.8,True,True,False
node/10006173918,17,261.2,41.8,True,False,False
node/10006207182,17,261.2,41.8,False,True,False
node/10006452198,17,261.2,41.8,False,False,True
node/10008868525,17,261.2,41.8,True,False,False
node/10008868528,17,261.2,41.8,True,False,False
node/10008889273,17,261.2,41.8,True,False,False
node/10009011030,17,261.2,41.8,True,False,False
node/10009064543,17,261.2,41.8,False,False,True
node/10044383302,17,261.2,41.8,False,False,True
node/10056597632,17,261.2,41.8,False,False,True
node/10103394740,17,261.2,41.8,True,False,False
node/10103394741,17,261.2,41.8,True,False,False
node/10103394742,17,261.2,41.8,False,True,False
node/10175760858,17,261.2,41.8,True,False,False
node/10175900841,17,261.2,41.8,True,False,False
node/10189375756,17,261.2,41.8,False,False,True
node/10199274347,17,261.2,41.8,False,False,True
node/10199887329,17,261.2,41.8,False,True,False
node/10199887330,17,261.2,41.8,False,True,False
node/10204153342,17,261.2,41.8,False,True,False
node/10204153343,17,261.2,41.8,False,True,False
node/10204153345,17,261.2,41.8,False,True,False
node/10207442018,17,261.2,41.8,True,False,False
node/10207442023,17,261.2,41.8,True,False,False
node/10207587794,17,261.2,41.8,False,True,False
node/10207587797,17,261.2,41.8,False,True,False
node/10207587798,17,261.2,41.8,False,False,True
node/10207587803,17,261.2,41.8,False,True,False
node/10207587805,17,261.2,41.8,False,False,True
node/10207587807,17,261.2,41.8,False,False,True
node/10207587809,17,261.2,41.8,False,False,True
node/10207587811,17,261.2,41.8,False,False,True
node/10212096588,17,261.2,41.8,False,False,True
node/10212096590,17,261.2,41.8,True,False,False
node/10212096594,17,261.2,41.8,False,False,True
node/10214454559,17,261.2,41.8,False,False,True
node/10214557894,17,261.2,41.8,False,False,True
node/10214557897,17,261.2,41.8,False,True,False
node/10220186990,17,261.2,41.8,False,True,False
node/10221647123,17,261.2,41.8,False,True,False
node/10221706211,17,261.2,41.8,True,True,False
node/10233145912,17,261.2,41.8,False,True,False
node/10233145916,17,261.2,41.8,False,False,True
node/10233193117,17,261.2,41.8,False,False,True
node/10233193118,17,261.2,41.8,False,False,True
node/10233193119,17,261.2,41.8,True,False,False
node/10246496584,17,261.2,41.8,True,True,False
node/10259286009,17,261.2,41.8,False,False,True
node/10262640853,17,261.2,41.8,False,True,False
node/10267146386,17,261.2,41.8,True,False,False
node/10294911755,17,261.2,41.8,False,False,True
node/10297955289,17,261.2,41.8,False,True,False
node/10298363397,17,261.2,41.8,False,True,False
node/10298363398,17,261.2,41.8,False,True,False
node/10300849766,17,261.2,41.8,True,False,False
node/10302138467,17,261.2,41.8,False,False,True
node/10302140400,17,261.2,41.8,True,True,False
node/10313084094,17,261.2,41.8,False,False,True
node/10550642607,17,261.2,41.8,False,False,True
node/10550695909,17,261.2,41.8,False,False,True
node/10570800426,17,261.2,41.8,False,True,False
node/10572781594,17,261.2,41.8,True,False,False
node/10572819518,17,261.2,41.8,False,False,True
node/10582303877,17,261.2,41.8,False,False,True
node/10582303878,17,261.2,41.8,False,True,False
node/10582303879,17,261.2,41.8,False,False,True
node/10582303880,17,261.2,41.8,False,True,False
node/10582303881,17,261.2,41.8,False,True,False
node/10582303882,17,261.2,41.8,True,True,False
node/10582303883,17,261.2,41.8,False,True,False
node/10587112992,17,261.2,41.8,False,True,False
node/10587112993,17,261.2,41.8,False,True,False
node/10587112994,17,261.2,41.8,False,False,True
node/10589033362,17,261.2,41.8,False,True,False
node/10589033363,17,261.2,41.8,False,True,False
node/10589033364,17,261.2,41.8,False,True,False
node/10589033365,17,261.2,41.8,False,True,False
node/10589132886,17,261.2,41.8,True,False,False
node/10589132887,17,261.2,41.8,True,False,False
node/10589132888,17,261.2,41.8,True,False,False
node/10594645101,17,261.2,41.8,False,True,False
node/10594645102,17,261.2,41.8,False,True,False
node/10596848258,17,261.2,41.8,True,True,False
node/10596848259,17,261.2,41.8,False,True,False
node/10598917409,17,261.2,41.8,False,True,False
node/10601614184,17,261.2,41.8,False,False,True
node/10601614187,17,261.2,41.8,True,False,False
node/10601614188,17,261.2,41.8,True,True,False
node/10601614189,17,261.2,41.8,True,False,False
node/10601614190,17,261.2,41.8,False,False,True
node/10601614191,17,261.2,41.8,False,True,False
node/10601614192,17,261.2,41.8,True,False,False
node/10601614193,17,261.2,41.8,False,False,True
node/10601655681,17,261.2,41.8,True,True,False
node/10644975558,17,261.2,41.8,False,True,False
node/10644975559,17,261.2,41.8,True,True,False
node/10644975560,17,261.2,41.8,False,True,False
node/10644975562,17,261.2,41.8,False,True,False
node/10646561671,17,261.2,41.8,True,False,False
node/10646561672,17,261.2,41.8,True,True,False
node/10652163790,17,261.2,41.8,False,True,False
node/10652163791,17,261.2,41.8,False,False,True
node/10652163792,17,261.2,41.8,True,True,False
node/10669969858,17,261.2,41.8,True,False,False
node/10681358588,17,261.2,41.8,True,True,False
node/10686312725,17,261.2,41.8,False,False,True
node/10686367822,17,261.2,41.8,False,False,True
node/10695062076,17,261.2,41.8,True,False,False
node/10695066052,17,261.2,41.8,False,False,True
node/10700086556,17,261.2,41.8,True,False,False
node/10707344667,17,261.2,41.8,True,False,False
node/10707454078,17,261.2,41.8,False,False,True
node/10716585952,17,261.2,41.8,False,False,True
node/10719056688,17,261.2,41.8,False,False,True
node/10735512681,17,261.2,41.8,False,True,False
node/10737009427,17,261.2,41.8,False,False,True
node/10737066739,17,261.2,41.8,False,False,True
node/10737067372,17,261.2,41.8,False,False,True
node/10737088551,17,261.2,41.8,False,False,True
node/10737241564,17,261.2,41.8,True,False,False
node/10737334789,17,261.2,41.8,False,False,True
node/10745394912,17,261.2,41.8,False,True,False
node/10745394915,17,261.2,41.8,False,True,False
node/10745477593,17,261.2,41.8,True,True,False
node/10746364332,17,261.2,41.8,False,True,False
node/10748907091,17,261.2,41.8,True,True,False
node/10750421773,17,261.2,41.8,False,False,True
node/10750447195,17,261.2,41.8,False,False,True
node/10750477450,17,261.2,41.8,False,False,True
node/10750548873,17,261.2,41.8,False,False,True
node/10750780153,17,261.2,41.8,True,False,False
node/10755995859,17,261.2,41.8,False,True,False
node/10771358655,17,261.2,41.8,False,False,True
node/10776067841,17,261.2,41.8,False,False,True
node/10776067844,17,261.2,41.8,False,False,True
node/10778025660,17,261.2,41.8,False,False,True
node/10778202585,17,261.2,41.8,False,False,True
node/10778202587,17,261.2,41.8,False,False,True
node/10778270047,17,261.2,41.8,False,False,True
node/10778270050,17,261.2,41.8,False,False,True
node/10778270052,17,261.2,41.8,False,False,True
node/10779337539,17,261.2,41.8,False,False,True
node/10788398292,17,261.2,41.8,False,True,False
node/10794950621,17,261.2,41.8,False,True,False
node/10798943982,17,261.2,41.8,False,False,True
node/10822353650,17,261.2,41.8,False,False,True
node/10822353652,17,261.2,41.8,False,False,True
node/10824717317,17,261.2,41.8,False,False,True
node/10824717320,17,261.2,41.8,False,False,True
node/10837089318,17,261.2,41.8,False,False,True
node/10857691408,17,261.2,41.8,False,False,True
node/10860641329,17,261.2,41.8,False,False,True
node/10860641334,17,261.2,41.8,False,True,False
node/10865419978,17,261.2,41.8,False,False,True
node/10873797461,17,261.2,41.8,False,True,False
node/10891354579,17,261.2,41.8,True,False,False
node/10891354591,17,261.2,41.8,False,False,True
node/10899634896,17,261.2,41.8,False,False,True
node/10919471213,17,261.2,41.8,False,False,True
node/10919471215,17,261.2,41.8,False,False,True
node/10926618869,17,261.2,41.8,False,True,False
node/10942429363,17,261.2,41.8,False,True,False
node/10942429365,17,261.2,41.8,False,True,False
node/10949109054,17,261.2,41.8,False,True,False
node/10961887135,17,261.2,41.8,False,False,True
node/10971486940,17,261.2,41.8,False,True,False
node/10977261284,17,261.2,41.8,False,True,False
node/10981051285,17,261.2,41.8,False,False,True
node/10981051304,17,261.2,41.8,False,False,True
node/10989741468,17,261.2,41.8,False,False,True
node/10995041777,17,261.2,41.8,True,False,False
node/10995041779,17,261.2,41.8,False,False,True
node/10995041788,17,261.2,41.8,False,False,True
node/10995041791,17,261.2,41.8,True,False,False
node/10995041793,17,261.2,41.8,False,True,False
node/11001907246,17,261.2,41.8,True,False,False
node/11001907253,17,261.2,41.8,True,True,False
node/11003348984,17,261.2,41.8,True,True,False
node/11007907456,17,261.2,41.8,False,False,True
node/11007907458,17,261.2,41.8,False,False,True
node/11007907459,17,261.2,41.8,False,True,False
node/11007907462,17,261.2,41.8,False,False,True
node/11007907464,17,261.2,41.8,False,False,True
node/11016695336,17,261.2,41.8,True,False,False
node/11037609725,17,261.2,41.8,False,False,True
node/11097291306,17,261.2,41.8,False,False,True
node/11097291905,17,261.2,41.8,True,False,False
node/11136559005,17,261.2,41.8,False,False,True
node/11149491868,17,261.2,41.8,False,True,False
node/11150977085,17,261.2,41.8,False,True,False
node/11193187175,17,261.2,41.8,False,True,False
node/11193187179,17,261.2,41.8,False,False,True
node/11193187186,17,261.2,41.8,False,False,True
node/11193187188,17,261.2,41.8,False,True,False
node/11193751093,17,261.2,41.8,False,False,True
node/11193751102,17,261.2,41.8,False,True,False
node/11197446155,17,261.2,41.8,False,False,True
node/11203052910,17,261.2,41.8,False,False,True
node/11210550551,17,261.2,41.8,False,True,False
node/11210550553,17,261.2,41.8,False,True,False
node/11212456302,17,261.2,41.8,False,True,False
node/11212456304,17,261.2,41.8,False,False,True
node/11212456308,17,261.2,41.8,False,False,True
node/11215559275,17,261.2,41.8,False,False,True
node/11220604093,17,261.2,41.8,False,False,True
node/11222480993,17,261.2,41.8,False,True,False
node/11222848438,17,261.2,41.8,False,False,True
node/11233627569,17,261.2,41.8,False,False,True
node/11235388391,17,261.2,41.8,False,True,False
node/11235405379,17,261.2,41.8,False,True,False
node/11235408065,17,261.2,41.8,False,True,False
node/11235412827,17,261.2,41.8,False,True,False
node/11235430799,17,261.2,41.8,False,True,False
node/11235430874,17,261.2,41.8,False,False,True
node/11236573939,17,261.2,41.8,False,False,True
node/11238499756,17,261.2,41.8,False,False,True
node/11238499757,17,261.2,41.8,False,False,True
node/11244138190,17,261.2,41.8,False,True,False
node/11248475435,17,261.2,41.8,False,True,False
node/11274012885,17,261.2,41.8,False,False,True
node/11281776284,17,261.2,41.8,True,False,False
node/11283160956,17,261.2,41.8,True,False,False
node/11283184445,17,261.2,41.8,False,False,True
node/11283889164,17,261.2,41.8,False,False,True
node/11283910670,17,261.2,41.8,False,True,False
node/11283956785,17,261.2,41.8,False,True,False
node/11286211754,17,261.2,41.8,False,True,False
node/11286558768,17,261.2,41.8,False,False,True
node/11286572070,17,261.2,41.8,False,False,True
node/11286572071,17,261.2,41.8,True,False,False
node/11286572074,17,261.2,41.8,False,True,False
node/11286572077,17,261.2,41.8,False,True,False
node/11286751086,17,261.2,41.8,False,False,True
node/11286751090,17,261.2,41.8,False,False,True
node/11286751091,17,261.2,41.8,False,False,True
node/11286751094,17,261.2,41.8,False,False,True
node/11289186733,17,261.2,41.8,True,False,False
node/11290916361,17,261.2,41.8,False,False,True
node/11293706011,17,261.2,41.8,False,False,True
node/11293706013,17,261.2,41.8,False,False,True
node/11293706015,17,261.2,41.8,False,False,True
node/11293706017,17,261.2,41.8,False,False,True
node/11293706019,17,261.2,41.8,False,False,True
node/11293706022,17,261.2,41.8,False,False,True
node/11297604116,17,261.2,41.8,False,False,True
node/11297604125,17,261.2,41.8,False,False,True
node/11299621037,17,261.2,41.8,False,False,True
node/11299621038,17,261.2,41.8,False,False,True
node/11299621041,17,261.2,41.8,False,False,True
node/11299621042,17,261.2,41.8,False,False,True
node/11299621045,17,261.2,41.8,False,False,True
node/11299621046,17,261.2,41.8,False,False,True
node/11300078683,17,261.2,41.8,False,True,False
node/11300078685,17,261.2,41.8,False,True,False
node/11300078687,17,261.2,41.8,False,False,True
node/11300078690,17,261.2,41.8,False,False,True
node/11300078692,17,261.2,41.8,False,False,True
node/11300078700,17,261.2,41.8,True,False,False
node/11302894301,17,261.2,41.8,False,False,True
node/11302894305,17,261.2,41.8,False,True,False
node/11302894308,17,261.2,41.8,False,False,True
node/11305046919,17,261.2,41.8,False,False,True
node/11305046922,17,261.2,41.8,False,False,True
node/11307860004,17,261.2,41.8,False,True,False
node/11307860007,17,261.2,41.8,False,True,False
node/11309345425,17,261.2,41.8,True,False,False
node/11309345427,17,261.2,41.8,False,False,True
node/11309345430,17,261.2,41.8,False,False,True
node/11309793360,17,261.2,41.8,False,False,True
node/11309793362,17,261.2,41.8,False,False,True
node/11309895064,17,261.2,41.8,False,False,True
node/11314917558,17,261.2,41.8,False,False,True
node/11323343363,17,261.2,41.8,False,False,True
node/11323343365,17,261.2,41.8,False,False,True
node/11328986976,17,261.2,41.8,True,True,False
node/11328986977,17,261.2,41.8,True,False,False
node/11329310178,17,261.2,41.8,False,False,True
node/11329310180,17,261.2,41.8,False,False,True
node/11329310182,17,261.2,41.8,False,False,True
node/11329310184,17,261.2,41.8,False,True,False
node/11330897293,17,261.2,41.8,False,False,True
node/11331078189,17,261.2,41.8,False,False,True
node/11331221297,17,261.2,41.8,False,False,True
node/11331221302,17,261.2,41.8,False,True,False
node/11333439775,17,261.2,41.8,False,False,True
node/11333439779,17,261.2,41.8,True,False,False
node/11338249480,17,261.2,41.8,False,False,True
node/11341444243,17,261.2,41.8,False,False,True
node/11343157437,17,261.2,41.8,True,False,False
node/11343157441,17,261.2,41.8,True,True,False
node/11346416968,17,261.2,41.8,False,True,False
node/11346523975,17,261.2,41.8,False,True,False
node/11351141167,17,261.2,41.8,False,False,True
node/11360278411,17,261.2,41.8,False,False,True
node/11363940916,17,261.2,41.8,False,False,True
node/11368105980,17,261.2,41.8,True,False,False
node/11368588671,17,261.2,41.8,True,False,False
node/11375700083,17,261.2,41.8,True,False,False
node/11381441089,17,261.2,41.8,False,False,True
node/11394201826,17,261.2,41.8,False,False,True
node/11394201828,17,261.2,41.8,False,False,True
node/11394201830,17,261.2,41.8,False,False,True
node/11394201832,17,261.2,41.8,True,False,False
node/11394201834,17,261.2,41.8,False,False,True
node/11394506647,17,261.2,41.8,False,False,True
node/11396119821,17,261.2,41.8,False,False,True
node/11409602394,17,261.2,41.8,False,True,False
node/11409602397,17,261.2,41.8,False,True,False
node/11409602398,17,261.2,41.8,False,True,False
node/11449233173,17,261.2,41.8,False,False,True
node/11479066355,17,261.2,41.8,False,True,False
node/11486928221,17,261.2,41.8,False,False,True
node/11671805825,17,261.2,41.8,True,True,False
node/11910143361,17,261.2,41.8,False,False,True
node/12119676991,17,261.2,41.8,False,False,True
node/12172779822,17,261.2,41.8,False,False,True
node/12172781205,17,261.2,41.8,False,False,True
node/12190210046,17,261.2,41.8,False,False,True
node/12192793806,17,261.2,41.8,True,False,False
node/12199115379,17,261.2,41.8,True,False,False
node/12282173654,17,261.2,41.8,False,True,False
node/12288248548,17,261.2,41.8,False,True,False
node/12293672165,17,261.2,41.8,False,True,False
node/12294106887,17,261.2,41.8,False,True,False
node/12294241027,17,261.2,41.8,False,True,False
node/12348483124,17,261.2,41.8,False,False,True
node/12348483127,17,261.2,41.8,False,False,True
node/12367986198,17,261.2,41.8,False,False,True
node/12367986200,17,261.2,41.8,False,False,True
node/12371264418,17,261.2,41.8,False,False,True
node/12371264420,17,261.2,41.8,True,False,False
node/12371264422,17,261.2,41.8,False,True,False
node/12371264424,17,261.2,41.8,True,True,False
node/12371264426,17,261.2,41.8,True,True,False
node/12371264428,17,261.2,41.8,True,False,False
node/12384729380,17,261.2,41.8,False,False,True
node/12384729382,17,261.2,41.8,False,False,True
node/12384973717,17,261.2,41.8,False,False,True
node/12384973719,17,261.2,41.8,False,True,False
node/12384973720,17,261.2,41.8,False,False,True
node/12384973723,17,261.2,41.8,True,False,False
node/12384973725,17,261.2,41.8,False,True,False
node/12384973726,17,261.2,41.8,False,True,False
node/12384973729,17,261.2,41.8,False,True,False
node/12388466673,17,261.2,41.8,False,False,True
node/12416572526,17,261.2,41.8,False,False,True
node/12453116220,17,261.2,41.8,False,False,True
node/12453144002,17,261.2,41.8,False,True,False
node/12527905018,17,261.2,41.8,False,False,True
node/12529678839,17,261.2,41.8,False,False,True
node/12531539666,17,261.2,41.8,False,True,False
node/12616221007,17,261.2,41.8,True,False,False
node/12616221009,17,261.2,41.8,False,True,False
node/12620653917,17,261.2,41.8,False,False,True
node/12623557021,17,261.2,41.8,False,False,True
node/12625947814,17,261.2,41.8,False,False,True
node/12625947816,17,261.2,41.8,False,False,True
node/12633396728,17,261.2,41.8,False,False,True
node/12760074395,17,261.2,41.8,False,False,True
node/12760074400,17,261.2,41.8,False,False,True
node/12760085602,17,261.2,41.8,False,False,True
node/12898594759,17,261.2,41.8,True,False,False
node/12949650911,17,261.2,41.8,True,False,False
node/12961190801,17,261.2,41.8,True,False,False
node/12961190802,17,261.2,41.8,True,False,False
node/12961249305,17,261.2,41.8,False,False,True
node/13335422720,17,261.2,41.8,False,False,True
node/13335422721,17,261.2,41.8,False,False,True
node/13338205713,17,261.2,41.8,False,True,False
node/13338205726,17,261.2,41.8,False,True,False
node/13358645044,17,261.2,41.8,False,False,True
node/13390489892,17,261.2,41.8,True,False,False
node/13462282699,17,261.2,41.8,True,False,False
node/13462423720,17,261.2,41.8,True,False,False
node/13463687345,17,261.2,41.8,True,True,False
node/13463687346,17,261.2,41.8,False,True,False
node/13463687349,17,261.2,41.8,False,True,False
node/13463687352,17,261.2,41.8,False,True,False
node/13474226814,17,261.2,41.8,True,True,False
node/13474226815,17,261.2,41.8,True,False,False
node/13523874202,17,261.2,41.8,True,False,False
node/13566135712,17,261.2,41.8,False,False,True
node/13570114678,17,261.2,41.8,False,True,False
node/13585814422,17,261.2,41.8,True,False,False
node/13585814424,17,261.2,41.8,False,False,True
node/13585814425,17,261.2,41.8,False,False,True
node/13607465023,17,261.2,41.8,False,True,False
node/13645258115,17,261.2,41.8,False,False,True
node/13651994145,17,261.2,41.8,False,True,False
node/13655204277,17,261.2,41.8,False,True,False
node/13725165459,17,261.2,41.8,False,False,True
node/13786920938,17,261.2,41.8,False,False,True
node/13786920939,17,261.2,41.8,False,False,True
node/13787007025,17,261.2,41.8,True,True,False
node/13794370691,17,261.2,41.8,False,False,True
node/13795016030,17,261.2,41.8,False,True,False
node/13795300298,17,261.2,41.8,False,False,True
node/13795390647,17,261.2,41.8,True,False,False
node/13795390648,17,261.2,41.8,False,False,True
node/13798463596,17,261.2,41.8,True,False,False
node/13798524124,17,261.2,41.8,False,True,False
node/13798576354,17,261.2,41.8,True,False,False
node/13828018057,17,261.2,41.8,True,False,False
node/13867225722,17,261.2,41.8,False,False,True
node/13911832401,17,261.2,41.8,False,False,True
node/14029009015,17,261.2,41.8,False,False,True
node/21298371,18,272.4,31.3,False,False,True
node/95760547,18,272.4,31.3,True,True,False
node/95760548,18,272.4,31.3,True,False,False
node/95760550,18,272.4,31.3,False,False,True
node/95766440,18,272.4,31.3,True,True,False
node/95766815,18,272.4,31.3,False,False,True
node/102254906,18,272.4,31.3,False,True,False
node/114340464,18,272.4,31.3,True,True,False
node/114359530,18,272.4,31.3,True,True,False
node/114359538,18,272.4,31.3,False,False,True
node/114359562,18,272.4,31.3,True,True,False
node/114359572,18,272.4,31.3,False,True,False
node/245477294,18,272.4,31.3,True,True,False
node/245557029,18,272.4,31.3,True,True,False
node/245557039,18,272.4,31.3,True,True,False
node/245557048,18,272.4,31.3,True,True,False
node/245557054,18,272.4,31.3,True,True,False
node/245566207,18,272.4,31.3,False,False,True
node/248225549,18,272.4,31.3,True,True,False
node/251745095,18,272.4,31.3,True,True,False
node/260349632,18,272.4,31.3,True,False,False
node/260349654,18,272.4,31.3,True,True,False
node/260350380,18,272.4,31.3,False,True,False
node/260350384,18,272.4,31.3,False,True,False
node/260350759,18,272.4,31.3,False,True,False
node/268403389,18,272.4,31.3,False,True,False
node/268403390,18,272.4,31.3,False,True,False
node/268403415,18,272.4,31.3,False,True,False
node/268403421,18,272.4,31.3,False,True,False
node/271199334,18,272.4,31.3,False,False,True
node/281014139,18,272.4,31.3,True,False,False
node/281014594,18,272.4,31.3,False,True,False
node/282012567,18,272.4,31.3,False,True,False
node/282014871,18,272.4,31.3,False,True,False
node/292089713,18,272.4,31.3,False,True,False
node/306412919,18,272.4,31.3,False,True,False
node/306596480,18,272.4,31.3,False,True,False
node/343365115,18,272.4,31.3,False,True,False
node/345361935,18,272.4,31.3,False,False,True
node/345361940,18,272.4,31.3,True,True,False
node/345361945,18,272.4,31.3,True,False,False
node/345361952,18,272.4,31.3,False,True,False
node/365547378,18,272.4,31.3,True,True,False
node/365561354,18,272.4,31.3,False,False,True
node/428296354,18,272.4,31.3,True,True,False
node/428787332,18,272.4,31.3,True,True,False
node/428791961,18,272.4,31.3,True,True,False
node/429185332,18,272.4,31.3,True,True,False
node/429187148,18,272.4,31.3,True,False,False
node/429187149,18,272.4,31.3,True,True,False
node/432845451,18,272.4,31.3,False,True,False
node/432845456,18,272.4,31.3,False,True,False
node/441590515,18,272.4,31.3,True,True,False
node/441590516,18,272.4,31.3,False,True,False
node/506111737,18,272.4,31.3,False,True,False
node/540813432,18,272.4,31.3,True,False,False
node/583399850,18,272.4,31.3,False,True,False
node/615041486,18,272.4,31.3,False,False,True
node/634639449,18,272.4,31.3,False,True,False
node/634639645,18,272.4,31.3,False,True,False
node/642433231,18,272.4,31.3,False,True,False
node/642433232,18,272.4,31.3,False,True,False
node/642433233,18,272.4,31.3,False,True,False
node/643630956,18,272.4,31.3,False,True,False
node/643630958,18,272.4,31.3,False,False,True
node/645389866,18,272.4,31.3,False,True,False
node/645389873,18,272.4,31.3,False,False,True
node/645389878,18,272.4,31.3,False,False,True
node/645389913,18,272.4,31.3,False,True,False
node/645389918,18,272.4,31.3,False,True,False
node/645389928,18,272.4,31.3,False,True,False
node/647201933,18,272.4,31.3,False,True,False
node/647201935,18,272.4,31.3,False,True,False
node/648626763,18,272.4,31.3,False,True,False
node/648626772,18,272.4,31.3,False,True,False
node/648626781,18,272.4,31.3,False,True,False
node/648626782,18,272.4,31.3,True,True,False
node/648626783,18,272.4,31.3,True,True,False
node/648626786,18,272.4,31.3,False,True,False
node/648653672,18,272.4,31.3,True,False,False
node/648653719,18,272.4,31.3,False,True,False
node/649739307,18,272.4,31.3,False,True,False
node/649739313,18,272.4,31.3,False,True,False
node/649739318,18,272.4,31.3,False,True,False
node/649739404,18,272.4,31.3,True,True,False
node/649739407,18,272.4,31.3,True,True,False
node/649739411,18,272.4,31.3,False,True,False
node/649739415,18,272.4,31.3,False,True,False
node/649739510,18,272.4,31.3,False,True,False
node/649739564,18,272.4,31.3,False,True,False
node/649739566,18,272.4,31.3,False,True,False
node/650781102,18,272.4,31.3,False,True,False
node/650781127,18,272.4,31.3,True,False,False
node/650781131,18,272.4,31.3,False,True,False
node/653771340,18,272.4,31.3,False,True,False
node/654538356,18,272.4,31.3,False,True,False
node/654538374,18,272.4,31.3,False,True,False
node/654538375,18,272.4,31.3,False,True,False
node/654538389,18,272.4,31.3,False,True,False
node/654538397,18,272.4,31.3,False,True,False
node/654538401,18,272.4,31.3,False,True,False
node/654538411,18,272.4,31.3,False,True,False
node/654538442,18,272.4,31.3,False,True,False
node/654538443,18,272.4,31.3,False,False,True
node/654538451,18,272.4,31.3,False,True,False
node/654538454,18,272.4,31.3,False,True,False
node/654538457,18,272.4,31.3,False,True,False
node/654538460,18,272.4,31.3,False,True,False
node/654538463,18,272.4,31.3,False,True,False
node/654538466,18,272.4,31.3,True,True,False
node/654538473,18,272.4,31.3,False,False,True
node/654538490,18,272.4,31.3,False,True,False
node/655335119,18,272.4,31.3,False,True,False
node/655335152,18,272.4,31.3,False,True,False
node/655335180,18,272.4,31.3,True,True,False
node/655335182,18,272.4,31.3,True,False,False
node/655335201,18,272.4,31.3,False,True,False
node/656735044,18,272.4,31.3,False,True,False
node/656735048,18,272.4,31.3,False,True,False
node/656735052,18,272.4,31.3,True,False,False
node/656735055,18,272.4,31.3,False,True,False
node/656735065,18,272.4,31.3,False,True,False
node/656735070,18,272.4,31.3,False,True,False
node/656735073,18,272.4,31.3,True,True,False
node/656735077,18,272.4,31.3,False,False,True
node/656735078,18,272.4,31.3,True,True,False
node/656735081,18,272.4,31.3,False,True,False
node/656735085,18,272.4,31.3,False,False,True
node/656863421,18,272.4,31.3,False,True,False
node/656863425,18,272.4,31.3,False,True,False
node/656863430,18,272.4,31.3,False,True,False
node/656863433,18,272.4,31.3,True,True,False
node/656863437,18,272.4,31.3,False,True,False
node/656863438,18,272.4,31.3,True,True,False
node/656863440,18,272.4,31.3,True,True,False
node/656863441,18,272.4,31.3,True,True,False
node/656863442,18,272.4,31.3,False,True,False
node/656863443,18,272.4,31.3,False,True,False
node/656863444,18,272.4,31.3,True,True,False
node/656863445,18,272.4,31.3,True,True,False
node/658877712,18,272.4,31.3,True,False,False
node/658877713,18,272.4,31.3,False,False,True
node/658877718,18,272.4,31.3,False,True,False
node/658911165,18,272.4,31.3,False,True,False
node/658911193,18,272.4,31.3,True,False,False
node/658911195,18,272.4,31.3,True,False,False
node/658911196,18,272.4,31.3,False,True,False
node/658911197,18,272.4,31.3,False,True,False
node/659563415,18,272.4,31.3,False,False,True
node/659563416,18,272.4,31.3,False,False,True
node/660867285,18,272.4,31.3,False,True,False
node/660867286,18,272.4,31.3,False,True,False
node/660867287,18,272.4,31.3,False,True,False
node/660867288,18,272.4,31.3,False,False,True
node/660867289,18,272.4,31.3,False,True,False
node/660867290,18,272.4,31.3,False,True,False
node/660867292,18,272.4,31.3,True,False,False
node/660867293,18,272.4,31.3,False,True,False
node/660867294,18,272.4,31.3,False,True,False
node/660867295,18,272.4,31.3,True,False,False
node/660867296,18,272.4,31.3,False,True,False
node/660867298,18,272.4,31.3,False,True,False
node/660867299,18,272.4,31.3,False,True,False
node/660867300,18,272.4,31.3,True,False,False
node/660867304,18,272.4,31.3,True,True,False
node/660867305,18,272.4,31.3,False,False,True
node/660867312,18,272.4,31.3,False,False,True
node/660867313,18,272.4,31.3,False,False,True
node/660867314,18,272.4,31.3,True,True,False
node/660867315,18,272.4,31.3,True,True,False
node/660867316,18,272.4,31.3,False,False,True
node/660867317,18,272.4,31.3,False,True,False
node/660867318,18,272.4,31.3,False,True,False
node/660867324,18,272.4,31.3,False,True,False
node/660867325,18,272.4,31.3,True,True,False
node/660867326,18,272.4,31.3,False,True,False
node/660867327,18,272.4,31.3,False,False,True
node/660867339,18,272.4,31.3,False,True,False
node/660867340,18,272.4,31.3,False,True,False
node/660867344,18,272.4,31.3,False,True,False
node/660867345,18,272.4,31.3,False,True,False
node/660867346,18,272.4,31.3,False,True,False
node/660867347,18,272.4,31.3,False,True,False
node/660867349,18,272.4,31.3,False,False,True
node/660880366,18,272.4,31.3,False,True,False
node/660880367,18,272.4,31.3,False,True,False
node/661288871,18,272.4,31.3,False,False,True
node/661288898,18,272.4,31.3,False,True,False
node/661288904,18,272.4,31.3,True,False,False
node/661288911,18,272.4,31.3,False,False,True
node/661288915,18,272.4,31.3,False,True,False
node/661288930,18,272.4,31.3,True,False,False
node/661288941,18,272.4,31.3,False,True,False
node/661288968,18,272.4,31.3,True,False,False
node/661757871,18,272.4,31.3,False,False,True
node/661757872,18,272.4,31.3,False,True,False
node/661757877,18,272.4,31.3,False,True,False
node/661757879,18,272.4,31.3,False,False,True
node/661757880,18,272.4,31.3,False,True,False
node/661757882,18,272.4,31.3,False,True,False
node/661757898,18,272.4,31.3,False,True,False
node/661757908,18,272.4,31.3,False,True,False
node/661757910,18,272.4,31.3,False,True,False
node/661757912,18,272.4,31.3,False,True,False
node/661757915,18,272.4,31.3,False,True,False
node/661757917,18,272.4,31.3,False,True,False
node/661757918,18,272.4,31.3,False,True,False
node/661773006,18,272.4,31.3,False,True,False
node/661773007,18,272.4,31.3,False,True,False
node/661773011,18,272.4,31.3,False,True,False
node/661829363,18,272.4,31.3,False,True,False
node/661829364,18,272.4,31.3,False,False,True
node/661829365,18,272.4,31.3,False,True,False
node/661829366,18,272.4,31.3,False,True,False
node/661829367,18,272.4,31.3,False,True,False
node/661829369,18,272.4,31.3,False,False,True
node/661829371,18,272.4,31.3,False,True,False
node/661829374,18,272.4,31.3,False,True,False
node/661829376,18,272.4,31.3,True,True,False
node/661902193,18,272.4,31.3,False,False,True
node/661902212,18,272.4,31.3,False,True,False
node/662188142,18,272.4,31.3,False,False,True
node/662249354,18,272.4,31.3,False,True,False
node/662249355,18,272.4,31.3,False,False,True
node/662287133,18,272.4,31.3,True,False,False
node/662287136,18,272.4,31.3,False,False,True
node/662287137,18,272.4,31.3,True,True,False
node/662287139,18,272.4,31.3,True,False,False
node/662287141,18,272.4,31.3,False,True,False
node/662287142,18,272.4,31.3,False,False,True
node/662300553,18,272.4,31.3,False,False,True
node/662300555,18,272.4,31.3,False,True,False
node/662300556,18,272.4,31.3,False,True,False
node/662300559,18,272.4,31.3,False,True,False
node/662300561,18,272.4,31.3,False,True,False
node/662300562,18,272.4,31.3,False,True,False
node/662300563,18,272.4,31.3,False,True,False
node/662300564,18,272.4,31.3,False,False,True
node/662300565,18,272.4,31.3,False,False,True
node/662344054,18,272.4,31.3,False,True,False
node/662344055,18,272.4,31.3,False,False,True
node/662344057,18,272.4,31.3,False,True,False
node/662438476,18,272.4,31.3,False,True,False
node/662585054,18,272.4,31.3,False,False,True
node/662585056,18,272.4,31.3,False,True,False
node/662585059,18,272.4,31.3,False,True,False
node/662585063,18,272.4,31.3,False,False,True
node/662585066,18,272.4,31.3,True,True,False
node/662585070,18,272.4,31.3,False,True,False
node/662585073,18,272.4,31.3,True,True,False
node/662585078,18,272.4,31.3,False,False,True
node/662585081,18,272.4,31.3,False,True,False
node/662585084,18,272.4,31.3,False,True,False
node/663389725,18,272.4,31.3,False,True,False
node/663389729,18,272.4,31.3,False,False,True
node/663825165,18,272.4,31.3,False,False,True
node/663825168,18,272.4,31.3,False,False,True
node/663825170,18,272.4,31.3,False,True,False
node/663868617,18,272.4,31.3,False,True,False
node/663868618,18,272.4,31.3,False,False,True
node/663868619,18,272.4,31.3,False,True,False
node/664389964,18,272.4,31.3,False,False,True
node/667196516,18,272.4,31.3,True,True,False
node/674736277,18,272.4,31.3,True,True,False
node/676643327,18,272.4,31.3,True,True,False
node/676643331,18,272.4,31.3,True,True,False
node/676643332,18,272.4,31.3,False,True,False
node/676643334,18,272.4,31.3,True,True,False
node/676691581,18,272.4,31.3,True,True,False
node/676691586,18,272.4,31.3,False,True,False
node/676691589,18,272.4,31.3,True,True,False
node/676691594,18,272.4,31.3,True,False,False
node/676691598,18,272.4,31.3,True,False,False
node/676691604,18,272.4,31.3,False,False,True
node/676700279,18,272.4,31.3,False,True,False
node/676738424,18,272.4,31.3,False,True,False
node/676738427,18,272.4,31.3,False,True,False
node/676738429,18,272.4,31.3,True,True,False
node/676738431,18,272.4,31.3,False,True,False
node/676738433,18,272.4,31.3,False,False,True
node/676745533,18,272.4,31.3,False,False,True
node/678880586,18,272.4,31.3,False,True,False
node/678880588,18,272.4,31.3,False,True,False
node/678880589,18,272.4,31.3,False,True,False
node/678880590,18,272.4,31.3,False,False,True
node/678880591,18,272.4,31.3,False,False,True
node/678880592,18,272.4,31.3,False,True,False
node/678880593,18,272.4,31.3,False,False,True
node/678880594,18,272.4,31.3,False,False,True
node/678880595,18,272.4,31.3,False,False,True
node/678880597,18,272.4,31.3,False,True,False
node/678880608,18,272.4,31.3,False,True,False
node/678880610,18,272.4,31.3,True,False,False
node/678880612,18,272.4,31.3,True,False,False
node/678880613,18,272.4,31.3,True,False,False
node/679447426,18,272.4,31.3,False,True,False
node/679475723,18,272.4,31.3,True,False,False
node/679475726,18,272.4,31.3,False,True,False
node/679475728,18,272.4,31.3,False,True,False
node/679475731,18,272.4,31.3,True,False,False
node/679479311,18,272.4,31.3,True,True,False
node/680299285,18,272.4,31.3,True,True,False
node/680377132,18,272.4,31.3,False,True,False
node/680520275,18,272.4,31.3,False,True,False
node/680520281,18,272.4,31.3,False,True,False
node/680520285,18,272.4,31.3,False,False,True
node/680520294,18,272.4,31.3,False,True,False
node/680520299,18,272.4,31.3,True,False,False
node/680520328,18,272.4,31.3,True,False,False
node/680520333,18,272.4,31.3,True,True,False
node/680520338,18,272.4,31.3,True,False,False
node/680520342,18,272.4,31.3,True,False,False
node/680520360,18,272.4,31.3,False,True,False
node/687864649,18,272.4,31.3,True,False,False
node/692073197,18,272.4,31.3,True,True,False
node/692073222,18,272.4,31.3,True,False,False
node/693683785,18,272.4,31.3,False,False,True
node/693933529,18,272.4,31.3,False,True,False
node/693933532,18,272.4,31.3,False,False,True
node/705535132,18,272.4,31.3,False,True,False
node/705664753,18,272.4,31.3,False,True,False
node/705685629,18,272.4,31.3,False,False,True
node/705704754,18,272.4,31.3,False,False,True
node/705704795,18,272.4,31.3,False,False,True
node/705704828,18,272.4,31.3,False,False,True
node/705722195,18,272.4,31.3,True,True,False
node/705722196,18,272.4,31.3,False,False,True
node/705722197,18,272.4,31.3,False,True,False
node/705722198,18,272.4,31.3,False,True,False
node/705722199,18,272.4,31.3,False,False,True
node/705722205,18,272.4,31.3,True,True,False
node/705722208,18,272.4,31.3,False,False,True
node/705722221,18,272.4,31.3,True,True,False
node/706725638,18,272.4,31.3,True,True,False
node/708087631,18,272.4,31.3,False,False,True
node/708087634,18,272.4,31.3,False,True,False
node/708087640,18,272.4,31.3,True,True,False
node/708087642,18,272.4,31.3,False,True,False
node/708087644,18,272.4,31.3,False,False,True
node/708087647,18,272.4,31.3,False,False,True
node/708087651,18,272.4,31.3,False,True,False
node/708123785,18,272.4,31.3,True,True,False
node/708123787,18,272.4,31.3,False,True,False
node/708123789,18,272.4,31.3,False,True,False
node/708123793,18,272.4,31.3,False,True,False
node/714175316,18,272.4,31.3,True,True,False
node/714175323,18,272.4,31.3,False,False,True
node/714175327,18,272.4,31.3,False,False,True
node/714175330,18,272.4,31.3,True,False,False
node/714175333,18,272.4,31.3,False,True,False
node/714175337,18,272.4,31.3,False,True,False
node/714175341,18,272.4,31.3,False,True,False
node/714307639,18,272.4,31.3,False,True,False
node/714307640,18,272.4,31.3,False,True,False
node/714307641,18,272.4,31.3,False,True,False
node/714307642,18,272.4,31.3,False,True,False
node/714307643,18,272.4,31.3,True,True,False
node/714307644,18,272.4,31.3,False,True,False
node/714307646,18,272.4,31.3,False,True,False
node/714307653,18,272.4,31.3,False,True,False
node/714307655,18,272.4,31.3,False,True,False
node/714331149,18,272.4,31.3,False,True,False
node/714331150,18,272.4,31.3,False,True,False
node/715795985,18,272.4,31.3,True,True,False
node/715795988,18,272.4,31.3,True,True,False
node/715795997,18,272.4,31.3,True,True,False
node/715795999,18,272.4,31.3,True,True,False
node/715796009,18,272.4,31.3,False,True,False
node/715796017,18,272.4,31.3,False,True,False
node/715796020,18,272.4,31.3,False,False,True
node/715827009,18,272.4,31.3,True,True,False
node/715827015,18,272.4,31.3,True,True,False
node/715948229,18,272.4,31.3,True,False,False
node/715948266,18,272.4,31.3,True,False,False
node/715987136,18,272.4,31.3,False,True,False
node/715987152,18,272.4,31.3,False,True,False
node/715987155,18,272.4,31.3,False,True,False
node/715987157,18,272.4,31.3,False,True,False
node/715987159,18,272.4,31.3,False,True,False
node/715987161,18,272.4,31.3,False,True,False
node/716008478,18,272.4,31.3,False,True,False
node/716008561,18,272.4,31.3,False,True,False
node/716008564,18,272.4,31.3,False,True,False
node/716008566,18,272.4,31.3,False,False,True
node/716008568,18,272.4,31.3,False,True,False
node/716008570,18,272.4,31.3,False,True,False
node/716015766,18,272.4,31.3,False,True,False
node/716023939,18,272.4,31.3,False,True,False
node/716023940,18,272.4,31.3,False,True,False
node/716023943,18,272.4,31.3,False,True,False
node/716023944,18,272.4,31.3,True,True,False
node/716023945,18,272.4,31.3,False,True,False
node/716023947,18,272.4,31.3,True,True,False
node/717641269,18,272.4,31.3,False,False,True
node/717641278,18,272.4,31.3,True,True,False
node/717641294,18,272.4,31.3,False,True,False
node/717641295,18,272.4,31.3,True,True,False
node/717641335,18,272.4,31.3,False,True,False
node/717641337,18,272.4,31.3,False,False,True
node/723173231,18,272.4,31.3,True,False,False
node/723278918,18,272.4,31.3,False,True,False
node/723278937,18,272.4,31.3,False,False,True
node/723278949,18,272.4,31.3,True,False,False
node/723278960,18,272.4,31.3,False,True,False
node/726880667,18,272.4,31.3,True,False,False
node/726880696,18,272.4,31.3,True,False,False
node/726880711,18,272.4,31.3,True,True,False
node/726880721,18,272.4,31.3,False,True,False
node/726880760,18,272.4,31.3,False,False,True
node/726899485,18,272.4,31.3,False,True,False
node/726905052,18,272.4,31.3,True,False,False
node/726923443,18,272.4,31.3,False,False,True
node/726927282,18,272.4,31.3,False,True,False
node/726927283,18,272.4,31.3,False,True,False
node/727781189,18,272.4,31.3,True,False,False
node/727781213,18,272.4,31.3,True,True,False
node/727781214,18,272.4,31.3,True,True,False
node/727802743,18,272.4,31.3,True,False,False
node/727802745,18,272.4,31.3,False,False,True
node/729049314,18,272.4,31.3,False,False,True
node/729049328,18,272.4,31.3,False,True,False
node/729049334,18,272.4,31.3,True,True,False
node/729049339,18,272.4,31.3,False,True,False
node/729049346,18,272.4,31.3,False,True,False
node/729049367,18,272.4,31.3,False,True,False
node/729049373,18,272.4,31.3,False,True,False
node/729049377,18,272.4,31.3,False,True,False
node/729049383,18,272.4,31.3,False,True,False
node/729049385,18,272.4,31.3,True,True,False
node/729049388,18,272.4,31.3,False,True,False
node/729049391,18,272.4,31.3,False,True,False
node/729049395,18,272.4,31.3,False,True,False
node/729049397,18,272.4,31.3,False,True,False
node/729313995,18,272.4,31.3,False,True,False
node/729313996,18,272.4,31.3,True,True,False
node/729313999,18,272.4,31.3,False,True,False
node/729314003,18,272.4,31.3,False,True,False
node/729314006,18,272.4,31.3,True,True,False
node/729314009,18,272.4,31.3,False,True,False
node/729314010,18,272.4,31.3,True,True,False
node/729314013,18,272.4,31.3,True,True,False
node/729314014,18,272.4,31.3,True,True,False
node/729314016,18,272.4,31.3,False,True,False
node/729314017,18,272.4,31.3,False,True,False
node/729314018,18,272.4,31.3,False,True,False
node/729314022,18,272.4,31.3,False,True,False
node/729314023,18,272.4,31.3,False,True,False
node/729314024,18,272.4,31.3,False,True,False
node/729314025,18,272.4,31.3,False,True,False
node/729314026,18,272.4,31.3,False,True,False
node/729314027,18,272.4,31.3,False,True,False
node/729314028,18,272.4,31.3,False,True,False
node/729314029,18,272.4,31.3,False,True,False
node/729314030,18,272.4,31.3,False,True,False
node/729314031,18,272.4,31.3,False,True,False
node/729314034,18,272.4,31.3,False,True,False
node/729314035,18,272.4,31.3,False,True,False
node/729314036,18,272.4,31.3,False,True,False
node/729314038,18,272.4,31.3,False,True,False
node/729314039,18,272.4,31.3,False,True,False
node/729314040,18,272.4,31.3,False,False,True
node/729314041,18,272.4,31.3,False,True,False
node/729314042,18,272.4,31.3,True,True,False
node/729314043,18,272.4,31.3,False,True,False
node/729314044,18,272.4,31.3,False,False,True
node/729314045,18,272.4,31.3,False,True,False
node/729314046,18,272.4,31.3,False,True,False
node/729314047,18,272.4,31.3,True,True,False
node/729314048,18,272.4,31.3,True,True,False
node/729314050,18,272.4,31.3,False,True,False
node/729314052,18,272.4,31.3,False,True,False
node/729314064,18,272.4,31.3,False,True,False
node/729314066,18,272.4,31.3,False,False,True
node/729314068,18,272.4,31.3,True,True,False
node/729314070,18,272.4,31.3,True,True,False
node/736901117,18,272.4,31.3,True,False,False
node/736901118,18,272.4,31.3,True,True,False
node/745843278,18,272.4,31.3,False,False,True
node/745843542,18,272.4,31.3,False,False,True
node/745843545,18,272.4,31.3,False,False,True
node/745843563,18,272.4,31.3,False,False,True
node/745843569,18,272.4,31.3,False,False,True
node/745843571,18,272.4,31.3,True,False,False
node/745843576,18,272.4,31.3,False,False,True
node/745843585,18,272.4,31.3,True,False,False
node/745843596,18,272.4,31.3,False,False,True
node/745843602,18,272.4,31.3,False,False,True
node/745843611,18,272.4,31.3,False,True,False
node/745843617,18,272.4,31.3,False,True,False
node/745843620,18,272.4,31.3,False,False,True
node/745843621,18,272.4,31.3,False,True,False
node/745843639,18,272.4,31.3,False,True,False
node/745843644,18,272.4,31.3,False,False,True
node/745843650,18,272.4,31.3,False,False,True
node/745843653,18,272.4,31.3,False,False,True
node/745843668,18,272.4,31.3,False,True,False
node/745843686,18,272.4,31.3,False,True,False
node/745843689,18,272.4,31.3,False,False,True
node/745843700,18,272.4,31.3,False,False,True
node/745843718,18,272.4,31.3,False,True,False
node/745843722,18,272.4,31.3,False,True,False
node/745843747,18,272.4,31.3,False,False,True
node/745843781,18,272.4,31.3,False,True,False
node/745843793,18,272.4,31.3,False,True,False
node/745843795,18,272.4,31.3,False,True,False
node/745843804,18,272.4,31.3,True,True,False
node/745843817,18,272.4,31.3,False,False,True
node/747373723,18,272.4,31.3,False,True,False
node/749915461,18,272.4,31.3,False,False,True
node/749915469,18,272.4,31.3,False,True,False
node/749915496,18,272.4,31.3,False,True,False
node/749915501,18,272.4,31.3,False,True,False
node/776998377,18,272.4,31.3,False,False,True
node/776998421,18,272.4,31.3,False,True,False
node/776998536,18,272.4,31.3,False,True,False
node/776998611,18,272.4,31.3,False,True,False
node/776998622,18,272.4,31.3,False,True,False
node/776998653,18,272.4,31.3,False,True,False
node/776998658,18,272.4,31.3,True,True,False
node/776998702,18,272.4,31.3,True,True,False
node/776998708,18,272.4,31.3,False,True,False
node/785897777,18,272.4,31.3,False,True,False
node/785897978,18,272.4,31.3,False,True,False
node/793812415,18,272.4,31.3,True,True,False
node/886417884,18,272.4,31.3,False,True,False
node/886547417,18,272.4,31.3,False,True,False
node/886547790,18,272.4,31.3,False,True,False
node/895947217,18,272.4,31.3,True,True,False
node/935738120,18,272.4,31.3,False,True,False
node/935738124,18,272.4,31.3,False,True,False
node/935738170,18,272.4,31.3,False,True,False
node/959824618,18,272.4,31.3,False,True,False
node/959824625,18,272.4,31.3,True,False,False
node/959824630,18,272.4,31.3,False,True,False
node/959824634,18,272.4,31.3,True,True,False
node/959824649,18,272.4,31.3,False,True,False
node/959824652,18,272.4,31.3,False,True,False
node/959824653,18,272.4,31.3,True,True,False
node/959824656,18,272.4,31.3,False,True,False
node/959824657,18,272.4,31.3,True,False,False
node/959824659,18,272.4,31.3,True,False,False
node/959824660,18,272.4,31.3,True,True,False
node/959824663,18,272.4,31.3,False,True,False
node/959824666,18,272.4,31.3,True,True,False
node/959824668,18,272.4,31.3,True,True,False
node/959824671,18,272.4,31.3,True,False,False
node/981872291,18,272.4,31.3,False,True,False
node/981872301,18,272.4,31.3,False,True,False
node/981872303,18,272.4,31.3,False,True,False
node/981872304,18,272.4,31.3,False,True,False
node/982682845,18,272.4,31.3,False,False,True
node/982682846,18,272.4,31.3,False,False,True
node/982682847,18,272.4,31.3,True,True,False
node/982855592,18,272.4,31.3,False,True,False
node/983814549,18,272.4,31.3,False,True,False
node/992112751,18,272.4,31.3,False,True,False
node/992112753,18,272.4,31.3,False,True,False
node/992113410,18,272.4,31.3,False,True,False
node/994009755,18,272.4,31.3,False,True,False
node/994089720,18,272.4,31.3,True,True,False
node/994089728,18,272.4,31.3,True,True,False
node/994089735,18,272.4,31.3,False,False,True
node/994118008,18,272.4,31.3,True,False,False
node/994118017,18,272.4,31.3,False,True,False
node/994132203,18,272.4,31.3,True,False,False
node/994147890,18,272.4,31.3,True,False,False
node/994147892,18,272.4,31.3,True,True,False
node/994147895,18,272.4,31.3,True,False,False
node/994147905,18,272.4,31.3,True,False,False
node/994147907,18,272.4,31.3,False,False,True
node/994183875,18,272.4,31.3,False,False,True
node/994183913,18,272.4,31.3,True,True,False
node/994183921,18,272.4,31.3,True,False,False
node/994183929,18,272.4,31.3,False,False,True
node/996118014,18,272.4,31.3,False,True,False
node/996118054,18,272.4,31.3,False,True,False
node/996190138,18,272.4,31.3,False,True,False
node/996572168,18,272.4,31.3,False,False,True
node/996572180,18,272.4,31.3,False,False,True
node/996572322,18,272.4,31.3,False,True,False
node/997306488,18,272.4,31.3,False,False,True
node/998207278,18,272.4,31.3,False,False,True
node/998638141,18,272.4,31.3,False,True,False
node/998638179,18,272.4,31.3,False,True,False
node/998759971,18,272.4,31.3,True,False,False
node/998807645,18,272.4,31.3,True,True,False
node/998807657,18,272.4,31.3,True,True,False
node/1003229677,18,272.4,31.3,False,True,False
node/1003229681,18,272.4,31.3,False,True,False
node/1003229692,18,272.4,31.3,True,True,False
node/1003229702,18,272.4,31.3,False,True,False
node/1003229707,18,272.4,31.3,True,True,False
node/1003229715,18,272.4,31.3,False,True,False
node/1003229718,18,272.4,31.3,False,True,False
node/1003229728,18,272.4,31.3,False,True,False
node/1003229735,18,272.4,31.3,False,True,False
node/1003229737,18,272.4,31.3,False,True,False
node/1003229752,18,272.4,31.3,False,True,False
node/1003276458,18,272.4,31.3,True,True,False
node/1003276459,18,272.4,31.3,False,True,False
node/1003276463,18,272.4,31.3,True,True,False
node/1003276465,18,272.4,31.3,False,True,False
node/1003276466,18,272.4,31.3,True,True,False
node/1003276473,18,272.4,31.3,False,True,False
node/1004444450,18,272.4,31.3,False,True,False
node/1004444476,18,272.4,31.3,True,False,False
node/1004444491,18,272.4,31.3,True,True,False
node/1006057366,18,272.4,31.3,False,True,False
node/1006057367,18,272.4,31.3,False,True,False
node/1006057386,18,272.4,31.3,False,True,False
node/1006191591,18,272.4,31.3,False,False,True
node/1009311669,18,272.4,31.3,False,True,False
node/1009311749,18,272.4,31.3,True,True,False
node/1009311797,18,272.4,31.3,False,False,True
node/1009311852,18,272.4,31.3,False,False,True
node/1009311915,18,272.4,31.3,False,True,False
node/1009311952,18,272.4,31.3,False,True,False
node/1009311965,18,272.4,31.3,False,True,False
node/1009311968,18,272.4,31.3,True,False,False
node/1009312027,18,272.4,31.3,False,True,False
node/1009312067,18,272.4,31.3,False,True,False
node/1009312095,18,272.4,31.3,False,False,True
node/1009312121,18,272.4,31.3,False,False,True
node/1011790277,18,272.4,31.3,True,True,False
node/1011790316,18,272.4,31.3,True,True,False
node/1011790353,18,272.4,31.3,True,True,False
node/1011790361,18,272.4,31.3,True,True,False
node/1011790364,18,272.4,31.3,False,True,False
node/1011790393,18,272.4,31.3,False,False,True
node/1011790396,18,272.4,31.3,False,True,False
node/1011790409,18,272.4,31.3,True,False,False
node/1011790418,18,272.4,31.3,False,True,False
node/1011790481,18,272.4,31.3,False,True,False
node/1011790502,18,272.4,31.3,False,True,False
node/1018022682,18,272.4,31.3,False,False,True
node/1018022684,18,272.4,31.3,False,True,False
node/1027462220,18,272.4,31.3,True,False,False
node/1028229243,18,272.4,31.3,True,True,False
node/1028305084,18,272.4,31.3,True,False,False
node/1028305247,18,272.4,31.3,True,False,False
node/1028830776,18,272.4,31.3,False,False,True
node/1028830979,18,272.4,31.3,False,False,True
node/1030280352,18,272.4,31.3,False,True,False
node/1030280471,18,272.4,31.3,False,True,False
node/1030280474,18,272.4,31.3,False,True,False
node/1097841709,18,272.4,31.3,False,False,True
node/1097841716,18,272.4,31.3,False,True,False
node/1097841737,18,272.4,31.3,False,True,False
node/1097841741,18,272.4,31.3,False,False,True
node/1097841742,18,272.4,31.3,False,True,False
node/1097841743,18,272.4,31.3,False,True,False
node/1097841752,18,272.4,31.3,False,False,True
node/1103678784,18,272.4,31.3,False,False,True
node/1112456261,18,272.4,31.3,True,False,False
node/1119024747,18,272.4,31.3,True,True,False
node/1134256752,18,272.4,31.3,False,True,False
node/1137794310,18,272.4,31.3,True,True,False
node/1137802570,18,272.4,31.3,False,False,True
node/1137802579,18,272.4,31.3,False,False,True
node/1137818886,18,272.4,31.3,False,False,True
node/1137818887,18,272.4,31.3,False,False,True
node/1137830092,18,272.4,31.3,False,True,False
node/1137830094,18,272.4,31.3,False,False,True
node/1137830095,18,272.4,31.3,True,False,False
node/1137872245,18,272.4,31.3,False,False,True
node/1137872285,18,272.4,31.3,False,True,False
node/1137958736,18,272.4,31.3,False,True,False
node/1137973396,18,272.4,31.3,True,True,False
node/1137973399,18,272.4,31.3,False,True,False
node/1138006269,18,272.4,31.3,False,True,False
node/1138006277,18,272.4,31.3,True,False,False
node/1138036121,18,272.4,31.3,False,True,False
node/1272557317,18,272.4,31.3,True,False,False
node/1272557326,18,272.4,31.3,False,True,False
node/1272557340,18,272.4,31.3,False,True,False
node/1272557344,18,272.4,31.3,True,False,False
node/1272557365,18,272.4,31.3,False,True,False
node/1272557389,18,272.4,31.3,False,False,True
node/1272557552,18,272.4,31.3,False,True,False
node/1272557584,18,272.4,31.3,True,False,False
node/1272557592,18,272.4,31.3,False,True,False
node/1272557608,18,272.4,31.3,True,True,False
node/1272557630,18,272.4,31.3,True,True,False
node/1272557684,18,272.4,31.3,False,True,False
node/1272557722,18,272.4,31.3,False,True,False
node/1272557753,18,272.4,31.3,True,True,False
node/1272557793,18,272.4,31.3,False,True,False
node/1272557798,18,272.4,31.3,True,True,False
node/1272557812,18,272.4,31.3,False,True,False
node/1272557834,18,272.4,31.3,False,True,False
node/1273595512,18,272.4,31.3,False,True,False
node/1273595518,18,272.4,31.3,False,True,False
node/1273595527,18,272.4,31.3,False,True,False
node/1273595530,18,272.4,31.3,False,True,False
node/1273595532,18,272.4,31.3,False,True,False
node/1273595537,18,272.4,31.3,True,True,False
node/1273595542,18,272.4,31.3,False,True,False
node/1273595550,18,272.4,31.3,False,False,True
node/1273595555,18,272.4,31.3,False,True,False
node/1273633817,18,272.4,31.3,False,False,True
node/1273655589,18,272.4,31.3,True,True,False
node/1273655591,18,272.4,31.3,True,True,False
node/1273655598,18,272.4,31.3,True,True,False
node/1273665587,18,272.4,31.3,False,True,False
node/1273702741,18,272.4,31.3,True,True,False
node/1273702747,18,272.4,31.3,True,True,False
node/1273702764,18,272.4,31.3,False,True,False
node/1273702767,18,272.4,31.3,False,False,True
node/1273702784,18,272.4,31.3,False,True,False
node/1273702791,18,272.4,31.3,False,True,False
node/1273702802,18,272.4,31.3,False,True,False
node/1273736294,18,272.4,31.3,False,True,False
node/1273736296,18,272.4,31.3,False,True,False
node/1273736302,18,272.4,31.3,False,True,False
node/1273736308,18,272.4,31.3,False,True,False
node/1273742525,18,272.4,31.3,False,True,False
node/1273749690,18,272.4,31.3,True,False,False
node/1276273393,18,272.4,31.3,False,True,False
node/1276273403,18,272.4,31.3,False,True,False
node/1276273408,18,272.4,31.3,False,True,False
node/1276273411,18,272.4,31.3,False,True,False
node/1276273423,18,272.4,31.3,False,True,False
node/1276273425,18,272.4,31.3,False,True,False
node/1276320492,18,272.4,31.3,False,True,False
node/1276320582,18,272.4,31.3,False,True,False
node/1276400883,18,272.4,31.3,True,False,False
node/1276400897,18,272.4,31.3,False,True,False
node/1276400927,18,272.4,31.3,False,True,False
node/1276417089,18,272.4,31.3,False,True,False
node/1276417092,18,272.4,31.3,False,True,False
node/1276417093,18,272.4,31.3,False,True,False
node/1276478031,18,272.4,31.3,False,False,True
node/1276478077,18,272.4,31.3,False,False,True
node/1276478093,18,272.4,31.3,False,False,True
node/1276478094,18,272.4,31.3,False,True,False
node/1276478112,18,272.4,31.3,False,True,False
node/1276478121,18,272.4,31.3,False,False,True
node/1276478123,18,272.4,31.3,False,False,True
node/1276502116,18,272.4,31.3,False,False,True
node/1277721731,18,272.4,31.3,False,True,False
node/1277721734,18,272.4,31.3,False,True,False
node/1277721737,18,272.4,31.3,True,False,False
node/1277721740,18,272.4,31.3,True,True,False
node/1277721745,18,272.4,31.3,False,False,True
node/1277721746,18,272.4,31.3,False,False,True
node/1277732178,18,272.4,31.3,False,False,True
node/1277834061,18,272.4,31.3,False,False,True
node/1277834071,18,272.4,31.3,False,False,True
node/1277834092,18,272.4,31.3,False,True,False
node/1277834103,18,272.4,31.3,False,False,True
node/1277834111,18,272.4,31.3,False,True,False
node/1277834138,18,272.4,31.3,False,False,True
node/1277834152,18,272.4,31.3,False,True,False
node/1277834154,18,272.4,31.3,False,False,True
node/1277834174,18,272.4,31.3,False,False,True
node/1277834175,18,272.4,31.3,False,True,False
node/1277834225,18,272.4,31.3,False,False,True
node/1277834240,18,272.4,31.3,False,True,False
node/1277834262,18,272.4,31.3,False,False,True
node/1277834264,18,272.4,31.3,False,False,True
node/1277834274,18,272.4,31.3,False,True,False
node/1277834295,18,272.4,31.3,False,False,True
node/1277834337,18,272.4,31.3,False,False,True
node/1277834347,18,272.4,31.3,False,True,False
node/1277834368,18,272.4,31.3,False,False,True
node/1277834371,18,272.4,31.3,False,True,False
node/1277834396,18,272.4,31.3,False,True,False
node/1277834449,18,272.4,31.3,False,True,False
node/1277834452,18,272.4,31.3,True,False,False
node/1277834459,18,272.4,31.3,False,True,False
node/1277834466,18,272.4,31.3,False,True,False
node/1277834472,18,272.4,31.3,True,True,False
node/1277834492,18,272.4,31.3,True,False,False
node/1277834493,18,272.4,31.3,False,True,False
node/1277834582,18,272.4,31.3,False,False,True
node/1277834607,18,272.4,31.3,False,True,False
node/1277834618,18,272.4,31.3,False,False,True
node/1277834624,18,272.4,31.3,False,False,True
node/1277834649,18,272.4,31.3,True,False,False
node/1277834699,18,272.4,31.3,False,False,True
node/1277834725,18,272.4,31.3,True,False,False
node/1277834727,18,272.4,31.3,False,True,False
node/1279480910,18,272.4,31.3,True,False,False
node/1279480912,18,272.4,31.3,True,False,False
node/1279480916,18,272.4,31.3,False,False,True
node/1279480918,18,272.4,31.3,True,False,False
node/1279480923,18,272.4,31.3,True,False,False
node/1279480925,18,272.4,31.3,True,False,False
node/1279480929,18,272.4,31.3,False,True,False
node/1279480935,18,272.4,31.3,False,False,True
node/1279657058,18,272.4,31.3,False,True,False
node/1279675102,18,272.4,31.3,True,False,False
node/1279695348,18,272.4,31.3,False,True,False
node/1279695361,18,272.4,31.3,False,True,False
node/1279742021,18,272.4,31.3,True,False,False
node/1279742023,18,272.4,31.3,True,False,False
node/1279742024,18,272.4,31.3,True,True,False
node/1279742035,18,272.4,31.3,True,True,False
node/1279742039,18,272.4,31.3,False,True,False
node/1279742050,18,272.4,31.3,False,True,False
node/1279742054,18,272.4,31.3,False,True,False
node/1279742061,18,272.4,31.3,True,False,False
node/1279742063,18,272.4,31.3,False,True,False
node/1279742065,18,272.4,31.3,False,False,True
node/1279742073,18,272.4,31.3,False,True,False
node/1283536253,18,272.4,31.3,False,False,True
node/1283536254,18,272.4,31.3,False,False,True
node/1284581959,18,272.4,31.3,False,True,False
node/1284582060,18,272.4,31.3,False,False,True
node/1284926939,18,272.4,31.3,True,False,False
node/1284926944,18,272.4,31.3,True,True,False
node/1284926961,18,272.4,31.3,True,True,False
node/1284926963,18,272.4,31.3,True,True,False
node/1284926984,18,272.4,31.3,True,False,False
node/1284926985,18,272.4,31.3,False,False,True
node/1284926996,18,272.4,31.3,True,False,False
node/1284927009,18,272.4,31.3,False,True,False
node/1284927034,18,272.4,31.3,False,False,True
node/1284927074,18,272.4,31.3,False,True,False
node/1284927083,18,272.4,31.3,False,False,True
node/1284927093,18,272.4,31.3,False,True,False
node/1284927099,18,272.4,31.3,False,True,False
node/1284927115,18,272.4,31.3,False,True,False
node/1284927124,18,272.4,31.3,False,True,False
node/1284927131,18,272.4,31.3,False,True,False
node/1284927139,18,272.4,31.3,False,True,False
node/1286915409,18,272.4,31.3,False,True,False
node/1286915419,18,272.4,31.3,True,True,False
node/1286915421,18,272.4,31.3,True,True,False
node/1289529721,18,272.4,31.3,False,True,False
node/1289529758,18,272.4,31.3,False,True,False
node/1293986598,18,272.4,31.3,True,True,False
node/1293986601,18,272.4,31.3,True,True,False
node/1293986603,18,272.4,31.3,False,True,False
node/1294003447,18,272.4,31.3,False,False,True
node/1294003448,18,272.4,31.3,False,False,True
node/1294003450,18,272.4,31.3,False,False,True
node/1294003452,18,272.4,31.3,False,True,False
node/1294003453,18,272.4,31.3,False,True,False
node/1294003454,18,272.4,31.3,False,False,True
node/1294003461,18,272.4,31.3,False,False,True
node/1294003462,18,272.4,31.3,False,False,True
node/1295136729,18,272.4,31.3,True,True,False
node/1295150682,18,272.4,31.3,False,True,False
node/1295159013,18,272.4,31.3,False,False,True
node/1295159014,18,272.4,31.3,False,False,True
node/1295276479,18,272.4,31.3,True,True,False
node/1295312638,18,272.4,31.3,False,False,True
node/1295312640,18,272.4,31.3,False,False,True
node/1295312642,18,272.4,31.3,False,False,True
node/1295312646,18,272.4,31.3,True,False,False
node/1295312650,18,272.4,31.3,False,False,True
node/1295312655,18,272.4,31.3,False,False,True
node/1295312656,18,272.4,31.3,True,False,False
node/1295312657,18,272.4,31.3,True,False,False
node/1295343768,18,272.4,31.3,False,False,True
node/1295406453,18,272.4,31.3,True,False,False
node/1295406518,18,272.4,31.3,False,False,True
node/1295523738,18,272.4,31.3,False,True,False
node/1295523740,18,272.4,31.3,False,True,False
node/1295523743,18,272.4,31.3,False,False,True
node/1295523744,18,272.4,31.3,False,True,False
node/1295523757,18,272.4,31.3,True,False,False
node/1295523759,18,272.4,31.3,False,True,False
node/1295523760,18,272.4,31.3,True,True,False
node/1295523761,18,272.4,31.3,True,False,False
node/1295523762,18,272.4,31.3,True,True,False
node/1295523766,18,272.4,31.3,False,True,False
node/1295523767,18,272.4,31.3,False,True,False
node/1295523769,18,272.4,31.3,True,True,False
node/1295531541,18,272.4,31.3,False,False,True
node/1316610234,18,272.4,31.3,False,False,True
node/1316610236,18,272.4,31.3,False,False,True
node/1316610237,18,272.4,31.3,True,True,False
node/1316610238,18,272.4,31.3,False,False,True
node/1316610240,18,272.4,31.3,True,False,False
node/1316610242,18,272.4,31.3,False,True,False
node/1316610243,18,272.4,31.3,True,False,False
node/1316610245,18,272.4,31.3,False,False,True
node/1322862540,18,272.4,31.3,False,False,True
node/1322862545,18,272.4,31.3,True,True,False
node/1322862633,18,272.4,31.3,True,True,False
node/1322862663,18,272.4,31.3,True,True,False
node/1322862715,18,272.4,31.3,False,True,False
node/1322862749,18,272.4,31.3,False,False,True
node/1335607719,18,272.4,31.3,False,False,True
node/1335607722,18,272.4,31.3,False,True,False
node/1335607723,18,272.4,31.3,True,True,False
node/1335607726,18,272.4,31.3,False,False,True
node/1335607728,18,272.4,31.3,False,True,False
node/1335607730,18,272.4,31.3,False,False,True
node/1335607732,18,272.4,31.3,True,False,False
node/1362090001,18,272.4,31.3,False,False,True
node/1473295091,18,272.4,31.3,False,False,True
node/1473306609,18,272.4,31.3,False,True,False
node/1473306610,18,272.4,31.3,True,False,False
node/1474688192,18,272.4,31.3,False,True,False
node/1475413557,18,272.4,31.3,True,True,False
node/1475413558,18,272.4,31.3,False,True,False
node/1475413560,18,272.4,31.3,False,True,False
node/1475429792,18,272.4,31.3,False,True,False
node/1497152885,18,272.4,31.3,True,True,False
node/1497152886,18,272.4,31.3,False,True,False
node/1502802078,18,272.4,31.3,True,False,False
node/1518738714,18,272.4,31.3,True,True,False
node/1518738715,18,272.4,31.3,True,False,False
node/1518866593,18,272.4,31.3,False,True,False
node/1518866598,18,272.4,31.3,False,False,True
node/1518866601,18,272.4,31.3,False,True,False
node/1518866613,18,272.4,31.3,False,True,False
node/1518866616,18,272.4,31.3,False,False,True
node/1537450915,18,272.4,31.3,True,False,False
node/1539516740,18,272.4,31.3,False,False,True
node/1539534959,18,272.4,31.3,True,False,False
node/1539534962,18,272.4,31.3,True,False,False
node/1539534967,18,272.4,31.3,True,True,False
node/1539547355,18,272.4,31.3,False,False,True
node/1539547356,18,272.4,31.3,True,False,False
node/1539547361,18,272.4,31.3,False,False,True
node/1539562850,18,272.4,31.3,False,False,True
node/1539562852,18,272.4,31.3,False,True,False
node/1539562853,18,272.4,31.3,True,True,False
node/1539562854,18,272.4,31.3,False,True,False
node/1539583173,18,272.4,31.3,False,False,True
node/1539597590,18,272.4,31.3,True,False,False
node/1539597616,18,272.4,31.3,False,True,False
node/1539678548,18,272.4,31.3,True,False,False
node/1539678558,18,272.4,31.3,True,True,False
node/1544841003,18,272.4,31.3,False,False,True
node/1545845574,18,272.4,31.3,False,True,False
node/1545845576,18,272.4,31.3,False,False,True
node/1545845580,18,272.4,31.3,True,False,False
node/1545846262,18,272.4,31.3,False,False,True
node/1545847888,18,272.4,31.3,False,False,True
node/1545848949,18,272.4,31.3,False,False,True
node/1545849902,18,272.4,31.3,True,False,False
node/1545851487,18,272.4,31.3,False,True,False
node/1545851489,18,272.4,31.3,True,False,False
node/1545851972,18,272.4,31.3,False,False,True
node/1545852463,18,272.4,31.3,False,False,True
node/1545853114,18,272.4,31.3,False,False,True
node/1545853893,18,272.4,31.3,True,False,False
node/1546437496,18,272.4,31.3,True,True,False
node/1547068643,18,272.4,31.3,True,True,False
node/1547080406,18,272.4,31.3,False,True,False
node/1547084482,18,272.4,31.3,True,True,False
node/1547085681,18,272.4,31.3,True,True,False
node/1547090441,18,272.4,31.3,False,True,False
node/1547091135,18,272.4,31.3,True,False,False
node/1547092080,18,272.4,31.3,True,True,False
node/1547093044,18,272.4,31.3,True,False,False
node/1547094139,18,272.4,31.3,False,False,True
node/1547095073,18,272.4,31.3,False,False,True
node/1547097088,18,272.4,31.3,False,False,True
node/1547098418,18,272.4,31.3,False,False,True
node/1547099219,18,272.4,31.3,False,True,False
node/1547099890,18,272.4,31.3,False,True,False
node/1547100713,18,272.4,31.3,True,True,False
node/1547101216,18,272.4,31.3,False,False,True
node/1547101542,18,272.4,31.3,False,True,False
node/1547102325,18,272.4,31.3,False,False,True
node/1547103089,18,272.4,31.3,False,False,True
node/1547961077,18,272.4,31.3,False,True,False
node/1547961082,18,272.4,31.3,True,False,False
node/1547961083,18,272.4,31.3,True,False,False
node/1547961122,18,272.4,31.3,False,True,False
node/1547961128,18,272.4,31.3,False,False,True
node/1547961129,18,272.4,31.3,True,False,False
node/1547961130,18,272.4,31.3,True,False,False
node/1547961131,18,272.4,31.3,False,True,False
node/1547961134,18,272.4,31.3,False,False,True
node/1547961136,18,272.4,31.3,False,False,True
node/1547961140,18,272.4,31.3,False,False,True
node/1548015810,18,272.4,31.3,True,False,False
node/1548018877,18,272.4,31.3,True,False,False
node/1548019979,18,272.4,31.3,True,False,False
node/1548020871,18,272.4,31.3,True,False,False
node/1548022428,18,272.4,31.3,False,True,False
node/1548045188,18,272.4,31.3,False,False,True
node/1548046401,18,272.4,31.3,False,False,True
node/1548046768,18,272.4,31.3,False,False,True
node/1548550224,18,272.4,31.3,False,False,True
node/1557202178,18,272.4,31.3,False,True,False
node/1566286256,18,272.4,31.3,False,True,False
node/1566286258,18,272.4,31.3,False,False,True
node/1568171880,18,272.4,31.3,False,False,True
node/1568189550,18,272.4,31.3,False,True,False
node/1568189556,18,272.4,31.3,False,True,False
node/1568190839,18,272.4,31.3,False,True,False
node/1568191884,18,272.4,31.3,False,False,True
node/1596105515,18,272.4,31.3,True,False,False
node/1596105520,18,272.4,31.3,True,False,False
node/1598229853,18,272.4,31.3,True,True,False
node/1598229892,18,272.4,31.3,True,True,False
node/1614792198,18,272.4,31.3,False,False,True
node/1618961808,18,272.4,31.3,False,False,True
node/1627126724,18,272.4,31.3,True,False,False
node/1627175135,18,272.4,31.3,True,True,False
node/1627175170,18,272.4,31.3,False,False,True
node/1627175189,18,272.4,31.3,False,True,False
node/1627175192,18,272.4,31.3,False,True,False
node/1627175196,18,272.4,31.3,False,False,True
node/1627175209,18,272.4,31.3,True,False,False
node/1627175219,18,272.4,31.3,True,False,False
node/1630392450,18,272.4,31.3,True,True,False
node/1630392475,18,272.4,31.3,True,True,False
node/1630392476,18,272.4,31.3,True,True,False
node/1722078721,18,272.4,31.3,True,False,False
node/1725942660,18,272.4,31.3,True,False,False
node/1726338739,18,272.4,31.3,False,False,True
node/1741645047,18,272.4,31.3,False,True,False
node/1755319252,18,272.4,31.3,False,False,True
node/1759975493,18,272.4,31.3,False,True,False
node/1760433108,18,272.4,31.3,True,True,False
node/1772533650,18,272.4,31.3,False,True,False
node/1829091889,18,272.4,31.3,True,True,False
node/1855655660,18,272.4,31.3,True,False,False
node/1860891777,18,272.4,31.3,True,True,False
node/1860891778,18,272.4,31.3,True,False,False
node/1861526781,18,272.4,31.3,False,True,False
node/1861526787,18,272.4,31.3,True,False,False
node/1861526788,18,272.4,31.3,False,True,False
node/1861526789,18,272.4,31.3,True,True,False
node/1861554261,18,272.4,31.3,True,True,False
node/1861554267,18,272.4,31.3,True,True,False
node/1896236935,18,272.4,31.3,False,True,False
node/1918467028,18,272.4,31.3,True,True,False
node/1918467030,18,272.4,31.3,True,True,False
node/1918467032,18,272.4,31.3,True,True,False
node/1918467038,18,272.4,31.3,False,True,False
node/1918467042,18,272.4,31.3,True,True,False
node/1918467044,18,272.4,31.3,True,True,False
node/1918467045,18,272.4,31.3,True,True,False
node/1918467046,18,272.4,31.3,True,True,False
node/1918467049,18,272.4,31.3,True,True,False
node/1918467050,18,272.4,31.3,True,True,False
node/1918467051,18,272.4,31.3,False,False,True
node/1918467053,18,272.4,31.3,True,False,False
node/1918467054,18,272.4,31.3,True,True,False
node/1918467055,18,272.4,31.3,True,False,False
node/1918480815,18,272.4,31.3,False,False,True
node/1918488179,18,272.4,31.3,False,False,True
node/1918505665,18,272.4,31.3,False,False,True
node/1923996586,18,272.4,31.3,False,True,False
node/1923997018,18,272.4,31.3,False,True,False
node/1923997019,18,272.4,31.3,False,True,False
node/1923999678,18,272.4,31.3,False,True,False
node/1923999680,18,272.4,31.3,False,True,False
node/1924009113,18,272.4,31.3,False,True,False
node/1924009596,18,272.4,31.3,False,True,False
node/1924011395,18,272.4,31.3,False,True,False
node/1924011398,18,272.4,31.3,False,True,False
node/1930722216,18,272.4,31.3,False,False,True
node/1930722222,18,272.4,31.3,False,False,True
node/1930722228,18,272.4,31.3,False,False,True
node/1930730805,18,272.4,31.3,False,False,True
node/1930730808,18,272.4,31.3,False,False,True
node/1930730811,18,272.4,31.3,False,False,True
node/1932890437,18,272.4,31.3,False,False,True
node/1934423140,18,272.4,31.3,False,False,True
node/1937224299,18,272.4,31.3,True,True,False
node/1937305778,18,272.4,31.3,True,False,False
node/1937305782,18,272.4,31.3,False,False,True
node/1937305786,18,272.4,31.3,True,False,False
node/1938479893,18,272.4,31.3,False,False,True
node/1948113489,18,272.4,31.3,True,True,False
node/1953124118,18,272.4,31.3,True,True,False
node/1953124142,18,272.4,31.3,False,True,False
node/1953124146,18,272.4,31.3,True,True,False
node/1953124147,18,272.4,31.3,True,True,False
node/1965093067,18,272.4,31.3,True,False,False
node/1965093084,18,272.4,31.3,False,True,False
node/1989004811,18,272.4,31.3,False,False,True
node/1989004813,18,272.4,31.3,False,True,False
node/1989004814,18,272.4,31.3,False,True,False
node/1993694164,18,272.4,31.3,True,True,False
node/1999319832,18,272.4,31.3,False,True,False
node/1999319835,18,272.4,31.3,False,True,False
node/1999319836,18,272.4,31.3,True,False,False
node/1999319841,18,272.4,31.3,True,True,False
node/2015156309,18,272.4,31.3,False,True,False
node/2017318693,18,272.4,31.3,True,False,False
node/2017318698,18,272.4,31.3,True,False,False
node/2035541438,18,272.4,31.3,True,True,False
node/2035541439,18,272.4,31.3,False,False,True
node/2035541440,18,272.4,31.3,False,False,True
node/2051364322,18,272.4,31.3,False,False,True
node/2051364324,18,272.4,31.3,False,True,False
node/2051364325,18,272.4,31.3,True,True,False
node/2051364328,18,272.4,31.3,False,True,False
node/2055285208,18,272.4,31.3,False,True,False
node/2065192433,18,272.4,31.3,True,False,False
node/2065222332,18,272.4,31.3,False,False,True
node/2065222333,18,272.4,31.3,True,False,False
node/2065266872,18,272.4,31.3,False,True,False
node/2072182666,18,272.4,31.3,True,False,False
node/2072182667,18,272.4,31.3,True,False,False
node/2073827079,18,272.4,31.3,False,False,True
node/2073903610,18,272.4,31.3,True,True,False
node/2098398133,18,272.4,31.3,True,False,False
node/2106295907,18,272.4,31.3,False,False,True
node/2106383022,18,272.4,31.3,False,False,True
node/2106383023,18,272.4,31.3,False,True,False
node/2140750247,18,272.4,31.3,False,False,True
node/2140750248,18,272.4,31.3,False,False,True
node/2153344669,18,272.4,31.3,False,True,False
node/2153344670,18,272.4,31.3,True,False,False
node/2193287724,18,272.4,31.3,False,False,True
node/2193287727,18,272.4,31.3,False,False,True
node/2193330937,18,272.4,31.3,False,False,True
node/2195525294,18,272.4,31.3,False,False,True
node/2203322037,18,272.4,31.3,False,True,False
node/2208067335,18,272.4,31.3,False,True,False
node/2208585974,18,272.4,31.3,False,True,False
node/2208623408,18,272.4,31.3,False,False,True
node/2208630568,18,272.4,31.3,True,False,False
node/2208630571,18,272.4,31.3,False,False,True
node/2208630573,18,272.4,31.3,False,False,True
node/2208652334,18,272.4,31.3,False,True,False
node/2208662025,18,272.4,31.3,False,False,True
node/2215015137,18,272.4,31.3,True,False,False
node/2286139662,18,272.4,31.3,False,True,False
node/2286139669,18,272.4,31.3,False,True,False
node/2286139677,18,272.4,31.3,False,True,False
node/2286139682,18,272.4,31.3,False,True,False
node/2286139686,18,272.4,31.3,True,True,False
node/2286139690,18,272.4,31.3,False,False,True
node/2286139693,18,272.4,31.3,False,False,True
node/2286139702,18,272.4,31.3,False,True,False
node/2286139705,18,272.4,31.3,True,True,False
node/2286139707,18,272.4,31.3,False,True,False
node/2286139708,18,272.4,31.3,False,False,True
node/2286177771,18,272.4,31.3,True,True,False
node/2286177772,18,272.4,31.3,True,True,False
node/2294678465,18,272.4,31.3,False,True,False
node/2294678470,18,272.4,31.3,True,True,False
node/2294693273,18,272.4,31.3,False,True,False
node/2294693275,18,272.4,31.3,False,True,False
node/2294693276,18,272.4,31.3,False,True,False
node/2294693277,18,272.4,31.3,True,False,False
node/2294701897,18,272.4,31.3,True,True,False
node/2294701898,18,272.4,31.3,True,False,False
node/2296408188,18,272.4,31.3,True,False,False
node/2296408198,18,272.4,31.3,False,True,False
node/2296408226,18,272.4,31.3,False,True,False
node/2296423208,18,272.4,31.3,False,True,False
node/2296423210,18,272.4,31.3,False,True,False
node/2296423211,18,272.4,31.3,False,True,False
node/2301075384,18,272.4,31.3,False,False,True
node/2317639999,18,272.4,31.3,False,True,False
node/2329193234,18,272.4,31.3,False,True,False
node/2353678188,18,272.4,31.3,True,True,False
node/2353678191,18,272.4,31.3,False,True,False
node/2360434224,18,272.4,31.3,True,False,False
node/2363249181,18,272.4,31.3,False,True,False
node/2363249195,18,272.4,31.3,False,True,False
node/2363249210,18,272.4,31.3,False,True,False
node/2395077524,18,272.4,31.3,False,True,False
node/2400614076,18,272.4,31.3,True,False,False
node/2403785852,18,272.4,31.3,False,True,False
node/2403785857,18,272.4,31.3,False,True,False
node/2403785859,18,272.4,31.3,False,True,False
node/2404020692,18,272.4,31.3,False,True,False
node/2404101218,18,272.4,31.3,False,True,False
node/2406983946,18,272.4,31.3,False,False,True
node/2411169383,18,272.4,31.3,True,True,False
node/2411169384,18,272.4,31.3,True,True,False
node/2411184701,18,272.4,31.3,False,True,False
node/2411184721,18,272.4,31.3,False,True,False
node/2411481251,18,272.4,31.3,False,True,False
node/2411481253,18,272.4,31.3,False,True,False
node/2411513132,18,272.4,31.3,True,True,False
node/2415182284,18,272.4,31.3,False,True,False
node/2415182285,18,272.4,31.3,False,True,False
node/2419304189,18,272.4,31.3,False,False,True
node/2419311329,18,272.4,31.3,False,False,True
node/2420264565,18,272.4,31.3,True,False,False
node/2420779243,18,272.4,31.3,False,False,True
node/2425602959,18,272.4,31.3,False,False,True
node/2425602960,18,272.4,31.3,True,True,False
node/2430052872,18,272.4,31.3,False,True,False
node/2430052878,18,272.4,31.3,False,False,True
node/2430052881,18,272.4,31.3,False,False,True
node/2430052891,18,272.4,31.3,False,False,True
node/2430094940,18,272.4,31.3,False,True,False
node/2430094942,18,272.4,31.3,True,True,False
node/2430094943,18,272.4,31.3,False,False,True
node/2430107030,18,272.4,31.3,True,True,False
node/2430107032,18,272.4,31.3,False,False,True
node/2430118086,18,272.4,31.3,False,False,True
node/2430118089,18,272.4,31.3,True,False,False
node/2446591586,18,272.4,31.3,False,True,False
node/2446591590,18,272.4,31.3,True,True,False
node/2454003720,18,272.4,31.3,False,False,True
node/2454367769,18,272.4,31.3,True,True,False
node/2461220917,18,272.4,31.3,True,True,False
node/2471413129,18,272.4,31.3,False,True,False
node/2471413139,18,272.4,31.3,True,True,False
node/2471413159,18,272.4,31.3,True,True,False
node/2476362894,18,272.4,31.3,False,True,False
node/2477037398,18,272.4,31.3,False,False,True
node/2477037400,18,272.4,31.3,False,True,False
node/2477037401,18,272.4,31.3,False,False,True
node/2477037402,18,272.4,31.3,False,True,False
node/2477037403,18,272.4,31.3,True,False,False
node/2477060423,18,272.4,31.3,True,True,False
node/2477060431,18,272.4,31.3,True,True,False
node/2480091091,18,272.4,31.3,False,True,False
node/2480091096,18,272.4,31.3,False,False,True
node/2485511088,18,272.4,31.3,True,False,False
node/2486627817,18,272.4,31.3,False,True,False
node/2486627825,18,272.4,31.3,False,True,False
node/2486694059,18,272.4,31.3,True,True,False
node/2493833605,18,272.4,31.3,True,True,False
node/2501698688,18,272.4,31.3,True,True,False
node/2505950544,18,272.4,31.3,True,True,False
node/2505950560,18,272.4,31.3,True,True,False
node/2506015556,18,272.4,31.3,True,False,False
node/2512698134,18,272.4,31.3,False,False,True
node/2512698333,18,272.4,31.3,False,False,True
node/2514370015,18,272.4,31.3,False,True,False
node/2514370016,18,272.4,31.3,False,True,False
node/2514370020,18,272.4,31.3,False,True,False
node/2514370021,18,272.4,31.3,False,True,False
node/2514370024,18,272.4,31.3,False,True,False
node/2514370025,18,272.4,31.3,False,True,False
node/2514370028,18,272.4,31.3,False,True,False
node/2514370029,18,272.4,31.3,False,True,False
node/2514370031,18,272.4,31.3,False,True,False
node/2514370033,18,272.4,31.3,False,True,False
node/2514370034,18,272.4,31.3,False,True,False
node/2514370036,18,272.4,31.3,False,True,False
node/2518949173,18,272.4,31.3,True,False,False
node/2519017877,18,272.4,31.3,True,False,False
node/2529130118,18,272.4,31.3,True,False,False
node/2529588241,18,272.4,31.3,False,True,False
node/2529588265,18,272.4,31.3,False,True,False
node/2529588297,18,272.4,31.3,True,True,False
node/2529853669,18,272.4,31.3,True,True,False
node/2535325123,18,272.4,31.3,False,True,False
node/2535325127,18,272.4,31.3,True,True,False
node/2535381184,18,272.4,31.3,True,True,False
node/2535381201,18,272.4,31.3,True,False,False
node/2543430048,18,272.4,31.3,False,True,False
node/2544824842,18,272.4,31.3,False,False,True
node/2548806283,18,272.4,31.3,False,True,False
node/2548806285,18,272.4,31.3,False,True,False
node/2548820055,18,272.4,31.3,False,True,False
node/2548820056,18,272.4,31.3,False,False,True
node/2548832867,18,272.4,31.3,False,True,False
node/2550239720,18,272.4,31.3,True,True,False
node/2550350554,18,272.4,31.3,True,True,False
node/2550350560,18,272.4,31.3,False,True,False
node/2550363775,18,272.4,31.3,False,False,True
node/2550369646,18,272.4,31.3,False,True,False
node/2550369647,18,272.4,31.3,False,True,False
node/2550371587,18,272.4,31.3,False,False,True
node/2552386604,18,272.4,31.3,True,False,False
node/2552386606,18,272.4,31.3,True,True,False
node/2552386607,18,272.4,31.3,False,True,False
node/2552386608,18,272.4,31.3,True,False,False
node/2552386611,18,272.4,31.3,True,False,False
node/2552386613,18,272.4,31.3,False,False,True
node/2552386615,18,272.4,31.3,False,False,True
node/2552386617,18,272.4,31.3,True,True,False
node/2552386620,18,272.4,31.3,False,True,False
node/2552386621,18,272.4,31.3,False,True,False
node/2552386623,18,272.4,31.3,False,True,False
node/2552397560,18,272.4,31.3,False,True,False
node/2552397569,18,272.4,31.3,False,True,False
node/2552397579,18,272.4,31.3,False,True,False
node/2557705900,18,272.4,31.3,False,True,False
node/2557705901,18,272.4,31.3,True,True,False
node/2557705902,18,272.4,31.3,False,False,True
node/2558370099,18,272.4,31.3,False,True,False
node/2558385819,18,272.4,31.3,False,True,False
node/2559088012,18,272.4,31.3,False,False,True
node/2562158864,18,272.4,31.3,False,True,False
node/2564409414,18,272.4,31.3,False,False,True
node/2564423006,18,272.4,31.3,False,False,True
node/2564432541,18,272.4,31.3,False,True,False
node/2564448047,18,272.4,31.3,False,True,False
node/2564448048,18,272.4,31.3,False,True,False
node/2564448049,18,272.4,31.3,True,True,False
node/2564795419,18,272.4,31.3,False,False,True
node/2566152661,18,272.4,31.3,False,True,False
node/2566152663,18,272.4,31.3,False,False,True
node/2566152665,18,272.4,31.3,False,True,False
node/2566152668,18,272.4,31.3,False,False,True
node/2566656677,18,272.4,31.3,True,False,False
node/2566656687,18,272.4,31.3,True,True,False
node/2568950459,18,272.4,31.3,False,True,False
node/2569777539,18,272.4,31.3,False,False,True
node/2569917218,18,272.4,31.3,False,False,True
node/2570294500,18,272.4,31.3,False,True,False
node/2575832359,18,272.4,31.3,False,False,True
node/2606330407,18,272.4,31.3,True,True,False
node/2606331448,18,272.4,31.3,False,True,False
node/2606331546,18,272.4,31.3,False,True,False
node/2608051029,18,272.4,31.3,False,True,False
node/2608091514,18,272.4,31.3,False,False,True
node/2608634440,18,272.4,31.3,True,True,False
node/2609195844,18,272.4,31.3,False,False,True
node/2609222331,18,272.4,31.3,False,True,False
node/2609222332,18,272.4,31.3,False,True,False
node/2609222333,18,272.4,31.3,True,False,False
node/2609222334,18,272.4,31.3,True,True,False
node/2609224353,18,272.4,31.3,False,True,False
node/2609227364,18,272.4,31.3,False,False,True
node/2609227365,18,272.4,31.3,False,False,True
node/2609244196,18,272.4,31.3,True,False,False
node/2609287291,18,272.4,31.3,False,False,True
node/2609287292,18,272.4,31.3,False,True,False
node/2609287293,18,272.4,31.3,False,True,False
node/2609287294,18,272.4,31.3,False,False,True
node/2609287295,18,272.4,31.3,True,True,False
node/2609287297,18,272.4,31.3,False,True,False
node/2609287298,18,272.4,31.3,True,True,False
node/2609287300,18,272.4,31.3,False,True,False
node/2609319753,18,272.4,31.3,False,False,True
node/2609456195,18,272.4,31.3,True,True,False
node/2609456203,18,272.4,31.3,False,False,True
node/2610182511,18,272.4,31.3,False,False,True
node/2610487133,18,272.4,31.3,False,True,False
node/2610487134,18,272.4,31.3,False,True,False
node/2610487135,18,272.4,31.3,False,False,True
node/2610487136,18,272.4,31.3,False,False,True
node/2610487137,18,272.4,31.3,True,True,False
node/2610487138,18,272.4,31.3,False,True,False
node/2610487140,18,272.4,31.3,False,True,False
node/2610487141,18,272.4,31.3,True,False,False
node/2610487142,18,272.4,31.3,False,False,True
node/2610487143,18,272.4,31.3,False,False,True
node/2610487144,18,272.4,31.3,False,False,True
node/2610487145,18,272.4,31.3,False,True,False
node/2610487146,18,272.4,31.3,False,True,False
node/2610487147,18,272.4,31.3,False,True,False
node/2610487149,18,272.4,31.3,False,True,False
node/2610487151,18,272.4,31.3,False,True,False
node/2610487152,18,272.4,31.3,False,False,True
node/2613161145,18,272.4,31.3,False,True,False
node/2613161147,18,272.4,31.3,False,True,False
node/2613168362,18,272.4,31.3,False,False,True
node/2613168363,18,272.4,31.3,False,False,True
node/2613168365,18,272.4,31.3,True,True,False
node/2613168366,18,272.4,31.3,False,True,False
node/2613168367,18,272.4,31.3,True,True,False
node/2613183476,18,272.4,31.3,False,False,True
node/2613183477,18,272.4,31.3,False,False,True
node/2613183478,18,272.4,31.3,False,False,True
node/2613183479,18,272.4,31.3,True,True,False
node/2613183480,18,272.4,31.3,False,False,True
node/2613183481,18,272.4,31.3,False,False,True
node/2613229354,18,272.4,31.3,False,True,False
node/2613236650,18,272.4,31.3,False,True,False
node/2613247651,18,272.4,31.3,False,True,False
node/2613254699,18,272.4,31.3,True,True,False
node/2616310814,18,272.4,31.3,False,False,True
node/2616310815,18,272.4,31.3,False,True,False
node/2616310816,18,272.4,31.3,False,True,False
node/2616310817,18,272.4,31.3,True,True,False
node/2616310818,18,272.4,31.3,True,True,False
node/2616310820,18,272.4,31.3,True,True,False
node/2616310821,18,272.4,31.3,False,False,True
node/2616310822,18,272.4,31.3,True,True,False
node/2616310823,18,272.4,31.3,True,True,False
node/2616310828,18,272.4,31.3,True,False,False
node/2616310833,18,272.4,31.3,False,False,True
node/2616310837,18,272.4,31.3,False,False,True
node/2616331666,18,272.4,31.3,False,False,True
node/2616331667,18,272.4,31.3,False,True,False
node/2616331669,18,272.4,31.3,False,False,True
node/2616331670,18,272.4,31.3,True,True,False
node/2616331671,18,272.4,31.3,False,False,True
node/2616331672,18,272.4,31.3,False,True,False
node/2616331673,18,272.4,31.3,True,True,False
node/2616331674,18,272.4,31.3,True,True,False
node/2616331676,18,272.4,31.3,False,True,False
node/2616331677,18,272.4,31.3,False,True,False
node/2616331678,18,272.4,31.3,True,False,False
node/2616331679,18,272.4,31.3,True,False,False
node/2616331680,18,272.4,31.3,False,True,False
node/2616331681,18,272.4,31.3,True,False,False
node/2616339079,18,272.4,31.3,True,False,False
node/2616339081,18,272.4,31.3,False,False,True
node/2617569033,18,272.4,31.3,True,False,False
node/2617569034,18,272.4,31.3,False,True,False
node/2617575259,18,272.4,31.3,False,False,True
node/2617575260,18,272.4,31.3,False,True,False
node/2617880174,18,272.4,31.3,True,False,False
node/2617880183,18,272.4,31.3,False,True,False
node/2617880190,18,272.4,31.3,True,False,False
node/2617880197,18,272.4,31.3,True,True,False
node/2617880202,18,272.4,31.3,True,True,False
node/2617892086,18,272.4,31.3,True,True,False
node/2617892095,18,272.4,31.3,False,True,False
node/2617892104,18,272.4,31.3,False,True,False
node/2617892112,18,272.4,31.3,True,False,False
node/2617892121,18,272.4,31.3,True,False,False
node/2617892128,18,272.4,31.3,True,True,False
node/2617892136,18,272.4,31.3,True,False,False
node/2617892144,18,272.4,31.3,True,True,False
node/2617895513,18,272.4,31.3,True,True,False
node/2617895518,18,272.4,31.3,False,False,True
node/2617953959,18,272.4,31.3,False,True,False
node/2624837103,18,272.4,31.3,True,False,False
node/2624837110,18,272.4,31.3,True,False,False
node/2625780869,18,272.4,31.3,False,False,True
node/2625780870,18,272.4,31.3,False,False,True
node/2625780872,18,272.4,31.3,True,True,False
node/2625780873,18,272.4,31.3,False,False,True
node/2625780874,18,272.4,31.3,True,False,False
node/2625780876,18,272.4,31.3,False,False,True
node/2625780877,18,272.4,31.3,True,True,False
node/2625780878,18,272.4,31.3,False,False,True
node/2625785828,18,272.4,31.3,False,False,True
node/2625785833,18,272.4,31.3,False,False,True
node/2625785837,18,272.4,31.3,False,False,True
node/2625785842,18,272.4,31.3,False,False,True
node/2625785846,18,272.4,31.3,False,False,True
node/2625785850,18,272.4,31.3,False,True,False
node/2625786658,18,272.4,31.3,False,False,True
node/2625786659,18,272.4,31.3,True,True,False
node/2625787776,18,272.4,31.3,True,False,False
node/2625787777,18,272.4,31.3,False,True,False
node/2627188431,18,272.4,31.3,False,True,False
node/2627201344,18,272.4,31.3,False,True,False
node/2627201353,18,272.4,31.3,True,True,False
node/2631032334,18,272.4,31.3,False,False,True
node/2631032335,18,272.4,31.3,False,False,True
node/2631039385,18,272.4,31.3,True,False,False
node/2631039386,18,272.4,31.3,False,True,False
node/2631039387,18,272.4,31.3,False,True,False
node/2631039388,18,272.4,31.3,False,True,False
node/2631039389,18,272.4,31.3,False,True,False
node/2631039393,18,272.4,31.3,False,False,True
node/2631527781,18,272.4,31.3,False,True,False
node/2631756552,18,272.4,31.3,False,True,False
node/2631756553,18,272.4,31.3,False,False,True
node/2631756554,18,272.4,31.3,False,True,False
node/2631756555,18,272.4,31.3,False,False,True
node/2632468940,18,272.4,31.3,False,True,False
node/2632468948,18,272.4,31.3,False,False,True
node/2632468954,18,272.4,31.3,False,False,True
node/2632516492,18,272.4,31.3,True,False,False
node/2632516497,18,272.4,31.3,False,False,True
node/2632516502,18,272.4,31.3,False,False,True
node/2632516503,18,272.4,31.3,False,True,False
node/2632516505,18,272.4,31.3,False,True,False
node/2632516506,18,272.4,31.3,False,False,True
node/2632516507,18,272.4,31.3,False,False,True
node/2632516508,18,272.4,31.3,False,False,True
node/2632516511,18,272.4,31.3,False,True,False
node/2632516512,18,272.4,31.3,False,False,True
node/2632516514,18,272.4,31.3,False,False,True
node/2632516522,18,272.4,31.3,False,True,False
node/2632527072,18,272.4,31.3,True,False,False
node/2632527073,18,272.4,31.3,False,False,True
node/2632527074,18,272.4,31.3,False,True,False
node/2632527077,18,272.4,31.3,False,False,True
node/2632527082,18,272.4,31.3,False,True,False
node/2632554931,18,272.4,31.3,False,True,False
node/2632554938,18,272.4,31.3,True,True,False
node/2632554943,18,272.4,31.3,False,False,True
node/2632554948,18,272.4,31.3,False,True,False
node/2633469511,18,272.4,31.3,False,True,False
node/2633469513,18,272.4,31.3,False,True,False
node/2633469514,18,272.4,31.3,False,True,False
node/2633484153,18,272.4,31.3,False,False,True
node/2633484154,18,272.4,31.3,False,True,False
node/2633484156,18,272.4,31.3,False,True,False
node/2633484160,18,272.4,31.3,False,True,False
node/2633484163,18,272.4,31.3,False,True,False
node/2633488031,18,272.4,31.3,True,True,False
node/2633488032,18,272.4,31.3,False,True,False
node/2633488034,18,272.4,31.3,False,True,False
node/2633488035,18,272.4,31.3,False,True,False
node/2633489850,18,272.4,31.3,False,True,False
node/2633499506,18,272.4,31.3,False,True,False
node/2633499507,18,272.4,31.3,False,True,False
node/2633501124,18,272.4,31.3,False,True,False
node/2633501125,18,272.4,31.3,True,True,False
node/2633501126,18,272.4,31.3,False,False,True
node/2633502957,18,272.4,31.3,True,False,False
node/2634028279,18,272.4,31.3,False,True,False
node/2634028999,18,272.4,31.3,True,False,False
node/2634029628,18,272.4,31.3,False,False,True
node/2634030510,18,272.4,31.3,True,False,False
node/2634032303,18,272.4,31.3,True,True,False
node/2634035179,18,272.4,31.3,True,False,False
node/2634036911,18,272.4,31.3,True,False,False
node/2634039227,18,272.4,31.3,False,True,False
node/2634039972,18,272.4,31.3,True,True,False
node/2634040663,18,272.4,31.3,True,True,False
node/2634041075,18,272.4,31.3,False,True,False
node/2634042268,18,272.4,31.3,True,False,False
node/2634043774,18,272.4,31.3,False,False,True
node/2634844753,18,272.4,31.3,True,False,False
node/2634846075,18,272.4,31.3,True,True,False
node/2634847265,18,272.4,31.3,True,True,False
node/2634848724,18,272.4,31.3,True,False,False
node/2634850212,18,272.4,31.3,True,True,False
node/2634851336,18,272.4,31.3,True,True,False
node/2634852908,18,272.4,31.3,True,True,False
node/2634854438,18,272.4,31.3,False,True,False
node/2634855102,18,272.4,31.3,False,True,False
node/2634859534,18,272.4,31.3,False,True,False
node/2634862903,18,272.4,31.3,False,True,False
node/2634862904,18,272.4,31.3,False,True,False
node/2634862908,18,272.4,31.3,False,True,False
node/2634865385,18,272.4,31.3,False,True,False
node/2634866389,18,272.4,31.3,False,True,False
node/2634866390,18,272.4,31.3,False,True,False
node/2634867851,18,272.4,31.3,True,False,False
node/2634897688,18,272.4,31.3,False,False,True
node/2635330493,18,272.4,31.3,True,True,False
node/2639687114,18,272.4,31.3,False,False,True
node/2639688189,18,272.4,31.3,False,False,True
node/2639689855,18,272.4,31.3,False,True,False
node/2639692427,18,272.4,31.3,False,False,True
node/2639692432,18,272.4,31.3,False,True,False
node/2639692436,18,272.4,31.3,False,True,False
node/2639696198,18,272.4,31.3,False,True,False
node/2639699090,18,272.4,31.3,False,True,False
node/2639699364,18,272.4,31.3,False,True,False
node/2639702342,18,272.4,31.3,False,False,True
node/2639702343,18,272.4,31.3,False,True,False
node/2639703129,18,272.4,31.3,False,False,True
node/2639704177,18,272.4,31.3,False,False,True
node/2639708393,18,272.4,31.3,True,True,False
node/2639746328,18,272.4,31.3,True,False,False
node/2639749378,18,272.4,31.3,True,True,False
node/2639749379,18,272.4,31.3,False,False,True
node/2639749380,18,272.4,31.3,False,True,False
node/2639751837,18,272.4,31.3,False,False,True
node/2639752285,18,272.4,31.3,False,True,False
node/2639752932,18,272.4,31.3,False,True,False
node/2639753753,18,272.4,31.3,False,True,False
node/2639754519,18,272.4,31.3,True,False,False
node/2639757139,18,272.4,31.3,True,False,False
node/2639758109,18,272.4,31.3,False,False,True
node/2639758492,18,272.4,31.3,False,True,False
node/2639759479,18,272.4,31.3,False,True,False
node/2639762351,18,272.4,31.3,True,False,False
node/2645436023,18,272.4,31.3,True,True,False
node/2651683562,18,272.4,31.3,False,True,False
node/2651683563,18,272.4,31.3,False,True,False
node/2651684228,18,272.4,31.3,True,False,False
node/2651685650,18,272.4,31.3,False,False,True
node/2651685974,18,272.4,31.3,False,False,True
node/2651687847,18,272.4,31.3,False,False,True
node/2651688413,18,272.4,31.3,False,False,True
node/2651690853,18,272.4,31.3,False,False,True
node/2651716329,18,272.4,31.3,False,True,False
node/2651717273,18,272.4,31.3,False,True,False
node/2651719576,18,272.4,31.3,True,False,False
node/2651722607,18,272.4,31.3,True,True,False
node/2651722630,18,272.4,31.3,True,True,False
node/2651723071,18,272.4,31.3,False,True,False
node/2651723072,18,272.4,31.3,False,True,False
node/2651723433,18,272.4,31.3,True,False,False
node/2651750041,18,272.4,31.3,False,True,False
node/2651750042,18,272.4,31.3,True,True,False
node/2651751914,18,272.4,31.3,False,True,False
node/2651754334,18,272.4,31.3,False,True,False
node/2651754685,18,272.4,31.3,False,True,False
node/2651759822,18,272.4,31.3,False,False,True
node/2651759844,18,272.4,31.3,True,True,False
node/2651759850,18,272.4,31.3,False,True,False
node/2651764637,18,272.4,31.3,True,True,False
node/2651765054,18,272.4,31.3,False,True,False
node/2651767002,18,272.4,31.3,True,True,False
node/2651767007,18,272.4,31.3,True,False,False
node/2651768359,18,272.4,31.3,True,False,False
node/2651769006,18,272.4,31.3,False,True,False
node/2653803192,18,272.4,31.3,False,True,False
node/2653804621,18,272.4,31.3,False,True,False
node/2653813817,18,272.4,31.3,True,True,False
node/2653813818,18,272.4,31.3,False,True,False
node/2653814460,18,272.4,31.3,False,True,False
node/2653824863,18,272.4,31.3,False,True,False
node/2653825749,18,272.4,31.3,False,False,True
node/2653863599,18,272.4,31.3,False,True,False
node/2653869319,18,272.4,31.3,True,False,False
node/2653871049,18,272.4,31.3,True,False,False
node/2653871625,18,272.4,31.3,True,True,False
node/2653887470,18,272.4,31.3,False,True,False
node/2655759127,18,272.4,31.3,True,True,False
node/2655760267,18,272.4,31.3,False,True,False
node/2655760270,18,272.4,31.3,True,True,False
node/2655761685,18,272.4,31.3,True,False,False
node/2655761841,18,272.4,31.3,True,True,False
node/2655763313,18,272.4,31.3,False,False,True
node/2655765534,18,272.4,31.3,False,True,False
node/2655767049,18,272.4,31.3,True,False,False
node/2655767050,18,272.4,31.3,False,False,True
node/2655767105,18,272.4,31.3,False,False,True
node/2655767410,18,272.4,31.3,False,True,False
node/2655768678,18,272.4,31.3,False,False,True
node/2655784984,18,272.4,31.3,False,True,False
node/2655784985,18,272.4,31.3,True,False,False
node/2655784986,18,272.4,31.3,True,False,False
node/2655784987,18,272.4,31.3,True,True,False
node/2655784988,18,272.4,31.3,True,False,False
node/2655787647,18,272.4,31.3,False,True,False
node/2655787658,18,272.4,31.3,True,True,False
node/2655787670,18,272.4,31.3,True,False,False
node/2655790968,18,272.4,31.3,True,True,False
node/2655790976,18,272.4,31.3,True,False,False
node/2655791330,18,272.4,31.3,True,False,False
node/2655813144,18,272.4,31.3,True,False,False
node/2655814103,18,272.4,31.3,True,False,False
node/2655814108,18,272.4,31.3,True,False,False
node/2655815607,18,272.4,31.3,False,False,True
node/2655815608,18,272.4,31.3,False,True,False
node/2655817999,18,272.4,31.3,False,True,False
node/2655819182,18,272.4,31.3,False,True,False
node/2655819183,18,272.4,31.3,True,True,False
node/2655819671,18,272.4,31.3,True,True,False
node/2655820401,18,272.4,31.3,True,False,False
node/2655820410,18,272.4,31.3,True,True,False
node/2655823568,18,272.4,31.3,True,False,False
node/2655827135,18,272.4,31.3,False,False,True
node/2655827824,18,272.4,31.3,False,False,True
node/2655827825,18,272.4,31.3,True,False,False
node/2655827826,18,272.4,31.3,False,True,False
node/2655827842,18,272.4,31.3,False,False,True
node/2655829297,18,272.4,31.3,False,False,True
node/2655829298,18,272.4,31.3,False,True,False
node/2655830447,18,272.4,31.3,True,True,False
node/2655830455,18,272.4,31.3,True,True,False
node/2655835417,18,272.4,31.3,False,True,False
node/2655836478,18,272.4,31.3,True,False,False
node/2659231278,18,272.4,31.3,False,True,False
node/2659360764,18,272.4,31.3,True,True,False
node/2659362311,18,272.4,31.3,True,True,False
node/2662811502,18,272.4,31.3,True,True,False
node/2662815867,18,272.4,31.3,True,True,False
node/2662818263,18,272.4,31.3,False,True,False
node/2662820234,18,272.4,31.3,False,True,False
node/2662820621,18,272.4,31.3,True,True,False
node/2662828661,18,272.4,31.3,False,True,False
node/2662838180,18,272.4,31.3,False,True,False
node/2662840694,18,272.4,31.3,False,False,True
node/2662843884,18,272.4,31.3,False,False,True
node/2662847374,18,272.4,31.3,False,True,False
node/2662849222,18,272.4,31.3,False,True,False
node/2664120596,18,272.4,31.3,False,True,False
node/2664120877,18,272.4,31.3,False,True,False
node/2664137046,18,272.4,31.3,False,True,False
node/2664152347,18,272.4,31.3,False,True,False
node/2664153098,18,272.4,31.3,False,True,False
node/2664153220,18,272.4,31.3,False,True,False
node/2665597586,18,272.4,31.3,True,False,False
node/2665599980,18,272.4,31.3,True,True,False
node/2665610047,18,272.4,31.3,False,False,True
node/2665611536,18,272.4,31.3,True,False,False
node/2665612322,18,272.4,31.3,False,True,False
node/2665617638,18,272.4,31.3,False,True,False
node/2665624752,18,272.4,31.3,False,True,False
node/2665628422,18,272.4,31.3,False,True,False
node/2665629447,18,272.4,31.3,False,True,False
node/2665657134,18,272.4,31.3,True,True,False
node/2665661664,18,272.4,31.3,False,True,False
node/2665720151,18,272.4,31.3,False,False,True
node/2665721436,18,272.4,31.3,False,True,False
node/2665729560,18,272.4,31.3,False,True,False
node/2665782703,18,272.4,31.3,False,False,True
node/2665785610,18,272.4,31.3,False,True,False
node/2665788104,18,272.4,31.3,False,False,True
node/2665789145,18,272.4,31.3,False,False,True
node/2666147343,18,272.4,31.3,False,True,False
node/2666935033,18,272.4,31.3,True,False,False
node/2667005368,18,272.4,31.3,False,False,True
node/2667005369,18,272.4,31.3,False,False,True
node/2667005370,18,272.4,31.3,True,False,False
node/2668421266,18,272.4,31.3,False,True,False
node/2668421267,18,272.4,31.3,False,True,False
node/2668424488,18,272.4,31.3,False,True,False
node/2668430722,18,272.4,31.3,False,True,False
node/2668430728,18,272.4,31.3,False,True,False
node/2668452933,18,272.4,31.3,True,True,False
node/2668452935,18,272.4,31.3,False,True,False
node/2668455763,18,272.4,31.3,True,True,False
node/2668467396,18,272.4,31.3,True,False,False
node/2668505483,18,272.4,31.3,False,True,False
node/2668517864,18,272.4,31.3,False,True,False
node/2668517874,18,272.4,31.3,False,True,False
node/2668517881,18,272.4,31.3,False,True,False
node/2668517891,18,272.4,31.3,False,True,False
node/2707129442,18,272.4,31.3,True,False,False
node/2707129452,18,272.4,31.3,True,True,False
node/2707204585,18,272.4,31.3,True,False,False
node/2707210897,18,272.4,31.3,False,True,False
node/2707212224,18,272.4,31.3,True,False,False
node/2707223596,18,272.4,31.3,True,False,False
node/2707224402,18,272.4,31.3,False,False,True
node/2711706935,18,272.4,31.3,False,False,True
node/2762341491,18,272.4,31.3,False,False,True
node/2810719946,18,272.4,31.3,False,True,False
node/2820769012,18,272.4,31.3,False,True,False
node/2856773444,18,272.4,31.3,True,True,False
node/2856773445,18,272.4,31.3,True,True,False
node/2859842830,18,272.4,31.3,False,True,False
node/2859872048,18,272.4,31.3,False,False,True
node/2859878218,18,272.4,31.3,False,False,True
node/2859881743,18,272.4,31.3,True,True,False
node/2859881744,18,272.4,31.3,False,True,False
node/2859881745,18,272.4,31.3,True,True,False
node/2859883816,18,272.4,31.3,True,True,False
node/2859889328,18,272.4,31.3,True,False,False
node/2859891239,18,272.4,31.3,True,False,False
node/2859894501,18,272.4,31.3,True,False,False
node/2859906856,18,272.4,31.3,True,True,False
node/2859912035,18,272.4,31.3,True,False,False
node/2859912153,18,272.4,31.3,True,True,False
node/2860037788,18,272.4,31.3,True,True,False
node/2860037790,18,272.4,31.3,False,True,False
node/2860061583,18,272.4,31.3,True,True,False
node/2860061584,18,272.4,31.3,False,False,True
node/2860065379,18,272.4,31.3,False,False,True
node/2860065380,18,272.4,31.3,False,False,True
node/2860065381,18,272.4,31.3,False,False,True
node/2860065382,18,272.4,31.3,True,True,False
node/2860066520,18,272.4,31.3,False,False,True
node/2862131629,18,272.4,31.3,False,True,False
node/2862183667,18,272.4,31.3,False,True,False
node/2862183668,18,272.4,31.3,True,False,False
node/2862207916,18,272.4,31.3,False,False,True
node/2862282747,18,272.4,31.3,False,False,True
node/2868399805,18,272.4,31.3,False,True,False
node/2868407742,18,272.4,31.3,False,True,False
node/2868407743,18,272.4,31.3,False,True,False
node/2870175902,18,272.4,31.3,False,True,False
node/2870175903,18,272.4,31.3,False,False,True
node/2870196120,18,272.4,31.3,False,True,False
node/2886845058,18,272.4,31.3,False,True,False
node/2886845060,18,272.4,31.3,False,False,True
node/2886903239,18,272.4,31.3,False,True,False
node/2886907973,18,272.4,31.3,True,True,False
node/2886907974,18,272.4,31.3,False,True,False
node/2886907975,18,272.4,31.3,True,True,False
node/2886925986,18,272.4,31.3,True,False,False
node/2886956717,18,272.4,31.3,False,False,True
node/2887017262,18,272.4,31.3,False,True,False
node/2887079094,18,272.4,31.3,False,False,True
node/2887079666,18,272.4,31.3,False,False,True
node/2887383937,18,272.4,31.3,False,True,False
node/2923126645,18,272.4,31.3,False,True,False
node/2924350291,18,272.4,31.3,False,True,False
node/2924350292,18,272.4,31.3,False,False,True
node/2924350377,18,272.4,31.3,False,True,False
node/2924350395,18,272.4,31.3,True,True,False
node/2924360256,18,272.4,31.3,True,True,False
node/2924360279,18,272.4,31.3,True,True,False
node/2924372002,18,272.4,31.3,False,True,False
node/2924372022,18,272.4,31.3,False,True,False
node/2924372034,18,272.4,31.3,False,True,False
node/2943609225,18,272.4,31.3,False,True,False
node/2947251443,18,272.4,31.3,False,False,True
node/2977882640,18,272.4,31.3,False,False,True
node/2988500054,18,272.4,31.3,False,False,True
node/2989246792,18,272.4,31.3,False,False,True
node/2997509000,18,272.4,31.3,False,False,True
node/2997509002,18,272.4,31.3,True,False,False
node/2997509003,18,272.4,31.3,True,True,False
node/2997509008,18,272.4,31.3,False,False,True
node/2997509011,18,272.4,31.3,False,True,False
node/2997509012,18,272.4,31.3,False,True,False
node/2998129806,18,272.4,31.3,False,True,False
node/2998129809,18,272.4,31.3,True,False,False
node/2998129811,18,272.4,31.3,False,True,False
node/2998129813,18,272.4,31.3,False,True,False
node/2998183224,18,272.4,31.3,False,True,False
node/2998183226,18,272.4,31.3,True,True,False
node/2998183228,18,272.4,31.3,False,True,False
node/2998183230,18,272.4,31.3,False,True,False
node/2998183232,18,272.4,31.3,False,True,False
node/2998184134,18,272.4,31.3,False,False,True
node/2998184136,18,272.4,31.3,False,True,False
node/2998184138,18,272.4,31.3,False,True,False
node/2998393385,18,272.4,31.3,False,True,False
node/2998583701,18,272.4,31.3,False,False,True
node/3003594978,18,272.4,31.3,False,True,False
node/3004237497,18,272.4,31.3,False,False,True
node/3004237498,18,272.4,31.3,False,True,False
node/3004237499,18,272.4,31.3,False,True,False
node/3005158302,18,272.4,31.3,False,True,False
node/3005158303,18,272.4,31.3,True,False,False
node/3005194063,18,272.4,31.3,False,True,False
node/3012120995,18,272.4,31.3,True,False,False
node/3012140701,18,272.4,31.3,False,False,True
node/3012222971,18,272.4,31.3,False,True,False
node/3012431711,18,272.4,31.3,True,False,False
node/3012431713,18,272.4,31.3,False,True,False
node/3012431723,18,272.4,31.3,True,True,False
node/3012431725,18,272.4,31.3,False,True,False
node/3012431726,18,272.4,31.3,False,True,False
node/3012431728,18,272.4,31.3,False,True,False
node/3012431730,18,272.4,31.3,False,True,False
node/3012431732,18,272.4,31.3,False,True,False
node/3012433135,18,272.4,31.3,False,True,False
node/3012433137,18,272.4,31.3,False,True,False
node/3013077540,18,272.4,31.3,False,False,True
node/3016472376,18,272.4,31.3,False,True,False
node/3016472378,18,272.4,31.3,False,True,False
node/3016472382,18,272.4,31.3,False,True,False
node/3016472384,18,272.4,31.3,False,True,False
node/3016472387,18,272.4,31.3,False,True,False
node/3016472392,18,272.4,31.3,False,False,True
node/3016582659,18,272.4,31.3,False,True,False
node/3016582662,18,272.4,31.3,False,False,True
node/3016582663,18,272.4,31.3,False,True,False
node/3016582666,18,272.4,31.3,False,True,False
node/3016582671,18,272.4,31.3,False,False,True
node/3016582672,18,272.4,31.3,False,False,True
node/3016600596,18,272.4,31.3,False,True,False
node/3016600597,18,272.4,31.3,True,True,False
node/3016600599,18,272.4,31.3,True,True,False
node/3019007373,18,272.4,31.3,True,False,False
node/3019007375,18,272.4,31.3,True,True,False
node/3019007376,18,272.4,31.3,True,False,False
node/3019007377,18,272.4,31.3,True,False,False
node/3019037302,18,272.4,31.3,True,False,False
node/3019037303,18,272.4,31.3,False,False,True
node/3019037304,18,272.4,31.3,False,False,True
node/3020888382,18,272.4,31.3,True,False,False
node/3021854035,18,272.4,31.3,True,False,False
node/3021854038,18,272.4,31.3,True,False,False
node/3022882348,18,272.4,31.3,True,False,False
node/3022882349,18,272.4,31.3,False,True,False
node/3028081934,18,272.4,31.3,True,False,False
node/3028366657,18,272.4,31.3,False,True,False
node/3035842803,18,272.4,31.3,False,False,True
node/3036649482,18,272.4,31.3,False,True,False
node/3036649483,18,272.4,31.3,False,True,False
node/3036649484,18,272.4,31.3,True,True,False
node/3036649485,18,272.4,31.3,True,True,False
node/3036649486,18,272.4,31.3,True,True,False
node/3036649487,18,272.4,31.3,True,True,False
node/3036666259,18,272.4,31.3,True,False,False
node/3041929151,18,272.4,31.3,True,False,False
node/3041929152,18,272.4,31.3,True,False,False
node/3041929155,18,272.4,31.3,True,False,False
node/3050921307,18,272.4,31.3,True,False,False
node/3050921308,18,272.4,31.3,True,False,False
node/3059689204,18,272.4,31.3,False,True,False
node/3059793358,18,272.4,31.3,False,False,True
node/3096115845,18,272.4,31.3,False,False,True
node/3106096237,18,272.4,31.3,True,False,False
node/3115184429,18,272.4,31.3,False,True,False
node/3127491126,18,272.4,31.3,True,False,False
node/3139739588,18,272.4,31.3,True,False,False
node/3149270079,18,272.4,31.3,True,True,False
node/3152346117,18,272.4,31.3,False,False,True
node/3178775169,18,272.4,31.3,False,False,True
node/3178775170,18,272.4,31.3,False,False,True
node/3178775173,18,272.4,31.3,False,False,True
node/3178775174,18,272.4,31.3,False,False,True
node/3200725396,18,272.4,31.3,False,False,True
node/3224062590,18,272.4,31.3,True,False,False
node/3224062593,18,272.4,31.3,True,False,False
node/3224062596,18,272.4,31.3,True,False,False
node/3236536366,18,272.4,31.3,True,False,False
node/3236536367,18,272.4,31.3,True,False,False
node/3254078124,18,272.4,31.3,False,True,False
node/3254078125,18,272.4,31.3,False,True,False
node/3263986607,18,272.4,31.3,False,False,True
node/3309932310,18,272.4,31.3,True,False,False
node/3312832841,18,272.4,31.3,False,False,True
node/3338613447,18,272.4,31.3,True,False,False
node/3341528120,18,272.4,31.3,False,False,True
node/3348364710,18,272.4,31.3,True,False,False
node/3348364711,18,272.4,31.3,False,True,False
node/3362155108,18,272.4,31.3,False,True,False
node/3370698715,18,272.4,31.3,False,True,False
node/3371795958,18,272.4,31.3,False,True,False
node/3371795959,18,272.4,31.3,False,True,False
node/3372962161,18,272.4,31.3,True,True,False
node/3373060056,18,272.4,31.3,False,True,False
node/3373440443,18,272.4,31.3,False,True,False
node/3376598376,18,272.4,31.3,False,True,False
node/3377118662,18,272.4,31.3,False,True,False
node/3378110325,18,272.4,31.3,True,True,False
node/3378447632,18,272.4,31.3,True,True,False
node/3387897732,18,272.4,31.3,False,True,False
node/3410546250,18,272.4,31.3,True,True,False
node/3425093493,18,272.4,31.3,True,True,False
node/3425093495,18,272.4,31.3,False,True,False
node/3429335811,18,272.4,31.3,False,True,False
node/3458303207,18,272.4,31.3,False,False,True
node/3458303213,18,272.4,31.3,False,False,True
node/3458303214,18,272.4,31.3,False,False,True
node/3458303223,18,272.4,31.3,False,False,True
node/3458303224,18,272.4,31.3,False,False,True
node/3458303225,18,272.4,31.3,False,False,True
node/3458303227,18,272.4,31.3,False,False,True
node/3458303232,18,272.4,31.3,False,False,True
node/3501065010,18,272.4,31.3,False,True,False
node/3501065011,18,272.4,31.3,False,True,False
node/3612316539,18,272.4,31.3,False,True,False
node/3624945317,18,272.4,31.3,False,False,True
node/3628864690,18,272.4,31.3,False,False,True
node/3701299048,18,272.4,31.3,False,False,True
node/3702639733,18,272.4,31.3,True,False,False
node/3704614993,18,272.4,31.3,True,False,False
node/3704614998,18,272.4,31.3,False,False,True
node/3707878984,18,272.4,31.3,False,True,False
node/3707878986,18,272.4,31.3,False,True,False
node/3709071960,18,272.4,31.3,False,True,False
node/3716873809,18,272.4,31.3,False,True,False
node/3716873810,18,272.4,31.3,False,False,True
node/3717587927,18,272.4,31.3,False,False,True
node/3717587929,18,272.4,31.3,True,False,False
node/3717587931,18,272.4,31.3,True,False,False
node/3717587934,18,272.4,31.3,True,False,False
node/3720096881,18,272.4,31.3,False,True,False
node/3720096914,18,272.4,31.3,False,True,False
node/3720303412,18,272.4,31.3,True,True,False
node/3720303418,18,272.4,31.3,True,True,False
node/3731257157,18,272.4,31.3,False,False,True
node/3752972249,18,272.4,31.3,False,False,True
node/3752972250,18,272.4,31.3,True,False,False
node/3753012028,18,272.4,31.3,False,False,True
node/3758949027,18,272.4,31.3,False,False,True
node/3758949054,18,272.4,31.3,False,False,True
node/3758949055,18,272.4,31.3,False,False,True
node/3758949367,18,272.4,31.3,False,True,False
node/3758949375,18,272.4,31.3,False,False,True
node/3758949387,18,272.4,31.3,False,True,False
node/3758958225,18,272.4,31.3,False,True,False
node/3759179957,18,272.4,31.3,False,True,False
node/3759179960,18,272.4,31.3,False,False,True
node/3773487102,18,272.4,31.3,False,True,False
node/3773487103,18,272.4,31.3,True,False,False
node/3773574431,18,272.4,31.3,True,False,False
node/3773574434,18,272.4,31.3,False,True,False
node/3773574435,18,272.4,31.3,False,False,True
node/3773574436,18,272.4,31.3,False,False,True
node/3775316414,18,272.4,31.3,False,False,True
node/3775316417,18,272.4,31.3,True,False,False
node/3778783745,18,272.4,31.3,False,True,False
node/3778783746,18,272.4,31.3,False,True,False
node/3778783749,18,272.4,31.3,False,False,True
node/3778783750,18,272.4,31.3,False,True,False
node/3778783752,18,272.4,31.3,False,False,True
node/3778783755,18,272.4,31.3,False,False,True
node/3778790463,18,272.4,31.3,False,False,True
node/3778790466,18,272.4,31.3,False,True,False
node/3779600228,18,272.4,31.3,False,True,False
node/3780381641,18,272.4,31.3,True,True,False
node/3780381642,18,272.4,31.3,True,True,False
node/3780581690,18,272.4,31.3,True,False,False
node/3780582515,18,272.4,31.3,False,False,True
node/3780584592,18,272.4,31.3,False,False,True
node/3780909786,18,272.4,31.3,True,False,False
node/3782055701,18,272.4,31.3,False,False,True
node/3782496411,18,272.4,31.3,True,False,False
node/3782654737,18,272.4,31.3,True,True,False
node/3782677184,18,272.4,31.3,False,False,True
node/3782677223,18,272.4,31.3,False,False,True
node/3782677644,18,272.4,31.3,False,False,True
node/3782682702,18,272.4,31.3,False,False,True
node/3782682703,18,272.4,31.3,False,False,True
node/3783192571,18,272.4,31.3,False,False,True
node/3783192572,18,272.4,31.3,True,False,False
node/3785016551,18,272.4,31.3,False,True,False
node/3785016552,18,272.4,31.3,True,False,False
node/3785016555,18,272.4,31.3,False,True,False
node/3785018498,18,272.4,31.3,False,True,False
node/3785026057,18,272.4,31.3,False,True,False
node/3785026064,18,272.4,31.3,True,False,False
node/3785026066,18,272.4,31.3,False,True,False
node/3785026070,18,272.4,31.3,False,False,True
node/3785026074,18,272.4,31.3,False,False,True
node/3785026083,18,272.4,31.3,False,True,False
node/3785026084,18,272.4,31.3,False,True,False
node/3785026086,18,272.4,31.3,False,False,True
node/3785190648,18,272.4,31.3,True,False,False
node/3785436827,18,272.4,31.3,False,True,False
node/3786057232,18,272.4,31.3,False,True,False
node/3786057238,18,272.4,31.3,True,True,False
node/3786057240,18,272.4,31.3,True,True,False
node/3786067896,18,272.4,31.3,True,False,False
node/3786067901,18,272.4,31.3,True,False,False
node/3786067902,18,272.4,31.3,True,False,False
node/3786072201,18,272.4,31.3,True,False,False
node/3786072202,18,272.4,31.3,True,False,False
node/3786072203,18,272.4,31.3,True,False,False
node/3786087263,18,272.4,31.3,False,True,False
node/3786087265,18,272.4,31.3,True,True,False
node/3786087266,18,272.4,31.3,False,True,False
node/3786087267,18,272.4,31.3,False,True,False
node/3786087268,18,272.4,31.3,False,True,False
node/3786087273,18,272.4,31.3,False,True,False
node/3786651044,18,272.4,31.3,False,False,True
node/3786669546,18,272.4,31.3,False,True,False
node/3786669547,18,272.4,31.3,False,True,False
node/3786669548,18,272.4,31.3,False,False,True
node/3786669549,18,272.4,31.3,False,True,False
node/3786719323,18,272.4,31.3,False,False,True
node/3786719325,18,272.4,31.3,False,True,False
node/3786719326,18,272.4,31.3,True,False,False
node/3787404038,18,272.4,31.3,False,True,False
node/3787404039,18,272.4,31.3,False,True,False
node/3787404041,18,272.4,31.3,False,False,True
node/3787404043,18,272.4,31.3,False,False,True
node/3787404046,18,272.4,31.3,False,False,True
node/3787404047,18,272.4,31.3,False,True,False
node/3787492257,18,272.4,31.3,False,False,True
node/3787492261,18,272.4,31.3,True,False,False
node/3787492263,18,272.4,31.3,False,True,False
node/3787515583,18,272.4,31.3,False,False,True
node/3787515590,18,272.4,31.3,True,False,False
node/3787561579,18,272.4,31.3,False,False,True
node/3787561580,18,272.4,31.3,False,False,True
node/3787561581,18,272.4,31.3,True,False,False
node/3787613716,18,272.4,31.3,False,True,False
node/3787613717,18,272.4,31.3,False,True,False
node/3787665759,18,272.4,31.3,False,True,False
node/3787665768,18,272.4,31.3,False,True,False
node/3787901073,18,272.4,31.3,False,False,True
node/3788667384,18,272.4,31.3,False,True,False
node/3788722359,18,272.4,31.3,False,False,True
node/3788722361,18,272.4,31.3,True,False,False
node/3788722362,18,272.4,31.3,False,True,False
node/3788722363,18,272.4,31.3,True,False,False
node/3788722365,18,272.4,31.3,False,False,True
node/3788722366,18,272.4,31.3,False,True,False
node/3788722367,18,272.4,31.3,False,False,True
node/3788722368,18,272.4,31.3,False,False,True
node/3789567789,18,272.4,31.3,False,True,False
node/3789624734,18,272.4,31.3,False,True,False
node/3789624735,18,272.4,31.3,False,True,False
node/3789624736,18,272.4,31.3,True,True,False
node/3789624737,18,272.4,31.3,True,True,False
node/3789624738,18,272.4,31.3,True,True,False
node/3789624740,18,272.4,31.3,False,True,False
node/3789624741,18,272.4,31.3,False,True,False
node/3789624742,18,272.4,31.3,False,False,True
node/3790545075,18,272.4,31.3,False,False,True
node/3790545076,18,272.4,31.3,False,False,True
node/3790545077,18,272.4,31.3,True,True,False
node/3790545078,18,272.4,31.3,False,True,False
node/3790545079,18,272.4,31.3,False,True,False
node/3790545080,18,272.4,31.3,False,False,True
node/3790545081,18,272.4,31.3,True,False,False
node/3790545083,18,272.4,31.3,False,False,True
node/3790545084,18,272.4,31.3,False,True,False
node/3790545085,18,272.4,31.3,False,False,True
node/3790545086,18,272.4,31.3,False,False,True
node/3790547698,18,272.4,31.3,False,False,True
node/3790779433,18,272.4,31.3,True,True,False
node/3790779435,18,272.4,31.3,False,True,False
node/3790779441,18,272.4,31.3,False,True,False
node/3790779442,18,272.4,31.3,True,True,False
node/3790779444,18,272.4,31.3,True,True,False
node/3790779446,18,272.4,31.3,False,True,False
node/3790779447,18,272.4,31.3,True,True,False
node/3790779449,18,272.4,31.3,False,True,False
node/3790779450,18,272.4,31.3,False,True,False
node/3790779451,18,272.4,31.3,False,True,False
node/3791785050,18,272.4,31.3,False,True,False
node/3806894854,18,272.4,31.3,True,False,False
node/3806894856,18,272.4,31.3,True,True,False
node/3806895657,18,272.4,31.3,True,False,False
node/3808056722,18,272.4,31.3,False,False,True
node/3808056723,18,272.4,31.3,False,False,True
node/3808100251,18,272.4,31.3,True,False,False
node/3808366787,18,272.4,31.3,False,True,False
node/3808366789,18,272.4,31.3,False,True,False
node/3808366793,18,272.4,31.3,False,True,False
node/3808366795,18,272.4,31.3,False,True,False
node/3808366796,18,272.4,31.3,False,False,True
node/3808544749,18,272.4,31.3,False,True,False
node/3808544750,18,272.4,31.3,False,True,False
node/3808544751,18,272.4,31.3,False,True,False
node/3808544752,18,272.4,31.3,True,True,False
node/3808544753,18,272.4,31.3,True,True,False
node/3808544754,18,272.4,31.3,False,True,False
node/3808544755,18,272.4,31.3,True,True,False
node/3808554257,18,272.4,31.3,False,False,True
node/3823152620,18,272.4,31.3,False,True,False
node/3823152623,18,272.4,31.3,False,True,False
node/3823152631,18,272.4,31.3,False,True,False
node/3823152636,18,272.4,31.3,False,True,False
node/3823152653,18,272.4,31.3,False,True,False
node/3823152760,18,272.4,31.3,False,True,False
node/3823152762,18,272.4,31.3,False,True,False
node/3823152789,18,272.4,31.3,False,True,False
node/3825603158,18,272.4,31.3,False,False,True
node/3886301889,18,272.4,31.3,False,False,True
node/3893104707,18,272.4,31.3,False,False,True
node/3898715839,18,272.4,31.3,False,False,True
node/3984824935,18,272.4,31.3,False,False,True
node/3988010391,18,272.4,31.3,False,True,False
node/4041812652,18,272.4,31.3,True,False,False
node/4041812653,18,272.4,31.3,False,False,True
node/4041812654,18,272.4,31.3,True,False,False
node/4041812885,18,272.4,31.3,True,True,False
node/4041812886,18,272.4,31.3,False,False,True
node/4080244174,18,272.4,31.3,False,False,True
node/4092138538,18,272.4,31.3,False,False,True
node/4092140237,18,272.4,31.3,True,True,False
node/4092140238,18,272.4,31.3,False,False,True
node/4092142657,18,272.4,31.3,False,True,False
node/4092142658,18,272.4,31.3,False,True,False
node/4092143105,18,272.4,31.3,True,False,False
node/4098009012,18,272.4,31.3,False,True,False
node/4112825570,18,272.4,31.3,False,True,False
node/4142388098,18,272.4,31.3,True,False,False
node/4142388099,18,272.4,31.3,True,False,False
node/4142393672,18,272.4,31.3,False,True,False
node/4171387732,18,272.4,31.3,True,False,False
node/4193106133,18,272.4,31.3,False,False,True
node/4193136328,18,272.4,31.3,False,False,True
node/4193136330,18,272.4,31.3,False,False,True
node/4193136331,18,272.4,31.3,False,False,True
node/4193143533,18,272.4,31.3,True,False,False
node/4193161889,18,272.4,31.3,True,False,False
node/4193161890,18,272.4,31.3,True,False,False
node/4193179568,18,272.4,31.3,True,False,False
node/4193188215,18,272.4,31.3,False,True,False
node/4193208464,18,272.4,31.3,True,False,False
node/4193208465,18,272.4,31.3,False,False,True
node/4193215078,18,272.4,31.3,False,False,True
node/4193215079,18,272.4,31.3,False,True,False
node/4193216816,18,272.4,31.3,False,True,False
node/4194146586,18,272.4,31.3,False,False,True
node/4194146587,18,272.4,31.3,False,True,False
node/4194146588,18,272.4,31.3,False,False,True
node/4194150189,18,272.4,31.3,False,True,False
node/4194150190,18,272.4,31.3,False,False,True
node/4194156248,18,272.4,31.3,False,False,True
node/4194156249,18,272.4,31.3,False,True,False
node/4194167377,18,272.4,31.3,True,False,False
node/4194167378,18,272.4,31.3,False,False,True
node/4194172133,18,272.4,31.3,True,True,False
node/4194972032,18,272.4,31.3,False,False,True
node/4194981100,18,272.4,31.3,False,True,False
node/4194998394,18,272.4,31.3,False,True,False
node/4195580734,18,272.4,31.3,False,False,True
node/4195580735,18,272.4,31.3,False,False,True
node/4195580736,18,272.4,31.3,False,False,True
node/4195580737,18,272.4,31.3,False,False,True
node/4195580738,18,272.4,31.3,False,True,False
node/4195587789,18,272.4,31.3,False,False,True
node/4195587790,18,272.4,31.3,True,True,False
node/4210787008,18,272.4,31.3,False,False,True
node/4215676309,18,272.4,31.3,False,False,True
node/4239035808,18,272.4,31.3,False,False,True
node/4239035809,18,272.4,31.3,False,False,True
node/4239035810,18,272.4,31.3,False,True,False
node/4239035811,18,272.4,31.3,True,False,False
node/4242926832,18,272.4,31.3,False,False,True
node/4243522528,18,272.4,31.3,True,True,False
node/4252333548,18,272.4,31.3,False,False,True
node/4252333549,18,272.4,31.3,True,False,False
node/4252333550,18,272.4,31.3,False,False,True
node/4252360817,18,272.4,31.3,False,False,True
node/4252360818,18,272.4,31.3,False,False,True
node/4253445390,18,272.4,31.3,False,False,True
node/4337326010,18,272.4,31.3,True,False,False
node/4337326011,18,272.4,31.3,False,False,True
node/4339591470,18,272.4,31.3,True,False,False
node/4355937750,18,272.4,31.3,True,False,False
node/4362472195,18,272.4,31.3,False,True,False
node/4374347653,18,272.4,31.3,False,True,False
node/4374788663,18,272.4,31.3,False,False,True
node/4386308014,18,272.4,31.3,True,False,False
node/4424654969,18,272.4,31.3,False,False,True
node/4424657665,18,272.4,31.3,True,False,False
node/4424657666,18,272.4,31.3,False,True,False
node/4425378039,18,272.4,31.3,True,False,False
node/4426436695,18,272.4,31.3,True,True,False
node/4426442193,18,272.4,31.3,True,False,False
node/4426482290,18,272.4,31.3,True,False,False
node/4456582562,18,272.4,31.3,True,True,False
node/4456582565,18,272.4,31.3,False,True,False
node/4473561091,18,272.4,31.3,False,False,True
node/4473769189,18,272.4,31.3,False,False,True
node/4487292403,18,272.4,31.3,False,False,True
node/4487343173,18,272.4,31.3,False,True,False
node/4487343174,18,272.4,31.3,False,True,False
node/4487344995,18,272.4,31.3,False,True,False
node/4487344996,18,272.4,31.3,False,True,False
node/4487346505,18,272.4,31.3,False,True,False
node/4487346506,18,272.4,31.3,True,True,False
node/4487347141,18,272.4,31.3,True,True,False
node/4487347142,18,272.4,31.3,False,True,False
node/4487348056,18,272.4,31.3,False,True,False
node/4487348057,18,272.4,31.3,True,True,False
node/4487350518,18,272.4,31.3,False,True,False
node/4487351146,18,272.4,31.3,True,True,False
node/4487353302,18,272.4,31.3,False,False,True
node/4487358726,18,272.4,31.3,False,True,False
node/4487367446,18,272.4,31.3,False,False,True
node/4487419608,18,272.4,31.3,False,False,True
node/4487419769,18,272.4,31.3,False,True,False
node/4487472020,18,272.4,31.3,False,False,True
node/4487478836,18,272.4,31.3,False,True,False
node/4512720078,18,272.4,31.3,False,True,False
node/4524796538,18,272.4,31.3,False,False,True
node/4540215835,18,272.4,31.3,False,False,True
node/4551348007,18,272.4,31.3,False,False,True
node/4553717072,18,272.4,31.3,True,False,False
node/4560348361,18,272.4,31.3,True,True,False
node/4560348362,18,272.4,31.3,True,True,False
node/4560348363,18,272.4,31.3,False,True,False
node/4560348364,18,272.4,31.3,False,True,False
node/4560348365,18,272.4,31.3,False,True,False
node/4560348366,18,272.4,31.3,True,True,False
node/4560348367,18,272.4,31.3,False,False,True
node/4560348368,18,272.4,31.3,False,False,True
node/4568359909,18,272.4,31.3,False,False,True
node/4568362314,18,272.4,31.3,False,False,True
node/4570534699,18,272.4,31.3,True,False,False
node/4608459918,18,272.4,31.3,True,True,False
node/4608531377,18,272.4,31.3,True,False,False
node/4621725801,18,272.4,31.3,False,False,True
node/4654764836,18,272.4,31.3,True,False,False
node/4662947772,18,272.4,31.3,False,True,False
node/4697111064,18,272.4,31.3,False,False,True
node/4843517235,18,272.4,31.3,True,False,False
node/4843517239,18,272.4,31.3,True,False,False
node/4843767716,18,272.4,31.3,True,False,False
node/4863923321,18,272.4,31.3,True,False,False
node/4889206188,18,272.4,31.3,True,False,False
node/4889206189,18,272.4,31.3,False,False,True
node/4889234645,18,272.4,31.3,True,False,False
node/4889234647,18,272.4,31.3,True,True,False
node/4889234648,18,272.4,31.3,False,True,False
node/4889403490,18,272.4,31.3,False,False,True
node/4889403492,18,272.4,31.3,True,True,False
node/4889403494,18,272.4,31.3,True,True,False
node/4889403500,18,272.4,31.3,False,True,False
node/4889473571,18,272.4,31.3,True,False,False
node/4889473572,18,272.4,31.3,True,False,False
node/4889473573,18,272.4,31.3,True,False,False
node/4889473577,18,272.4,31.3,True,False,False
node/4889473581,18,272.4,31.3,True,True,False
node/4889473587,18,272.4,31.3,True,False,False
node/4889473588,18,272.4,31.3,True,True,False
node/4889473589,18,272.4,31.3,True,False,False
node/4889473590,18,272.4,31.3,True,True,False
node/4889473592,18,272.4,31.3,False,True,False
node/4889662234,18,272.4,31.3,True,False,False
node/4889662235,18,272.4,31.3,True,False,False
node/4889662237,18,272.4,31.3,True,False,False
node/4889789447,18,272.4,31.3,True,True,False
node/4889789453,18,272.4,31.3,True,False,False
node/4889789454,18,272.4,31.3,False,False,True
node/4889789455,18,272.4,31.3,True,False,False
node/4889789456,18,272.4,31.3,True,True,False
node/4889789487,18,272.4,31.3,False,False,True
node/4889789488,18,272.4,31.3,False,False,True
node/4889789494,18,272.4,31.3,True,False,False
node/4889789495,18,272.4,31.3,True,False,False
node/4889919233,18,272.4,31.3,False,False,True
node/4889919251,18,272.4,31.3,False,False,True
node/4889919253,18,272.4,31.3,False,True,False
node/4889919298,18,272.4,31.3,True,True,False
node/4889919299,18,272.4,31.3,False,True,False
node/4889919300,18,272.4,31.3,True,True,False
node/4890108670,18,272.4,31.3,False,True,False
node/4890108683,18,272.4,31.3,False,True,False
node/4891272623,18,272.4,31.3,False,True,False
node/4891272633,18,272.4,31.3,False,False,True
node/4891272634,18,272.4,31.3,False,True,False
node/4893995307,18,272.4,31.3,True,False,False
node/4898290186,18,272.4,31.3,True,False,False
node/4898290194,18,272.4,31.3,True,True,False
node/4898290203,18,272.4,31.3,True,True,False
node/4899160641,18,272.4,31.3,False,False,True
node/4899160645,18,272.4,31.3,False,False,True
node/4899160672,18,272.4,31.3,True,True,False
node/4899160693,18,272.4,31.3,True,True,False
node/4903310230,18,272.4,31.3,False,True,False
node/4903310233,18,272.4,31.3,True,True,False
node/4903310235,18,272.4,31.3,True,False,False
node/4903310236,18,272.4,31.3,True,True,False
node/4903310237,18,272.4,31.3,True,True,False
node/4903310239,18,272.4,31.3,True,True,False
node/4903310240,18,272.4,31.3,True,True,False
node/4992102606,18,272.4,31.3,False,True,False
node/5026213522,18,272.4,31.3,False,False,True
node/5064259820,18,272.4,31.3,False,False,True
node/5081364232,18,272.4,31.3,False,False,True
node/5081364233,18,272.4,31.3,False,False,True
node/5081364236,18,272.4,31.3,False,False,True
node/5081364237,18,272.4,31.3,False,False,True
node/5081364239,18,272.4,31.3,False,False,True
node/5081364240,18,272.4,31.3,False,False,True
node/5081364241,18,272.4,31.3,False,False,True
node/5081364242,18,272.4,31.3,False,False,True
node/5081364243,18,272.4,31.3,False,False,True
node/5081364244,18,272.4,31.3,False,False,True
node/5081379378,18,272.4,31.3,False,False,True
node/5081379380,18,272.4,31.3,False,False,True
node/5111433087,18,272.4,31.3,False,True,False
node/5111687993,18,272.4,31.3,False,True,False
node/5216559622,18,272.4,31.3,False,False,True
node/5316455423,18,272.4,31.3,False,False,True
node/5316455424,18,272.4,31.3,False,False,True
node/5316455426,18,272.4,31.3,True,True,False
node/5316455427,18,272.4,31.3,False,True,False
node/5316455428,18,272.4,31.3,False,False,True
node/5316484435,18,272.4,31.3,False,False,True
node/5316484436,18,272.4,31.3,False,False,True
node/5316484437,18,272.4,31.3,False,False,True
node/5316484438,18,272.4,31.3,False,False,True
node/5316484439,18,272.4,31.3,False,False,True
node/5368403844,18,272.4,31.3,False,True,False
node/5368403855,18,272.4,31.3,False,True,False
node/5368438797,18,272.4,31.3,False,True,False
node/5368438799,18,272.4,31.3,False,True,False
node/5403073723,18,272.4,31.3,True,False,False
node/5418905623,18,272.4,31.3,True,True,False
node/5462381426,18,272.4,31.3,False,True,False
node/5527705621,18,272.4,31.3,True,False,False
node/5593411954,18,272.4,31.3,True,False,False
node/5678403949,18,272.4,31.3,False,False,True
node/5743615987,18,272.4,31.3,False,False,True
node/5796551026,18,272.4,31.3,True,False,False
node/5996557765,18,272.4,31.3,True,False,False
node/6004558476,18,272.4,31.3,True,False,False
node/6004558478,18,272.4,31.3,False,False,True
node/6004558480,18,272.4,31.3,True,False,False
node/6004558481,18,272.4,31.3,True,False,False
node/6004558482,18,272.4,31.3,True,False,False
node/6090069009,18,272.4,31.3,True,True,False
node/6296219968,18,272.4,31.3,False,False,True
node/6296219969,18,272.4,31.3,False,False,True
node/6349597364,18,272.4,31.3,False,False,True
node/6351757089,18,272.4,31.3,False,False,True
node/6363762843,18,272.4,31.3,False,True,False
node/6753442263,18,272.4,31.3,False,True,False
node/6812085822,18,272.4,31.3,True,True,False
node/6988405352,18,272.4,31.3,False,False,True
node/6988405353,18,272.4,31.3,False,False,True
node/6988405354,18,272.4,31.3,False,False,True
node/6988405355,18,272.4,31.3,True,False,False
node/6988405357,18,272.4,31.3,True,False,False
node/6988405359,18,272.4,31.3,False,True,False
node/6988568582,18,272.4,31.3,True,False,False
node/6988568583,18,272.4,31.3,False,True,False
node/6988568584,18,272.4,31.3,True,False,False
node/6988569285,18,272.4,31.3,True,False,False
node/6988569286,18,272.4,31.3,True,False,False
node/7117392386,18,272.4,31.3,True,False,False
node/7221409716,18,272.4,31.3,False,False,True
node/7523062100,18,272.4,31.3,False,True,False
node/8138571319,18,272.4,31.3,False,True,False
node/8397306827,18,272.4,31.3,False,True,False
node/8404480139,18,272.4,31.3,True,False,False
node/8404480140,18,272.4,31.3,True,True,False
node/8500711611,18,272.4,31.3,True,True,False
node/8615074676,18,272.4,31.3,True,False,False
node/8712721886,18,272.4,31.3,False,False,True
node/8712721888,18,272.4,31.3,False,False,True
node/8712721890,18,272.4,31.3,False,False,True
node/8712721892,18,272.4,31.3,False,False,True
node/8712721894,18,272.4,31.3,False,False,True
node/8712721901,18,272.4,31.3,False,False,True
node/8718907948,18,272.4,31.3,False,True,False
node/8718907950,18,272.4,31.3,False,True,False
node/8754224147,18,272.4,31.3,False,False,True
node/8754224150,18,272.4,31.3,False,False,True
node/9021294461,18,272.4,31.3,True,False,False
node/9022370340,18,272.4,31.3,False,False,True
node/9022370341,18,272.4,31.3,False,False,True
node/9031432377,18,272.4,31.3,False,True,False
node/9248045252,18,272.4,31.3,True,True,False
node/9248045256,18,272.4,31.3,False,False,True
node/9250830301,18,272.4,31.3,False,False,True
node/9250830304,18,272.4,31.3,False,False,True
node/9296818002,18,272.4,31.3,True,False,False
node/9353402328,18,272.4,31.3,True,True,False
node/9424085228,18,272.4,31.3,True,False,False
node/9424085231,18,272.4,31.3,False,True,False
node/9424085236,18,272.4,31.3,True,False,False
node/9424085238,18,272.4,31.3,False,False,True
node/9424085240,18,272.4,31.3,False,False,True
node/9424085242,18,272.4,31.3,True,True,False
node/9426374619,18,272.4,31.3,False,False,True
node/9426374621,18,272.4,31.3,True,False,False
node/9426374626,18,272.4,31.3,True,True,False
node/9426374629,18,272.4,31.3,False,False,True
node/9436677648,18,272.4,31.3,False,False,True
node/9436677650,18,272.4,31.3,False,False,True
node/9436677652,18,272.4,31.3,False,False,True
node/9436677658,18,272.4,31.3,False,False,True
node/9436677660,18,272.4,31.3,False,False,True
node/9436677664,18,272.4,31.3,False,False,True
node/9436677666,18,272.4,31.3,True,False,False
node/9436677668,18,272.4,31.3,True,False,False
node/9436677673,18,272.4,31.3,False,False,True
node/9436677675,18,272.4,31.3,False,True,False
node/9455340734,18,272.4,31.3,True,True,False
node/9455340735,18,272.4,31.3,True,True,False
node/9455340736,18,272.4,31.3,True,False,False
node/9455340737,18,272.4,31.3,False,True,False
node/9457632139,18,272.4,31.3,True,True,False
node/9458578380,18,272.4,31.3,True,True,False
node/9471105464,18,272.4,31.3,True,True,False
node/9471105465,18,272.4,31.3,False,True,False
node/9471270836,18,272.4,31.3,True,True,False
node/9471611824,18,272.4,31.3,True,True,False
node/9471611825,18,272.4,31.3,False,True,False
node/9471611827,18,272.4,31.3,True,True,False
node/9471611828,18,272.4,31.3,True,True,False
node/9471611829,18,272.4,31.3,False,True,False
node/9471611830,18,272.4,31.3,False,True,False
node/9471840470,18,272.4,31.3,False,True,False
node/9471840471,18,272.4,31.3,False,False,True
node/9471915759,18,272.4,31.3,False,True,False
node/9471915760,18,272.4,31.3,True,False,False
node/9471915761,18,272.4,31.3,False,True,False
node/9471915763,18,272.4,31.3,False,True,False
node/9471915764,18,272.4,31.3,False,True,False
node/9472043398,18,272.4,31.3,True,True,False
node/9474161479,18,272.4,31.3,False,False,True
node/9474161480,18,272.4,31.3,False,True,False
node/9474161481,18,272.4,31.3,False,True,False
node/9474161482,18,272.4,31.3,False,True,False
node/9474161483,18,272.4,31.3,False,True,False
node/9474161484,18,272.4,31.3,False,True,False
node/9474161485,18,272.4,31.3,False,True,False
node/9474161486,18,272.4,31.3,True,True,False
node/9474161487,18,272.4,31.3,True,True,False
node/9474161488,18,272.4,31.3,False,True,False
node/9474161489,18,272.4,31.3,True,True,False
node/9474161490,18,272.4,31.3,False,True,False
node/9474161491,18,272.4,31.3,True,False,False
node/9474255789,18,272.4,31.3,False,True,False
node/9483807053,18,272.4,31.3,False,False,True
node/9486912224,18,272.4,31.3,False,True,False
node/9486912225,18,272.4,31.3,False,True,False
node/9486912226,18,272.4,31.3,False,True,False
node/9487060567,18,272.4,31.3,False,False,True
node/9487060568,18,272.4,31.3,True,True,False
node/9487060569,18,272.4,31.3,True,True,False
node/9487060570,18,272.4,31.3,False,True,False
node/9487060571,18,272.4,31.3,False,True,False
node/9487060572,18,272.4,31.3,False,True,False
node/9487060573,18,272.4,31.3,True,False,False
node/9487060574,18,272.4,31.3,False,True,False
node/9487060575,18,272.4,31.3,False,True,False
node/9487060576,18,272.4,31.3,False,True,False
node/9489106792,18,272.4,31.3,False,False,True
node/9489394997,18,272.4,31.3,False,False,True
node/9489394998,18,272.4,31.3,False,True,False
node/9489394999,18,272.4,31.3,False,True,False
node/9489395000,18,272.4,31.3,False,True,False
node/9489395001,18,272.4,31.3,False,True,False
node/9489395002,18,272.4,31.3,False,True,False
node/9489395005,18,272.4,31.3,False,True,False
node/9489395007,18,272.4,31.3,False,True,False
node/9489395008,18,272.4,31.3,False,True,False
node/9489395009,18,272.4,31.3,False,True,False
node/9489395010,18,272.4,31.3,False,True,False
node/9489395011,18,272.4,31.3,False,True,False
node/9489395013,18,272.4,31.3,False,True,False
node/9489395014,18,272.4,31.3,True,False,False
node/9489395015,18,272.4,31.3,True,False,False
node/9489395016,18,272.4,31.3,False,True,False
node/9490704152,18,272.4,31.3,False,False,True
node/9491868997,18,272.4,31.3,False,True,False
node/9497948304,18,272.4,31.3,True,False,False
node/9498129791,18,272.4,31.3,False,False,True
node/9498129793,18,272.4,31.3,False,True,False
node/9525581152,18,272.4,31.3,False,True,False
node/9525601821,18,272.4,31.3,False,True,False
node/9525670315,18,272.4,31.3,False,False,True
node/9545043130,18,272.4,31.3,False,True,False
node/9545067603,18,272.4,31.3,False,True,False
node/9565757000,18,272.4,31.3,False,False,True
node/9611795082,18,272.4,31.3,False,False,True
node/9626862549,18,272.4,31.3,True,True,False
node/9626869393,18,272.4,31.3,True,True,False
node/9626869394,18,272.4,31.3,True,False,False
node/9626869395,18,272.4,31.3,True,True,False
node/9626930589,18,272.4,31.3,True,True,False
node/9626942260,18,272.4,31.3,True,True,False
node/9626942263,18,272.4,31.3,True,True,False
node/9628627535,18,272.4,31.3,True,False,False
node/9628627536,18,272.4,31.3,True,True,False
node/9628627537,18,272.4,31.3,True,True,False
node/9628627538,18,272.4,31.3,True,True,False
node/9649426472,18,272.4,31.3,True,True,False
node/9649426473,18,272.4,31.3,True,True,False
node/9649426474,18,272.4,31.3,True,True,False
node/9649426475,18,272.4,31.3,True,False,False
node/9649543534,18,272.4,31.3,False,True,False
node/9649543535,18,272.4,31.3,False,True,False
node/9649543536,18,272.4,31.3,True,True,False
node/9649543537,18,272.4,31.3,True,False,False
node/9649543538,18,272.4,31.3,True,False,False
node/9649543539,18,272.4,31.3,True,False,False
node/9649543540,18,272.4,31.3,True,False,False
node/9649543541,18,272.4,31.3,False,False,True
node/9657605909,18,272.4,31.3,False,False,True
node/9738415468,18,272.4,31.3,False,True,False
node/9783507189,18,272.4,31.3,False,False,True
node/9850072032,18,272.4,31.3,True,False,False
node/9888166829,18,272.4,31.3,False,False,True
node/9895185440,18,272.4,31.3,False,True,False
node/9895316684,18,272.4,31.3,True,False,False
node/9901788302,18,272.4,31.3,False,False,True
node/9975298517,18,272.4,31.3,False,False,True
node/9975325597,18,272.4,31.3,False,False,True
node/9975993052,18,272.4,31.3,False,False,True
node/9979439490,18,272.4,31.3,False,False,True
node/9979453966,18,272.4,31.3,False,False,True
node/9979453968,18,272.4,31.3,False,False,True
node/9979889993,18,272.4,31.3,True,False,False
node/9985667275,18,272.4,31.3,False,True,False
node/9986170316,18,272.4,31.3,True,False,False
node/9986175704,18,272.4,31.3,True,False,False
node/9994996600,18,272.4,31.3,True,False,False
node/9995010587,18,272.4,31.3,True,False,False
node/9995012057,18,272.4,31.3,False,False,True
node/10004309776,18,272.4,31.3,True,False,False
node/10004319991,18,272.4,31.3,False,False,True
node/10006171601,18,272.4,31.3,True,True,False
node/10006173918,18,272.4,31.3,True,False,False
node/10006207182,18,272.4,31.3,False,True,False
node/10006452198,18,272.4,31.3,False,False,True
node/10008868525,18,272.4,31.3,True,False,False
node/10008868528,18,272.4,31.3,True,False,False
node/10008889273,18,272.4,31.3,True,False,False
node/10009011030,18,272.4,31.3,True,False,False
node/10009064543,18,272.4,31.3,False,False,True
node/10044383302,18,272.4,31.3,True,False,False
node/10056597632,18,272.4,31.3,False,False,True
node/10103394740,18,272.4,31.3,True,False,False
node/10103394741,18,272.4,31.3,True,False,False
node/10103394742,18,272.4,31.3,True,True,False
node/10175760858,18,272.4,31.3,True,False,False
node/10175900841,18,272.4,31.3,True,False,False
node/10189375756,18,272.4,31.3,False,False,True
node/10199274347,18,272.4,31.3,True,False,False
node/10199887329,18,272.4,31.3,False,True,False
node/10199887330,18,272.4,31.3,False,True,False
node/10204153342,18,272.4,31.3,False,True,False
node/10204153343,18,272.4,31.3,False,True,False
node/10204153345,18,272.4,31.3,False,True,False
node/10207442018,18,272.4,31.3,True,False,False
node/10207442023,18,272.4,31.3,True,False,False
node/10207587794,18,272.4,31.3,False,True,False
node/10207587797,18,272.4,31.3,False,True,False
node/10207587798,18,272.4,31.3,False,False,True
node/10207587803,18,272.4,31.3,False,True,False
node/10207587805,18,272.4,31.3,False,False,True
node/10207587807,18,272.4,31.3,False,False,True
node/10207587809,18,272.4,31.3,False,False,True
node/10207587811,18,272.4,31.3,False,False,True
node/10212096588,18,272.4,31.3,False,False,True
node/10212096590,18,272.4,31.3,True,False,False
node/10212096594,18,272.4,31.3,False,False,True
node/10214454559,18,272.4,31.3,False,False,True
node/10214557894,18,272.4,31.3,False,False,True
node/10214557897,18,272.4,31.3,False,True,False
node/10220186990,18,272.4,31.3,False,True,False
node/10221647123,18,272.4,31.3,False,True,False
node/10221706211,18,272.4,31.3,True,True,False
node/10233145912,18,272.4,31.3,False,True,False
node/10233145916,18,272.4,31.3,False,False,True
node/10233193117,18,272.4,31.3,True,False,False
node/10233193118,18,272.4,31.3,True,False,False
node/10233193119,18,272.4,31.3,False,False,True
node/10246496584,18,272.4,31.3,True,True,False
node/10259286009,18,272.4,31.3,False,False,True
node/10262640853,18,272.4,31.3,False,True,False
node/10267146386,18,272.4,31.3,True,False,False
node/10294911755,18,272.4,31.3,False,False,True
node/10297955289,18,272.4,31.3,True,True,False
node/10298363397,18,272.4,31.3,False,True,False
node/10298363398,18,272.4,31.3,False,True,False
node/10300849766,18,272.4,31.3,True,False,False
node/10302138467,18,272.4,31.3,True,False,False
node/10302140400,18,272.4,31.3,True,True,False
node/10313084094,18,272.4,31.3,True,False,False
node/10550642607,18,272.4,31.3,False,False,True
node/10550695909,18,272.4,31.3,False,False,True
node/10570800426,18,272.4,31.3,False,True,False
node/10572781594,18,272.4,31.3,True,False,False
node/10572819518,18,272.4,31.3,False,False,True
node/10582303877,18,272.4,31.3,False,False,True
node/10582303878,18,272.4,31.3,False,True,False
node/10582303879,18,272.4,31.3,False,False,True
node/10582303880,18,272.4,31.3,False,True,False
node/10582303881,18,272.4,31.3,False,True,False
node/10582303882,18,272.4,31.3,True,True,False
node/10582303883,18,272.4,31.3,False,True,False
node/10587112992,18,272.4,31.3,False,True,False
node/10587112993,18,272.4,31.3,False,True,False
node/10587112994,18,272.4,31.3,False,False,True
node/10589033362,18,272.4,31.3,False,True,False
node/10589033363,18,272.4,31.3,False,True,False
node/10589033364,18,272.4,31.3,False,True,False
node/10589033365,18,272.4,31.3,False,True,False
node/10589132886,18,272.4,31.3,False,False,True
node/10589132887,18,272.4,31.3,False,False,True
node/10589132888,18,272.4,31.3,False,False,True
node/10594645101,18,272.4,31.3,True,True,False
node/10594645102,18,272.4,31.3,True,True,False
node/10596848258,18,272.4,31.3,True,True,False
node/10596848259,18,272.4,31.3,False,True,False
node/10598917409,18,272.4,31.3,False,True,False
node/10601614184,18,272.4,31.3,False,False,True
node/10601614187,18,272.4,31.3,True,False,False
node/10601614188,18,272.4,31.3,True,True,False
node/10601614189,18,272.4,31.3,True,False,False
node/10601614190,18,272.4,31.3,False,False,True
node/10601614191,18,272.4,31.3,True,True,False
node/10601614192,18,272.4,31.3,True,False,False
node/10601614193,18,272.4,31.3,False,False,True
node/10601655681,18,272.4,31.3,True,True,False
node/10644975558,18,272.4,31.3,True,True,False
node/10644975559,18,272.4,31.3,True,True,False
node/10644975560,18,272.4,31.3,False,True,False
node/10644975562,18,272.4,31.3,False,True,False
node/10646561671,18,272.4,31.3,True,False,False
node/10646561672,18,272.4,31.3,True,True,False
node/10652163790,18,272.4,31.3,False,True,False
node/10652163791,18,272.4,31.3,False,False,True
node/10652163792,18,272.4,31.3,True,True,False
node/10669969858,18,272.4,31.3,True,False,False
node/10681358588,18,272.4,31.3,True,True,False
node/10686312725,18,272.4,31.3,True,False,False
node/10686367822,18,272.4,31.3,False,False,True
node/10695062076,18,272.4,31.3,True,False,False
node/10695066052,18,272.4,31.3,False,False,True
node/10700086556,18,272.4,31.3,True,False,False
node/10707344667,18,272.4,31.3,True,False,False
node/10707454078,18,272.4,31.3,False,False,True
node/10716585952,18,272.4,31.3,False,False,True
node/10719056688,18,272.4,31.3,False,False,True
node/10735512681,18,272.4,31.3,False,True,False
node/10737009427,18,272.4,31.3,False,False,True
node/10737066739,18,272.4,31.3,False,False,True
node/10737067372,18,272.4,31.3,False,False,True
node/10737088551,18,272.4,31.3,False,False,True
node/10737241564,18,272.4,31.3,False,False,True
node/10737334789,18,272.4,31.3,False,False,True
node/10745394912,18,272.4,31.3,False,True,False
node/10745394915,18,272.4,31.3,False,True,False
node/10745477593,18,272.4,31.3,True,True,False
node/10746364332,18,272.4,31.3,False,True,False
node/10748907091,18,272.4,31.3,True,True,False
node/10750421773,18,272.4,31.3,False,False,True
node/10750447195,18,272.4,31.3,False,False,True
node/10750477450,18,272.4,31.3,False,False,True
node/10750548873,18,272.4,31.3,False,False,True
node/10750780153,18,272.4,31.3,True,False,False
node/10755995859,18,272.4,31.3,True,True,False
node/10771358655,18,272.4,31.3,False,False,True
node/10776067841,18,272.4,31.3,False,False,True
node/10776067844,18,272.4,31.3,False,False,True
node/10778025660,18,272.4,31.3,False,False,True
node/10778202585,18,272.4,31.3,False,False,True
node/10778202587,18,272.4,31.3,False,False,True
node/10778270047,18,272.4,31.3,False,False,True
node/10778270050,18,272.4,31.3,False,False,True
node/10778270052,18,272.4,31.3,True,False,False
node/10779337539,18,272.4,31.3,False,False,True
node/10788398292,18,272.4,31.3,False,True,False
node/10794950621,18,272.4,31.3,False,True,False
node/10798943982,18,272.4,31.3,False,False,True
node/10822353650,18,272.4,31.3,False,False,True
node/10822353652,18,272.4,31.3,True,False,False
node/10824717317,18,272.4,31.3,False,False,True
node/10824717320,18,272.4,31.3,True,False,False
node/10837089318,18,272.4,31.3,True,False,False
node/10857691408,18,272.4,31.3,False,False,True
node/10860641329,18,272.4,31.3,False,False,True
node/10860641334,18,272.4,31.3,False,True,False
node/10865419978,18,272.4,31.3,True,False,False
node/10873797461,18,272.4,31.3,False,True,False
node/10891354579,18,272.4,31.3,True,False,False
node/10891354591,18,272.4,31.3,True,False,False
node/10899634896,18,272.4,31.3,False,False,True
node/10919471213,18,272.4,31.3,False,False,True
node/10919471215,18,272.4,31.3,True,False,False
node/10926618869,18,272.4,31.3,False,True,False
node/10942429363,18,272.4,31.3,False,True,False
node/10942429365,18,272.4,31.3,False,True,False
node/10949109054,18,272.4,31.3,False,True,False
node/10961887135,18,272.4,31.3,True,False,False
node/10971486940,18,272.4,31.3,False,True,False
node/10977261284,18,272.4,31.3,False,True,False
node/10981051285,18,272.4,31.3,False,False,True
node/10981051304,18,272.4,31.3,False,False,True
node/10989741468,18,272.4,31.3,False,False,True
node/10995041777,18,272.4,31.3,True,False,False
node/10995041779,18,272.4,31.3,False,False,True
node/10995041788,18,272.4,31.3,False,False,True
node/10995041791,18,272.4,31.3,True,False,False
node/10995041793,18,272.4,31.3,False,True,False
node/11001907246,18,272.4,31.3,True,False,False
node/11001907253,18,272.4,31.3,True,True,False
node/11003348984,18,272.4,31.3,True,True,False
node/11007907456,18,272.4,31.3,False,False,True
node/11007907458,18,272.4,31.3,False,False,True
node/11007907459,18,272.4,31.3,False,True,False
node/11007907462,18,272.4,31.3,False,False,True
node/11007907464,18,272.4,31.3,False,False,True
node/11016695336,18,272.4,31.3,True,False,False
node/11037609725,18,272.4,31.3,False,False,True
node/11097291306,18,272.4,31.3,False,False,True
node/11097291905,18,272.4,31.3,False,False,True
node/11136559005,18,272.4,31.3,True,False,False
node/11149491868,18,272.4,31.3,False,True,False
node/11150977085,18,272.4,31.3,False,True,False
node/11193187175,18,272.4,31.3,False,True,False
node/11193187179,18,272.4,31.3,False,False,True
node/11193187186,18,272.4,31.3,False,False,True
node/11193187188,18,272.4,31.3,False,True,False
node/11193751093,18,272.4,31.3,False,False,True
node/11193751102,18,272.4,31.3,False,True,False
node/11197446155,18,272.4,31.3,False,False,True
node/11203052910,18,272.4,31.3,False,False,True
node/11210550551,18,272.4,31.3,True,True,False
node/11210550553,18,272.4,31.3,False,True,False
node/11212456302,18,272.4,31.3,False,True,False
node/11212456304,18,272.4,31.3,False,False,True
node/11212456308,18,272.4,31.3,False,False,True
node/11215559275,18,272.4,31.3,False,False,True
node/11220604093,18,272.4,31.3,False,False,True
node/11222480993,18,272.4,31.3,False,True,False
node/11222848438,18,272.4,31.3,False,False,True
node/11233627569,18,272.4,31.3,True,False,False
node/11235388391,18,272.4,31.3,False,True,False
node/11235405379,18,272.4,31.3,False,True,False
node/11235408065,18,272.4,31.3,False,True,False
node/11235412827,18,272.4,31.3,False,True,False
node/11235430799,18,272.4,31.3,False,True,False
node/11235430874,18,272.4,31.3,False,False,True
node/11236573939,18,272.4,31.3,True,False,False
node/11238499756,18,272.4,31.3,False,False,True
node/11238499757,18,272.4,31.3,True,False,False
node/11244138190,18,272.4,31.3,False,True,False
node/11248475435,18,272.4,31.3,False,True,False
node/11274012885,18,272.4,31.3,False,False,True
node/11281776284,18,272.4,31.3,False,False,True
node/11283160956,18,272.4,31.3,False,False,True
node/11283184445,18,272.4,31.3,False,False,True
node/11283889164,18,272.4,31.3,False,False,True
node/11283910670,18,272.4,31.3,False,True,False
node/11283956785,18,272.4,31.3,False,True,False
node/11286211754,18,272.4,31.3,False,True,False
node/11286558768,18,272.4,31.3,False,False,True
node/11286572070,18,272.4,31.3,False,False,True
node/11286572071,18,272.4,31.3,True,False,False
node/11286572074,18,272.4,31.3,False,True,False
node/11286572077,18,272.4,31.3,False,True,False
node/11286751086,18,272.4,31.3,False,False,True
node/11286751090,18,272.4,31.3,False,False,True
node/11286751091,18,272.4,31.3,False,False,True
node/11286751094,18,272.4,31.3,False,False,True
node/11289186733,18,272.4,31.3,True,False,False
node/11290916361,18,272.4,31.3,False,False,True
node/11293706011,18,272.4,31.3,True,False,False
node/11293706013,18,272.4,31.3,False,False,True
node/11293706015,18,272.4,31.3,False,False,True
node/11293706017,18,272.4,31.3,False,False,True
node/11293706019,18,272.4,31.3,False,False,True
node/11293706022,18,272.4,31.3,False,False,True
node/11297604116,18,272.4,31.3,False,False,True
node/11297604125,18,272.4,31.3,False,False,True
node/11299621037,18,272.4,31.3,False,False,True
node/11299621038,18,272.4,31.3,True,False,False
node/11299621041,18,272.4,31.3,False,False,True
node/11299621042,18,272.4,31.3,False,False,True
node/11299621045,18,272.4,31.3,False,False,True
node/11299621046,18,272.4,31.3,False,False,True
node/11300078683,18,272.4,31.3,False,True,False
node/11300078685,18,272.4,31.3,False,True,False
node/11300078687,18,272.4,31.3,True,False,False
node/11300078690,18,272.4,31.3,False,False,True
node/11300078692,18,272.4,31.3,False,False,True
node/11300078700,18,272.4,31.3,True,False,False
node/11302894301,18,272.4,31.3,False,False,True
node/11302894305,18,272.4,31.3,False,True,False
node/11302894308,18,272.4,31.3,False,False,True
node/11305046919,18,272.4,31.3,False,False,True
node/11305046922,18,272.4,31.3,False,False,True
node/11307860004,18,272.4,31.3,False,True,False
node/11307860007,18,272.4,31.3,False,True,False
node/11309345425,18,272.4,31.3,True,False,False
node/11309345427,18,272.4,31.3,False,False,True
node/11309345430,18,272.4,31.3,False,False,True
node/11309793360,18,272.4,31.3,False,False,True
node/11309793362,18,272.4,31.3,False,False,True
node/11309895064,18,272.4,31.3,True,False,False
node/11314917558,18,272.4,31.3,False,False,True
node/11323343363,18,272.4,31.3,False,False,True
node/11323343365,18,272.4,31.3,False,False,True
node/11328986976,18,272.4,31.3,True,True,False
node/11328986977,18,272.4,31.3,False,False,True
node/11329310178,18,272.4,31.3,True,False,False
node/11329310180,18,272.4,31.3,False,False,True
node/11329310182,18,272.4,31.3,False,False,True
node/11329310184,18,272.4,31.3,False,True,False
node/11330897293,18,272.4,31.3,True,False,False
node/11331078189,18,272.4,31.3,True,False,False
node/11331221297,18,272.4,31.3,False,False,True
node/11331221302,18,272.4,31.3,False,True,False
node/11333439775,18,272.4,31.3,False,False,True
node/11333439779,18,272.4,31.3,True,False,False
node/11338249480,18,272.4,31.3,False,False,True
node/11341444243,18,272.4,31.3,True,False,False
node/11343157437,18,272.4,31.3,True,False,False
node/11343157441,18,272.4,31.3,True,True,False
node/11346416968,18,272.4,31.3,False,True,False
node/11346523975,18,272.4,31.3,False,True,False
node/11351141167,18,272.4,31.3,False,False,True
node/11360278411,18,272.4,31.3,False,False,True
node/11363940916,18,272.4,31.3,False,False,True
node/11368105980,18,272.4,31.3,True,False,False
node/11368588671,18,272.4,31.3,True,False,False
node/11375700083,18,272.4,31.3,True,False,False
node/11381441089,18,272.4,31.3,True,False,False
node/11394201826,18,272.4,31.3,False,False,True
node/11394201828,18,272.4,31.3,False,False,True
node/11394201830,18,272.4,31.3,False,False,True
node/11394201832,18,272.4,31.3,True,False,False
node/11394201834,18,272.4,31.3,False,False,True
node/11394506647,18,272.4,31.3,False,False,True
node/11396119821,18,272.4,31.3,False,False,True
node/11409602394,18,272.4,31.3,False,True,False
node/11409602397,18,272.4,31.3,False,True,False
node/11409602398,18,272.4,31.3,False,True,False
node/11449233173,18,272.4,31.3,False,False,True
node/11479066355,18,272.4,31.3,False,True,False
node/11486928221,18,272.4,31.3,False,False,True
node/11671805825,18,272.4,31.3,True,True,False
node/11910143361,18,272.4,31.3,False,False,True
node/12119676991,18,272.4,31.3,True,False,False
node/12172779822,18,272.4,31.3,False,False,True
node/12172781205,18,272.4,31.3,False,False,True
node/12190210046,18,272.4,31.3,False,False,True
node/12192793806,18,272.4,31.3,True,False,False
node/12199115379,18,272.4,31.3,True,False,False
node/12282173654,18,272.4,31.3,False,True,False
node/12288248548,18,272.4,31.3,False,True,False
node/12293672165,18,272.4,31.3,False,True,False
node/12294106887,18,272.4,31.3,False,True,False
node/12294241027,18,272.4,31.3,True,True,False
node/12348483124,18,272.4,31.3,False,False,True
node/12348483127,18,272.4,31.3,True,False,False
node/12367986198,18,272.4,31.3,False,False,True
node/12367986200,18,272.4,31.3,False,False,True
node/12371264418,18,272.4,31.3,True,False,False
node/12371264420,18,272.4,31.3,True,False,False
node/12371264422,18,272.4,31.3,True,True,False
node/12371264424,18,272.4,31.3,True,True,False
node/12371264426,18,272.4,31.3,True,True,False
node/12371264428,18,272.4,31.3,True,False,False
node/12384729380,18,272.4,31.3,False,False,True
node/12384729382,18,272.4,31.3,False,False,True
node/12384973717,18,272.4,31.3,False,False,True
node/12384973719,18,272.4,31.3,False,True,False
node/12384973720,18,272.4,31.3,False,False,True
node/12384973723,18,272.4,31.3,True,False,False
node/12384973725,18,272.4,31.3,True,True,False
node/12384973726,18,272.4,31.3,False,True,False
node/12384973729,18,272.4,31.3,False,True,False
node/12388466673,18,272.4,31.3,False,False,True
node/12416572526,18,272.4,31.3,False,False,True
node/12453116220,18,272.4,31.3,False,False,True
node/12453144002,18,272.4,31.3,False,True,False
node/12527905018,18,272.4,31.3,False,False,True
node/12529678839,18,272.4,31.3,False,False,True
node/12531539666,18,272.4,31.3,False,True,False
node/12616221007,18,272.4,31.3,True,False,False
node/12616221009,18,272.4,31.3,False,True,False
node/12620653917,18,272.4,31.3,False,False,True
node/12623557021,18,272.4,31.3,False,False,True
node/12625947814,18,272.4,31.3,False,False,True
node/12625947816,18,272.4,31.3,False,False,True
node/12633396728,18,272.4,31.3,False,False,True
node/12760074395,18,272.4,31.3,False,False,True
node/12760074400,18,272.4,31.3,False,False,True
node/12760085602,18,272.4,31.3,False,False,True
node/12898594759,18,272.4,31.3,True,False,False
node/12949650911,18,272.4,31.3,True,False,False
node/12961190801,18,272.4,31.3,True,False,False
node/12961190802,18,272.4,31.3,True,False,False
node/12961249305,18,272.4,31.3,True,False,False
node/13335422720,18,272.4,31.3,False,False,True
node/13335422721,18,272.4,31.3,False,False,True
node/13338205713,18,272.4,31.3,False,True,False
node/13338205726,18,272.4,31.3,False,True,False
node/13358645044,18,272.4,31.3,False,False,True
node/13390489892,18,272.4,31.3,True,False,False
node/13462282699,18,272.4,31.3,True,False,False
node/13462423720,18,272.4,31.3,True,False,False
node/13463687345,18,272.4,31.3,True,True,False
node/13463687346,18,272.4,31.3,False,True,False
node/13463687349,18,272.4,31.3,True,True,False
node/13463687352,18,272.4,31.3,False,True,False
node/13474226814,18,272.4,31.3,True,True,False
node/13474226815,18,272.4,31.3,True,False,False
node/13523874202,18,272.4,31.3,True,False,False
node/13566135712,18,272.4,31.3,True,False,False
node/13570114678,18,272.4,31.3,False,True,False
node/13585814422,18,272.4,31.3,True,False,False
node/13585814424,18,272.4,31.3,False,False,True
node/13585814425,18,272.4,31.3,True,False,False
node/13607465023,18,272.4,31.3,False,True,False
node/13645258115,18,272.4,31.3,True,False,False
node/13651994145,18,272.4,31.3,False,True,False
node/13655204277,18,272.4,31.3,False,True,False
node/13725165459,18,272.4,31.3,False,False,True
node/13786920938,18,272.4,31.3,False,False,True
node/13786920939,18,272.4,31.3,False,False,True
node/13787007025,18,272.4,31.3,True,True,False
node/13794370691,18,272.4,31.3,False,False,True
node/13795016030,18,272.4,31.3,False,True,False
node/13795300298,18,272.4,31.3,False,False,True
node/13795390647,18,272.4,31.3,True,False,False
node/13795390648,18,272.4,31.3,False,False,True
node/13798463596,18,272.4,31.3,True,False,False
node/13798524124,18,272.4,31.3,False,True,False
node/13798576354,18,272.4,31.3,True,False,False
node/13828018057,18,272.4,31.3,True,False,False
node/13867225722,18,272.4,31.3,False,False,True
node/13911832401,18,272.4,31.3,False,False,True
node/14029009015,18,272.4,31.3,False,False,True
